Timestamp,Arquivo_Origem,ID_Agente,Fenotipo,Estado_Cognitivo,Friccao_Brandolini,Acao_Executada
"2026-03-28 18:29:42,207",R1 - 2026 03 28 18 29 42 207.txt,being0,TABULA_RASA,,,
"2026-03-28 18:30:14,436",R1 - 2026 03 28 18 29 42 207.txt,being1,TABULA_RASA,,,
"2026-03-28 18:30:53,542",R1 - 2026 03 28 18 29 42 207.txt,being2,TABULA_RASA,,,
"2026-03-28 18:31:25,784",R1 - 2026 03 28 18 29 42 207.txt,being3,TABULA_RASA,,,
"2026-03-28 18:31:57,028",R1 - 2026 03 28 18 29 42 207.txt,being4,TABULA_RASA,,,
"2026-03-28 18:38:25,369",R1 - 2026 03 28 18 29 42 207.txt,being1,TABULA_RASA,,,
"2026-03-28 18:39:05,276",R1 - 2026 03 28 18 29 42 207.txt,being0,TABULA_RASA,,,
"2026-03-28 18:39:33,664",R1 - 2026 03 28 18 29 42 207.txt,being2,TABULA_RASA,,,
"2026-03-28 18:40:02,933",R1 - 2026 03 28 18 29 42 207.txt,being3,TABULA_RASA,,,
"2026-03-28 18:40:44,727",R1 - 2026 03 28 18 29 42 207.txt,being4,TABULA_RASA,,,
"2026-03-28 18:41:23,408",R1 - 2026 03 28 18 29 42 207.txt,being5,TABULA_RASA,,,
"2026-03-28 18:41:45,281",R1 - 2026 03 28 18 29 42 207.txt,being6,TABULA_RASA,,,
"2026-03-28 18:42:12,180",R1 - 2026 03 28 18 29 42 207.txt,being7,TABULA_RASA,,,
"2026-03-28 18:42:39,380",R1 - 2026 03 28 18 29 42 207.txt,being8,TABULA_RASA,,,
"2026-03-28 18:43:02,348",R1 - 2026 03 28 18 29 42 207.txt,being9,TABULA_RASA,,,
"2026-03-28 18:43:34,656",R1 - 2026 03 28 18 29 42 207.txt,being10,TABULA_RASA,FALHA DE FORMATAÇÃO DA IA (Verificar txt original),-,-
"2026-03-28 18:44:05,291",R1 - 2026 03 28 18 29 42 207.txt,being11,TABULA_RASA,FALHA DE FORMATAÇÃO DA IA (Verificar txt original),-,-
"2026-03-28 18:44:39,439",R1 - 2026 03 28 18 29 42 207.txt,being12,TABULA_RASA,,,
"2026-03-28 18:45:10,092",R1 - 2026 03 28 18 29 42 207.txt,being13,TABULA_RASA,,,
"2026-03-28 18:45:34,968",R1 - 2026 03 28 18 29 42 207.txt,being14,TABULA_RASA,,,
"2026-03-28 18:46:12,721",R1 - 2026 03 28 18 29 42 207.txt,being15,TABULA_RASA,,,
"2026-03-28 18:46:41,912",R1 - 2026 03 28 18 29 42 207.txt,being16,TABULA_RASA,FALHA DE FORMATAÇÃO DA IA (Verificar txt original),-,-
"2026-03-28 18:47:14,552",R1 - 2026 03 28 18 29 42 207.txt,being17,TABULA_RASA,,,
"2026-03-28 18:47:44,643",R1 - 2026 03 28 18 29 42 207.txt,being18,TABULA_RASA,,,
"2026-03-28 18:48:19,977",R1 - 2026 03 28 18 29 42 207.txt,being19,TABULA_RASA,,,
"2026-03-28 18:48:45,045",R1 - 2026 03 28 18 29 42 207.txt,being1,TABULA_RASA,FALHA DE FORMATAÇÃO DA IA (Verificar txt original),-,-
"2026-03-28 18:49:13,349",R1 - 2026 03 28 18 29 42 207.txt,being0,TABULA_RASA,,,
"2026-03-28 18:49:48,275",R1 - 2026 03 28 18 29 42 207.txt,being2,TABULA_RASA,,,
"2026-03-28 18:50:15,732",R1 - 2026 03 28 18 29 42 207.txt,being3,TABULA_RASA,,,
"2026-03-28 18:50:50,612",R1 - 2026 03 28 18 29 42 207.txt,being4,TABULA_RASA,,,
"2026-03-28 18:51:19,414",R1 - 2026 03 28 18 29 42 207.txt,being5,TABULA_RASA,FALHA DE FORMATAÇÃO DA IA (Verificar txt original),-,-
"2026-03-28 18:51:46,940",R1 - 2026 03 28 18 29 42 207.txt,being6,TABULA_RASA,,,
"2026-03-28 18:52:16,834",R1 - 2026 03 28 18 29 42 207.txt,being7,TABULA_RASA,,,
"2026-03-28 18:52:39,831",R1 - 2026 03 28 18 29 42 207.txt,being8,TABULA_RASA,,,
"2026-03-28 18:53:01,865",R1 - 2026 03 28 18 29 42 207.txt,being9,TABULA_RASA,,,
"2026-03-28 18:53:31,250",R1 - 2026 03 28 18 29 42 207.txt,being10,TABULA_RASA,,,
"2026-03-28 18:53:56,146",R1 - 2026 03 28 18 29 42 207.txt,being11,TABULA_RASA,,,
"2026-03-28 18:54:23,524",R1 - 2026 03 28 18 29 42 207.txt,being12,TABULA_RASA,,,
"2026-03-28 18:54:49,225",R1 - 2026 03 28 18 29 42 207.txt,being13,TABULA_RASA,,,
"2026-03-28 18:55:29,223",R1 - 2026 03 28 18 29 42 207.txt,being14,TABULA_RASA,FALHA DE FORMATAÇÃO DA IA (Verificar txt original),-,-
"2026-03-28 18:56:04,441",R1 - 2026 03 28 18 29 42 207.txt,being15,TABULA_RASA,,,
"2026-03-28 18:56:38,005",R1 - 2026 03 28 18 29 42 207.txt,being16,TABULA_RASA,,,
"2026-03-28 18:57:06,687",R1 - 2026 03 28 18 29 42 207.txt,being17,TABULA_RASA,,,
"2026-03-28 18:57:36,332",R1 - 2026 03 28 18 29 42 207.txt,being18,TABULA_RASA,,,
"2026-03-28 18:57:59,939",R1 - 2026 03 28 18 29 42 207.txt,being19,TABULA_RASA,FALHA DE FORMATAÇÃO DA IA (Verificar txt original),-,-
"2026-03-28 18:58:25,758",R1 - 2026 03 28 18 29 42 207.txt,being0,TABULA_RASA,,,
"2026-03-28 18:59:04,969",R1 - 2026 03 28 18 29 42 207.txt,being1,TABULA_RASA,,,
"2026-03-28 18:59:31,031",R1 - 2026 03 28 18 29 42 207.txt,being2,TABULA_RASA,,,
"2026-03-28 19:00:10,244",R1 - 2026 03 28 18 29 42 207.txt,being3,TABULA_RASA,,,
"2026-03-28 19:00:41,419",R1 - 2026 03 28 18 29 42 207.txt,being4,TABULA_RASA,,,
"2026-03-28 19:01:13,334",R1 - 2026 03 28 18 29 42 207.txt,being5,TABULA_RASA,,,
"2026-03-28 19:01:42,333",R1 - 2026 03 28 18 29 42 207.txt,being6,TABULA_RASA,,,
"2026-03-28 19:02:10,562",R1 - 2026 03 28 18 29 42 207.txt,being7,TABULA_RASA,,,
"2026-03-28 19:02:41,168",R1 - 2026 03 28 18 29 42 207.txt,being8,TABULA_RASA,,,
"2026-03-28 19:03:10,620",R1 - 2026 03 28 18 29 42 207.txt,being9,TABULA_RASA,,,
"2026-03-28 19:03:43,065",R1 - 2026 03 28 18 29 42 207.txt,being10,TABULA_RASA,,,
"2026-03-28 19:04:13,708",R1 - 2026 03 28 18 29 42 207.txt,being11,TABULA_RASA,,,
"2026-03-28 19:04:54,939",R1 - 2026 03 28 18 29 42 207.txt,being12,TABULA_RASA,,,
"2026-03-28 19:05:29,252",R1 - 2026 03 28 18 29 42 207.txt,being13,TABULA_RASA,,,
"2026-03-28 19:05:55,858",R1 - 2026 03 28 18 29 42 207.txt,being14,TABULA_RASA,,,
"2026-03-28 19:06:26,108",R1 - 2026 03 28 18 29 42 207.txt,being15,TABULA_RASA,,,
"2026-03-28 19:07:03,649",R1 - 2026 03 28 18 29 42 207.txt,being16,TABULA_RASA,,,
"2026-03-28 19:07:37,351",R1 - 2026 03 28 18 29 42 207.txt,being17,TABULA_RASA,,,
"2026-03-28 19:07:55,614",R1 - 2026 03 28 18 29 42 207.txt,being18,TABULA_RASA,,,
"2026-03-28 19:08:31,575",R1 - 2026 03 28 18 29 42 207.txt,being19,TABULA_RASA,,,
"2026-03-28 19:09:05,083",R1 - 2026 03 28 18 29 42 207.txt,being1,TABULA_RASA,,,
"2026-03-28 19:09:35,701",R1 - 2026 03 28 18 29 42 207.txt,being0,TABULA_RASA,,,
"2026-03-28 19:10:10,306",R1 - 2026 03 28 18 29 42 207.txt,being2,TABULA_RASA,FALHA DE FORMATAÇÃO DA IA (Verificar txt original),-,-
"2026-03-28 19:10:47,023",R1 - 2026 03 28 18 29 42 207.txt,being3,TABULA_RASA,,,
"2026-03-28 19:11:21,226",R1 - 2026 03 28 18 29 42 207.txt,being4,TABULA_RASA,,,
"2026-03-28 19:11:53,326",R1 - 2026 03 28 18 29 42 207.txt,being5,TABULA_RASA,,,
"2026-03-28 19:12:22,186",R1 - 2026 03 28 18 29 42 207.txt,being6,TABULA_RASA,,,
"2026-03-28 19:12:56,746",R1 - 2026 03 28 18 29 42 207.txt,being7,TABULA_RASA,,,
"2026-03-28 19:13:31,738",R1 - 2026 03 28 18 29 42 207.txt,being8,TABULA_RASA,,,
"2026-03-28 19:14:15,397",R1 - 2026 03 28 18 29 42 207.txt,being9,TABULA_RASA,,,
"2026-03-28 19:14:38,131",R1 - 2026 03 28 18 29 42 207.txt,being10,TABULA_RASA,,,
"2026-03-28 19:15:12,199",R1 - 2026 03 28 18 29 42 207.txt,being11,TABULA_RASA,FALHA DE FORMATAÇÃO DA IA (Verificar txt original),-,-
"2026-03-28 19:15:39,070",R1 - 2026 03 28 18 29 42 207.txt,being12,TABULA_RASA,,,
"2026-03-28 19:16:11,225",R1 - 2026 03 28 18 29 42 207.txt,being13,TABULA_RASA,FALHA DE FORMATAÇÃO DA IA (Verificar txt original),-,-
"2026-03-28 19:16:41,319",R1 - 2026 03 28 18 29 42 207.txt,being14,TABULA_RASA,,,
"2026-03-28 19:17:07,754",R1 - 2026 03 28 18 29 42 207.txt,being15,TABULA_RASA,,,
"2026-03-28 19:17:34,831",R1 - 2026 03 28 18 29 42 207.txt,being16,TABULA_RASA,FALHA DE FORMATAÇÃO DA IA (Verificar txt original),-,-
"2026-03-28 19:18:11,191",R1 - 2026 03 28 18 29 42 207.txt,being17,TABULA_RASA,,,
"2026-03-28 19:18:37,196",R1 - 2026 03 28 18 29 42 207.txt,being18,TABULA_RASA,,,
"2026-03-28 19:19:06,051",R1 - 2026 03 28 18 29 42 207.txt,being19,TABULA_RASA,,,
"2026-03-28 19:19:45,036",R1 - 2026 03 28 18 29 42 207.txt,being0,TABULA_RASA,,,
"2026-03-28 19:20:23,621",R1 - 2026 03 28 18 29 42 207.txt,being1,TABULA_RASA,FALHA DE FORMATAÇÃO DA IA (Verificar txt original),-,-
"2026-03-28 19:20:51,319",R1 - 2026 03 28 18 29 42 207.txt,being2,TABULA_RASA,,,
"2026-03-28 19:21:08,659",R1 - 2026 03 28 18 29 42 207.txt,being3,TABULA_RASA,,,
"2026-03-28 19:21:40,402",R1 - 2026 03 28 18 29 42 207.txt,being4,TABULA_RASA,,,
"2026-03-28 19:22:03,593",R1 - 2026 03 28 18 29 42 207.txt,being5,TABULA_RASA,,,
"2026-03-28 19:22:32,912",R1 - 2026 03 28 18 29 42 207.txt,being6,TABULA_RASA,,,
"2026-03-28 19:23:03,508",R1 - 2026 03 28 18 29 42 207.txt,being7,TABULA_RASA,,,
"2026-03-28 19:23:31,202",R1 - 2026 03 28 18 29 42 207.txt,being8,TABULA_RASA,,,
"2026-03-28 19:24:07,271",R1 - 2026 03 28 18 29 42 207.txt,being9,TABULA_RASA,,,
"2026-03-28 19:24:42,365",R1 - 2026 03 28 18 29 42 207.txt,being10,TABULA_RASA,,,
"2026-03-28 19:25:05,815",R1 - 2026 03 28 18 29 42 207.txt,being11,TABULA_RASA,,,
"2026-03-28 19:25:29,980",R1 - 2026 03 28 18 29 42 207.txt,being12,TABULA_RASA,,,
"2026-03-28 19:26:02,533",R1 - 2026 03 28 18 29 42 207.txt,being13,TABULA_RASA,,,
"2026-03-28 19:26:35,931",R1 - 2026 03 28 18 29 42 207.txt,being14,TABULA_RASA,,,
"2026-03-28 19:27:01,180",R1 - 2026 03 28 18 29 42 207.txt,being15,TABULA_RASA,,,
"2026-03-28 19:27:33,397",R1 - 2026 03 28 18 29 42 207.txt,being16,TABULA_RASA,,,
"2026-03-28 19:28:06,310",R1 - 2026 03 28 18 29 42 207.txt,being17,TABULA_RASA,,,
"2026-03-28 19:28:29,690",R1 - 2026 03 28 18 29 42 207.txt,being18,TABULA_RASA,,,
"2026-03-28 19:28:56,421",R1 - 2026 03 28 18 29 42 207.txt,being19,TABULA_RASA,,,
"2026-03-28 19:29:31,517",R1 - 2026 03 28 18 29 42 207.txt,being1,TABULA_RASA,,,
"2026-03-28 19:30:05,484",R1 - 2026 03 28 18 29 42 207.txt,being0,TABULA_RASA,,,
"2026-03-28 19:30:30,257",R1 - 2026 03 28 18 29 42 207.txt,being2,TABULA_RASA,,,
"2026-03-28 19:30:58,033",R1 - 2026 03 28 18 29 42 207.txt,being3,TABULA_RASA,FALHA DE FORMATAÇÃO DA IA (Verificar txt original),-,-
"2026-03-28 19:31:37,179",R1 - 2026 03 28 18 29 42 207.txt,being4,TABULA_RASA,,,
"2026-03-28 19:32:00,257",R1 - 2026 03 28 18 29 42 207.txt,being5,TABULA_RASA,,,
"2026-03-28 19:32:27,942",R1 - 2026 03 28 18 29 42 207.txt,being6,TABULA_RASA,,,
"2026-03-28 19:32:49,606",R1 - 2026 03 28 18 29 42 207.txt,being7,TABULA_RASA,,,
"2026-03-28 19:33:10,910",R1 - 2026 03 28 18 29 42 207.txt,being8,TABULA_RASA,,,
"2026-03-28 19:33:45,959",R1 - 2026 03 28 18 29 42 207.txt,being9,TABULA_RASA,FALHA DE FORMATAÇÃO DA IA (Verificar txt original),-,-
"2026-03-28 19:34:12,192",R1 - 2026 03 28 18 29 42 207.txt,being10,TABULA_RASA,,,
"2026-03-28 19:34:44,848",R1 - 2026 03 28 18 29 42 207.txt,being11,TABULA_RASA,,,
"2026-03-28 19:35:09,647",R1 - 2026 03 28 18 29 42 207.txt,being12,TABULA_RASA,,,
"2026-03-28 19:35:48,099",R1 - 2026 03 28 18 29 42 207.txt,being13,TABULA_RASA,,,
"2026-03-28 19:36:24,124",R1 - 2026 03 28 18 29 42 207.txt,being14,TABULA_RASA,,,
"2026-03-28 19:36:45,616",R1 - 2026 03 28 18 29 42 207.txt,being15,TABULA_RASA,,,
"2026-03-28 19:37:15,884",R1 - 2026 03 28 18 29 42 207.txt,being16,TABULA_RASA,,,
"2026-03-28 19:37:41,974",R1 - 2026 03 28 18 29 42 207.txt,being17,TABULA_RASA,,,
"2026-03-28 19:38:07,068",R1 - 2026 03 28 18 29 42 207.txt,being18,TABULA_RASA,,,
"2026-03-28 19:38:42,623",R1 - 2026 03 28 18 29 42 207.txt,being19,TABULA_RASA,,,
"2026-03-28 19:39:14,191",R1 - 2026 03 28 18 29 42 207.txt,being0,TABULA_RASA,,,
"2026-03-28 19:39:42,468",R1 - 2026 03 28 18 29 42 207.txt,being1,TABULA_RASA,,,
"2026-03-28 19:40:04,572",R1 - 2026 03 28 18 29 42 207.txt,being2,TABULA_RASA,FALHA DE FORMATAÇÃO DA IA (Verificar txt original),-,-
"2026-03-28 19:40:24,560",R1 - 2026 03 28 18 29 42 207.txt,being3,TABULA_RASA,,,
"2026-03-28 19:40:49,645",R1 - 2026 03 28 18 29 42 207.txt,being4,TABULA_RASA,FALHA DE FORMATAÇÃO DA IA (Verificar txt original),-,-
"2026-03-28 19:41:19,097",R1 - 2026 03 28 18 29 42 207.txt,being5,TABULA_RASA,,,
"2026-03-28 19:41:49,919",R1 - 2026 03 28 18 29 42 207.txt,being6,TABULA_RASA,FALHA DE FORMATAÇÃO DA IA (Verificar txt original),-,-
"2026-03-28 19:42:18,955",R1 - 2026 03 28 18 29 42 207.txt,being7,TABULA_RASA,,,
"2026-03-28 19:42:49,817",R1 - 2026 03 28 18 29 42 207.txt,being8,TABULA_RASA,,,
"2026-03-28 19:43:19,581",R1 - 2026 03 28 18 29 42 207.txt,being9,TABULA_RASA,,,
"2026-03-28 19:43:56,753",R1 - 2026 03 28 18 29 42 207.txt,being10,TABULA_RASA,,,
"2026-03-28 19:44:30,125",R1 - 2026 03 28 18 29 42 207.txt,being11,TABULA_RASA,,,
"2026-03-28 19:45:04,352",R1 - 2026 03 28 18 29 42 207.txt,being12,TABULA_RASA,,,
"2026-03-28 19:45:42,154",R1 - 2026 03 28 18 29 42 207.txt,being13,TABULA_RASA,,,
"2026-03-28 19:46:04,692",R1 - 2026 03 28 18 29 42 207.txt,being14,TABULA_RASA,,,
"2026-03-28 19:46:30,270",R1 - 2026 03 28 18 29 42 207.txt,being15,TABULA_RASA,,,
"2026-03-28 19:47:10,956",R1 - 2026 03 28 18 29 42 207.txt,being16,TABULA_RASA,,,
"2026-03-28 19:47:40,889",R1 - 2026 03 28 18 29 42 207.txt,being17,TABULA_RASA,FALHA DE FORMATAÇÃO DA IA (Verificar txt original),-,-
"2026-03-28 19:48:06,312",R1 - 2026 03 28 18 29 42 207.txt,being18,TABULA_RASA,,,
"2026-03-28 19:48:34,551",R1 - 2026 03 28 18 29 42 207.txt,being19,TABULA_RASA,,,
"2026-03-28 19:49:14,603",R1 - 2026 03 28 18 29 42 207.txt,being0,TABULA_RASA,,,
"2026-03-28 19:49:43,517",R1 - 2026 03 28 18 29 42 207.txt,being1,TABULA_RASA,,,
"2026-03-28 19:50:10,383",R1 - 2026 03 28 18 29 42 207.txt,being2,TABULA_RASA,,,
"2026-03-28 19:50:49,199",R1 - 2026 03 28 18 29 42 207.txt,being3,TABULA_RASA,,,
"2026-03-28 19:51:23,698",R1 - 2026 03 28 18 29 42 207.txt,being4,TABULA_RASA,FALHA DE FORMATAÇÃO DA IA (Verificar txt original),-,-
"2026-03-28 19:51:49,425",R1 - 2026 03 28 18 29 42 207.txt,being5,TABULA_RASA,,,
"2026-03-28 19:52:12,343",R1 - 2026 03 28 18 29 42 207.txt,being6,TABULA_RASA,,,
"2026-03-28 19:52:47,951",R1 - 2026 03 28 18 29 42 207.txt,being7,TABULA_RASA,,,
"2026-03-28 19:53:19,953",R1 - 2026 03 28 18 29 42 207.txt,being8,TABULA_RASA,,,
"2026-03-28 19:53:50,175",R1 - 2026 03 28 18 29 42 207.txt,being9,TABULA_RASA,FALHA DE FORMATAÇÃO DA IA (Verificar txt original),-,-
"2026-03-28 19:54:17,599",R1 - 2026 03 28 18 29 42 207.txt,being10,TABULA_RASA,,,
"2026-03-28 19:54:51,176",R1 - 2026 03 28 18 29 42 207.txt,being11,TABULA_RASA,,,
"2026-03-28 19:55:17,001",R1 - 2026 03 28 18 29 42 207.txt,being12,TABULA_RASA,FALHA DE FORMATAÇÃO DA IA (Verificar txt original),-,-
"2026-03-28 19:55:52,729",R1 - 2026 03 28 18 29 42 207.txt,being13,TABULA_RASA,,,
"2026-03-28 19:56:20,332",R1 - 2026 03 28 18 29 42 207.txt,being14,TABULA_RASA,,,
"2026-03-28 19:56:43,624",R1 - 2026 03 28 18 29 42 207.txt,being15,TABULA_RASA,,,
"2026-03-28 19:57:14,107",R1 - 2026 03 28 18 29 42 207.txt,being16,TABULA_RASA,,,
"2026-03-28 19:57:51,617",R1 - 2026 03 28 18 29 42 207.txt,being17,TABULA_RASA,,,
"2026-03-28 19:58:14,636",R1 - 2026 03 28 18 29 42 207.txt,being18,TABULA_RASA,FALHA DE FORMATAÇÃO DA IA (Verificar txt original),-,-
"2026-03-28 19:58:42,219",R1 - 2026 03 28 18 29 42 207.txt,being19,TABULA_RASA,FALHA DE FORMATAÇÃO DA IA (Verificar txt original),-,-
"2026-03-28 19:59:16,555",R1 - 2026 03 28 18 29 42 207.txt,being0,TABULA_RASA,,,
"2026-03-28 19:59:44,829",R1 - 2026 03 28 18 29 42 207.txt,being1,TABULA_RASA,,,
"2026-03-28 20:00:20,217",R1 - 2026 03 28 18 29 42 207.txt,being2,TABULA_RASA,,,
"2026-03-28 20:00:48,131",R1 - 2026 03 28 18 29 42 207.txt,being3,TABULA_RASA,,,
"2026-03-28 20:01:25,184",R1 - 2026 03 28 18 29 42 207.txt,being4,TABULA_RASA,FALHA DE FORMATAÇÃO DA IA (Verificar txt original),-,-
"2026-03-28 20:01:52,680",R1 - 2026 03 28 18 29 42 207.txt,being5,TABULA_RASA,,,
"2026-03-28 20:02:23,152",R1 - 2026 03 28 18 29 42 207.txt,being6,TABULA_RASA,,,
"2026-03-28 20:02:54,332",R1 - 2026 03 28 18 29 42 207.txt,being7,TABULA_RASA,,,
"2026-03-28 20:03:20,638",R1 - 2026 03 28 18 29 42 207.txt,being8,TABULA_RASA,,,
"2026-03-28 20:03:48,981",R1 - 2026 03 28 18 29 42 207.txt,being9,TABULA_RASA,FALHA DE FORMATAÇÃO DA IA (Verificar txt original),-,-
"2026-03-28 20:04:20,202",R1 - 2026 03 28 18 29 42 207.txt,being10,TABULA_RASA,,,
"2026-03-28 20:05:04,080",R1 - 2026 03 28 18 29 42 207.txt,being11,TABULA_RASA,,,
"2026-03-28 20:05:42,625",R1 - 2026 03 28 18 29 42 207.txt,being12,TABULA_RASA,,,
"2026-03-28 20:06:11,612",R1 - 2026 03 28 18 29 42 207.txt,being13,TABULA_RASA,FALHA DE FORMATAÇÃO DA IA (Verificar txt original),-,-
"2026-03-28 20:06:38,270",R1 - 2026 03 28 18 29 42 207.txt,being14,TABULA_RASA,,,
"2026-03-28 20:07:15,681",R1 - 2026 03 28 18 29 42 207.txt,being15,TABULA_RASA,FALHA DE FORMATAÇÃO DA IA (Verificar txt original),-,-
"2026-03-28 20:07:41,919",R1 - 2026 03 28 18 29 42 207.txt,being16,TABULA_RASA,,,
"2026-03-28 20:08:13,286",R1 - 2026 03 28 18 29 42 207.txt,being17,TABULA_RASA,FALHA DE FORMATAÇÃO DA IA (Verificar txt original),-,-
"2026-03-28 20:08:46,244",R1 - 2026 03 28 18 29 42 207.txt,being18,TABULA_RASA,,,
"2026-03-28 20:09:35,609",R1 - 2026 03 28 18 29 42 207.txt,being19,TABULA_RASA,,,
"2026-03-28 20:10:13,903",R1 - 2026 03 28 18 29 42 207.txt,being0,TABULA_RASA,,,
"2026-03-28 20:10:39,765",R1 - 2026 03 28 18 29 42 207.txt,being1,TABULA_RASA,,,
"2026-03-28 20:11:13,208",R1 - 2026 03 28 18 29 42 207.txt,being2,TABULA_RASA,,,
"2026-03-28 20:11:47,835",R1 - 2026 03 28 18 29 42 207.txt,being3,TABULA_RASA,,,
"2026-03-28 20:12:10,496",R1 - 2026 03 28 18 29 42 207.txt,being4,TABULA_RASA,,,
"2026-03-28 20:12:38,166",R1 - 2026 03 28 18 29 42 207.txt,being5,TABULA_RASA,,,
"2026-03-28 20:13:10,958",R1 - 2026 03 28 18 29 42 207.txt,being6,TABULA_RASA,,,
"2026-03-28 20:13:33,516",R1 - 2026 03 28 18 29 42 207.txt,being7,TABULA_RASA,,,
"2026-03-28 20:14:11,524",R1 - 2026 03 28 18 29 42 207.txt,being8,TABULA_RASA,,,
"2026-03-28 20:14:42,001",R1 - 2026 03 28 18 29 42 207.txt,being9,TABULA_RASA,FALHA DE FORMATAÇÃO DA IA (Verificar txt original),-,-
"2026-03-28 20:15:06,098",R1 - 2026 03 28 18 29 42 207.txt,being10,TABULA_RASA,,,
"2026-03-28 20:15:41,872",R1 - 2026 03 28 18 29 42 207.txt,being11,TABULA_RASA,,,
"2026-03-28 20:16:11,390",R1 - 2026 03 28 18 29 42 207.txt,being12,TABULA_RASA,,,
"2026-03-28 20:16:46,197",R1 - 2026 03 28 18 29 42 207.txt,being13,TABULA_RASA,,,
"2026-03-28 20:17:12,148",R1 - 2026 03 28 18 29 42 207.txt,being14,TABULA_RASA,,,
"2026-03-28 20:17:41,585",R1 - 2026 03 28 18 29 42 207.txt,being15,TABULA_RASA,,,
"2026-03-28 20:18:12,004",R1 - 2026 03 28 18 29 42 207.txt,being16,TABULA_RASA,,,
"2026-03-28 20:18:40,411",R1 - 2026 03 28 18 29 42 207.txt,being17,TABULA_RASA,,,
"2026-03-28 20:19:12,566",R1 - 2026 03 28 18 29 42 207.txt,being18,TABULA_RASA,,,
"2026-03-28 20:19:46,298",R1 - 2026 03 28 18 29 42 207.txt,being19,TABULA_RASA,,,
"2026-03-28 20:20:11,860",R1 - 2026 03 28 18 29 42 207.txt,being1,TABULA_RASA,FALHA DE FORMATAÇÃO DA IA (Verificar txt original),-,-
"2026-03-28 20:20:58,148",R1 - 2026 03 28 18 29 42 207.txt,being0,TABULA_RASA,FALHA DE FORMATAÇÃO DA IA (Verificar txt original),-,-
"2026-03-28 20:21:29,194",R1 - 2026 03 28 18 29 42 207.txt,being2,TABULA_RASA,,,
"2026-03-28 20:21:58,044",R1 - 2026 03 28 18 29 42 207.txt,being3,TABULA_RASA,,,
"2026-03-28 20:22:24,611",R1 - 2026 03 28 18 29 42 207.txt,being4,TABULA_RASA,,,
"2026-03-28 20:22:53,728",R1 - 2026 03 28 18 29 42 207.txt,being5,TABULA_RASA,,,
"2026-03-28 20:23:24,497",R1 - 2026 03 28 18 29 42 207.txt,being6,TABULA_RASA,,,
"2026-03-28 20:23:55,830",R1 - 2026 03 28 18 29 42 207.txt,being7,TABULA_RASA,,,
"2026-03-28 20:24:21,526",R1 - 2026 03 28 18 29 42 207.txt,being8,TABULA_RASA,,,
"2026-03-28 20:24:48,799",R1 - 2026 03 28 18 29 42 207.txt,being9,TABULA_RASA,,,
"2026-03-28 20:25:14,195",R1 - 2026 03 28 18 29 42 207.txt,being10,TABULA_RASA,,,
"2026-03-28 20:25:41,271",R1 - 2026 03 28 18 29 42 207.txt,being11,TABULA_RASA,,,
"2026-03-28 20:26:07,955",R1 - 2026 03 28 18 29 42 207.txt,being12,TABULA_RASA,FALHA DE FORMATAÇÃO DA IA (Verificar txt original),-,-
"2026-03-28 20:26:37,580",R1 - 2026 03 28 18 29 42 207.txt,being13,TABULA_RASA,,,
"2026-03-28 20:27:05,907",R1 - 2026 03 28 18 29 42 207.txt,being14,TABULA_RASA,FALHA DE FORMATAÇÃO DA IA (Verificar txt original),-,-
"2026-03-28 20:27:33,634",R1 - 2026 03 28 18 29 42 207.txt,being15,TABULA_RASA,,,
"2026-03-28 20:28:09,168",R1 - 2026 03 28 18 29 42 207.txt,being16,TABULA_RASA,,,
"2026-03-28 20:28:46,950",R1 - 2026 03 28 18 29 42 207.txt,being17,TABULA_RASA,FALHA DE FORMATAÇÃO DA IA (Verificar txt original),-,-
"2026-03-28 20:29:22,211",R1 - 2026 03 28 18 29 42 207.txt,being18,TABULA_RASA,,,
"2026-03-28 20:29:48,559",R1 - 2026 03 28 18 29 42 207.txt,being19,TABULA_RASA,,,
"2026-03-28 20:30:21,370",R1 - 2026 03 28 18 29 42 207.txt,being0,TABULA_RASA,,,
"2026-03-28 20:31:03,173",R1 - 2026 03 28 18 29 42 207.txt,being1,TABULA_RASA,,,
"2026-03-28 20:31:27,972",R1 - 2026 03 28 18 29 42 207.txt,being2,TABULA_RASA,,,
"2026-03-28 20:31:46,302",R1 - 2026 03 28 18 29 42 207.txt,being3,TABULA_RASA,FALHA DE FORMATAÇÃO DA IA (Verificar txt original),-,-
"2026-03-28 20:32:17,704",R1 - 2026 03 28 18 29 42 207.txt,being4,TABULA_RASA,,,
"2026-03-28 20:32:45,708",R1 - 2026 03 28 18 29 42 207.txt,being5,TABULA_RASA,,,
"2026-03-28 20:33:15,636",R1 - 2026 03 28 18 29 42 207.txt,being6,TABULA_RASA,,,
"2026-03-28 20:33:41,446",R1 - 2026 03 28 18 29 42 207.txt,being7,TABULA_RASA,FALHA DE FORMATAÇÃO DA IA (Verificar txt original),-,-
"2026-03-28 20:34:18,828",R1 - 2026 03 28 18 29 42 207.txt,being8,TABULA_RASA,,,
"2026-03-28 20:34:57,111",R1 - 2026 03 28 18 29 42 207.txt,being9,TABULA_RASA,,,
"2026-03-28 20:35:29,512",R1 - 2026 03 28 18 29 42 207.txt,being10,TABULA_RASA,,,
"2026-03-28 20:35:54,658",R1 - 2026 03 28 18 29 42 207.txt,being11,TABULA_RASA,,,
"2026-03-28 20:36:19,325",R1 - 2026 03 28 18 29 42 207.txt,being12,TABULA_RASA,,,
"2026-03-28 20:36:43,051",R1 - 2026 03 28 18 29 42 207.txt,being13,TABULA_RASA,,,
"2026-03-28 20:37:13,120",R1 - 2026 03 28 18 29 42 207.txt,being14,TABULA_RASA,,,
"2026-03-28 20:37:53,165",R1 - 2026 03 28 18 29 42 207.txt,being15,TABULA_RASA,,,
"2026-03-28 20:38:24,948",R1 - 2026 03 28 18 29 42 207.txt,being16,TABULA_RASA,FALHA DE FORMATAÇÃO DA IA (Verificar txt original),-,-
"2026-03-28 20:38:59,816",R1 - 2026 03 28 18 29 42 207.txt,being17,TABULA_RASA,,,
"2026-03-28 20:39:30,716",R1 - 2026 03 28 18 29 42 207.txt,being18,TABULA_RASA,,,
"2026-03-28 20:40:04,625",R1 - 2026 03 28 18 29 42 207.txt,being19,TABULA_RASA,,,
"2026-03-28 20:40:40,886",R1 - 2026 03 28 18 29 42 207.txt,being1,TABULA_RASA,,,
"2026-03-28 20:41:18,540",R1 - 2026 03 28 18 29 42 207.txt,being0,TABULA_RASA,,,
"2026-03-28 20:41:44,326",R1 - 2026 03 28 18 29 42 207.txt,being2,TABULA_RASA,,,
"2026-03-28 20:42:13,746",R1 - 2026 03 28 18 29 42 207.txt,being3,TABULA_RASA,,,
"2026-03-28 20:42:48,682",R1 - 2026 03 28 18 29 42 207.txt,being4,TABULA_RASA,FALHA DE FORMATAÇÃO DA IA (Verificar txt original),-,-
"2026-03-28 20:43:16,015",R1 - 2026 03 28 18 29 42 207.txt,being5,TABULA_RASA,,,
"2026-03-28 20:43:47,370",R1 - 2026 03 28 18 29 42 207.txt,being6,TABULA_RASA,,,
"2026-03-28 20:44:30,132",R1 - 2026 03 28 18 29 42 207.txt,being7,TABULA_RASA,,,
"2026-03-28 20:45:00,096",R1 - 2026 03 28 18 29 42 207.txt,being8,TABULA_RASA,FALHA DE FORMATAÇÃO DA IA (Verificar txt original),-,-
"2026-03-28 20:45:31,577",R1 - 2026 03 28 18 29 42 207.txt,being9,TABULA_RASA,,,
"2026-03-28 20:45:58,143",R1 - 2026 03 28 18 29 42 207.txt,being10,TABULA_RASA,,,
"2026-03-28 20:46:28,905",R1 - 2026 03 28 18 29 42 207.txt,being11,TABULA_RASA,,,
"2026-03-28 20:47:00,877",R1 - 2026 03 28 18 29 42 207.txt,being12,TABULA_RASA,,,
"2026-03-28 20:47:30,932",R1 - 2026 03 28 18 29 42 207.txt,being13,TABULA_RASA,,,
"2026-03-28 20:48:11,397",R1 - 2026 03 28 18 29 42 207.txt,being14,TABULA_RASA,,,
"2026-03-28 20:48:42,644",R1 - 2026 03 28 18 29 42 207.txt,being15,TABULA_RASA,,,
"2026-03-28 20:49:09,140",R1 - 2026 03 28 18 29 42 207.txt,being16,TABULA_RASA,FALHA DE FORMATAÇÃO DA IA (Verificar txt original),-,-
"2026-03-28 20:49:35,148",R1 - 2026 03 28 18 29 42 207.txt,being17,TABULA_RASA,,,
"2026-03-28 20:50:20,588",R1 - 2026 03 28 18 29 42 207.txt,being18,TABULA_RASA,,,
"2026-03-28 20:50:40,792",R1 - 2026 03 28 18 29 42 207.txt,being19,TABULA_RASA,,,
"2026-03-28 20:51:22,229",R1 - 2026 03 28 18 29 42 207.txt,being1,TABULA_RASA,,,
"2026-03-28 20:51:50,913",R1 - 2026 03 28 18 29 42 207.txt,being0,TABULA_RASA,,,
"2026-03-28 20:52:15,362",R1 - 2026 03 28 18 29 42 207.txt,being2,TABULA_RASA,,,
"2026-03-28 20:53:02,612",R1 - 2026 03 28 18 29 42 207.txt,being3,TABULA_RASA,,,
"2026-03-28 20:53:32,155",R1 - 2026 03 28 18 29 42 207.txt,being4,TABULA_RASA,,,
"2026-03-28 20:54:09,590",R1 - 2026 03 28 18 29 42 207.txt,being5,TABULA_RASA,,,
"2026-03-28 20:54:31,502",R1 - 2026 03 28 18 29 42 207.txt,being6,TABULA_RASA,,,
"2026-03-28 20:55:08,754",R1 - 2026 03 28 18 29 42 207.txt,being7,TABULA_RASA,,,
"2026-03-28 20:55:41,312",R1 - 2026 03 28 18 29 42 207.txt,being8,TABULA_RASA,,,
"2026-03-28 20:56:10,569",R1 - 2026 03 28 18 29 42 207.txt,being9,TABULA_RASA,,,
"2026-03-28 20:56:45,991",R1 - 2026 03 28 18 29 42 207.txt,being10,TABULA_RASA,,,
"2026-03-28 20:57:11,713",R1 - 2026 03 28 18 29 42 207.txt,being11,TABULA_RASA,,,
"2026-03-28 20:57:41,459",R1 - 2026 03 28 18 29 42 207.txt,being12,TABULA_RASA,,,
"2026-03-28 20:58:13,144",R1 - 2026 03 28 18 29 42 207.txt,being13,TABULA_RASA,,,
"2026-03-28 20:58:42,897",R1 - 2026 03 28 18 29 42 207.txt,being14,TABULA_RASA,,,
"2026-03-28 20:59:14,347",R1 - 2026 03 28 18 29 42 207.txt,being15,TABULA_RASA,,,
"2026-03-28 20:59:30,480",R1 - 2026 03 28 18 29 42 207.txt,being16,TABULA_RASA,,,
"2026-03-28 21:00:02,168",R1 - 2026 03 28 18 29 42 207.txt,being17,TABULA_RASA,,,
"2026-03-28 21:00:20,869",R1 - 2026 03 28 18 29 42 207.txt,being18,TABULA_RASA,,,
"2026-03-28 21:00:56,701",R1 - 2026 03 28 18 29 42 207.txt,being19,TABULA_RASA,,,
"2026-03-28 21:01:28,217",R1 - 2026 03 28 18 29 42 207.txt,being1,TABULA_RASA,,,
"2026-03-28 21:01:57,310",R1 - 2026 03 28 18 29 42 207.txt,being0,TABULA_RASA,,,
"2026-03-28 21:02:28,272",R1 - 2026 03 28 18 29 42 207.txt,being2,TABULA_RASA,,,
"2026-03-28 21:02:52,474",R1 - 2026 03 28 18 29 42 207.txt,being3,TABULA_RASA,,,
"2026-03-28 21:03:25,937",R1 - 2026 03 28 18 29 42 207.txt,being4,TABULA_RASA,,,
"2026-03-28 21:03:53,621",R1 - 2026 03 28 18 29 42 207.txt,being5,TABULA_RASA,,,
"2026-03-28 21:04:20,889",R1 - 2026 03 28 18 29 42 207.txt,being6,TABULA_RASA,,,
"2026-03-28 21:04:43,395",R1 - 2026 03 28 18 29 42 207.txt,being7,TABULA_RASA,,,
"2026-03-28 21:05:17,511",R1 - 2026 03 28 18 29 42 207.txt,being8,TABULA_RASA,,,
"2026-03-28 21:05:51,650",R1 - 2026 03 28 18 29 42 207.txt,being9,TABULA_RASA,,,
"2026-03-28 21:06:24,522",R1 - 2026 03 28 18 29 42 207.txt,being10,TABULA_RASA,FALHA DE FORMATAÇÃO DA IA (Verificar txt original),-,-
"2026-03-28 21:06:46,527",R1 - 2026 03 28 18 29 42 207.txt,being11,TABULA_RASA,FALHA DE FORMATAÇÃO DA IA (Verificar txt original),-,-
"2026-03-28 21:07:20,076",R1 - 2026 03 28 18 29 42 207.txt,being12,TABULA_RASA,,,
"2026-03-28 21:07:58,058",R1 - 2026 03 28 18 29 42 207.txt,being13,TABULA_RASA,,,
"2026-03-28 21:08:23,692",R1 - 2026 03 28 18 29 42 207.txt,being14,TABULA_RASA,,,
"2026-03-28 21:09:02,971",R1 - 2026 03 28 18 29 42 207.txt,being15,TABULA_RASA,FALHA DE FORMATAÇÃO DA IA (Verificar txt original),-,-
"2026-03-28 21:09:42,514",R1 - 2026 03 28 18 29 42 207.txt,being16,TABULA_RASA,,,
"2026-03-28 21:10:32,237",R1 - 2026 03 28 18 29 42 207.txt,being17,TABULA_RASA,,,
"2026-03-28 21:11:05,190",R1 - 2026 03 28 18 29 42 207.txt,being18,TABULA_RASA,,,
"2026-03-28 21:11:51,078",R1 - 2026 03 28 18 29 42 207.txt,being19,TABULA_RASA,,,
"2026-03-28 21:12:21,436",R1 - 2026 03 28 18 29 42 207.txt,being0,TABULA_RASA,,,
"2026-03-28 21:12:46,770",R1 - 2026 03 28 18 29 42 207.txt,being1,TABULA_RASA,,,
"2026-03-28 21:13:16,002",R1 - 2026 03 28 18 29 42 207.txt,being2,TABULA_RASA,,,
"2026-03-28 21:13:53,305",R1 - 2026 03 28 18 29 42 207.txt,being3,TABULA_RASA,,,
"2026-03-28 21:14:30,872",R1 - 2026 03 28 18 29 42 207.txt,being4,TABULA_RASA,,,
"2026-03-28 21:15:00,074",R1 - 2026 03 28 18 29 42 207.txt,being5,TABULA_RASA,,,
"2026-03-28 21:15:30,289",R1 - 2026 03 28 18 29 42 207.txt,being6,TABULA_RASA,FALHA DE FORMATAÇÃO DA IA (Verificar txt original),-,-
"2026-03-28 21:15:52,021",R1 - 2026 03 28 18 29 42 207.txt,being7,TABULA_RASA,,,
"2026-03-28 21:16:29,966",R1 - 2026 03 28 18 29 42 207.txt,being8,TABULA_RASA,,,
"2026-03-28 21:16:59,076",R1 - 2026 03 28 18 29 42 207.txt,being9,TABULA_RASA,,,
"2026-03-28 21:17:44,954",R1 - 2026 03 28 18 29 42 207.txt,being10,TABULA_RASA,,,
"2026-03-28 21:18:08,564",R1 - 2026 03 28 18 29 42 207.txt,being11,TABULA_RASA,,,
"2026-03-28 21:18:33,071",R1 - 2026 03 28 18 29 42 207.txt,being12,TABULA_RASA,,,
"2026-03-28 21:19:18,596",R1 - 2026 03 28 18 29 42 207.txt,being13,TABULA_RASA,,,
"2026-03-28 21:19:44,829",R1 - 2026 03 28 18 29 42 207.txt,being14,TABULA_RASA,,,
"2026-03-28 21:20:15,145",R1 - 2026 03 28 18 29 42 207.txt,being15,TABULA_RASA,,,
"2026-03-28 21:20:46,063",R1 - 2026 03 28 18 29 42 207.txt,being16,TABULA_RASA,,,
"2026-03-28 21:21:20,548",R1 - 2026 03 28 18 29 42 207.txt,being17,TABULA_RASA,,,
"2026-03-28 21:21:47,385",R1 - 2026 03 28 18 29 42 207.txt,being18,TABULA_RASA,,,
"2026-03-28 21:22:17,393",R1 - 2026 03 28 18 29 42 207.txt,being19,TABULA_RASA,,,
"2026-03-28 21:22:49,207",R1 - 2026 03 28 18 29 42 207.txt,being1,TABULA_RASA,FALHA DE FORMATAÇÃO DA IA (Verificar txt original),-,-
"2026-03-28 21:23:11,971",R1 - 2026 03 28 18 29 42 207.txt,being0,TABULA_RASA,,,
"2026-03-28 21:23:49,314",R1 - 2026 03 28 18 29 42 207.txt,being2,TABULA_RASA,,,
"2026-03-28 21:24:30,053",R1 - 2026 03 28 18 29 42 207.txt,being3,TABULA_RASA,,,
"2026-03-28 21:24:56,754",R1 - 2026 03 28 18 29 42 207.txt,being4,TABULA_RASA,,,
"2026-03-28 21:25:38,803",R1 - 2026 03 28 18 29 42 207.txt,being5,TABULA_RASA,,,
"2026-03-28 21:26:14,163",R1 - 2026 03 28 18 29 42 207.txt,being6,TABULA_RASA,,,
"2026-03-28 21:26:48,770",R1 - 2026 03 28 18 29 42 207.txt,being7,TABULA_RASA,,,
"2026-03-28 21:27:13,612",R1 - 2026 03 28 18 29 42 207.txt,being8,TABULA_RASA,,,
"2026-03-28 21:27:42,726",R1 - 2026 03 28 18 29 42 207.txt,being9,TABULA_RASA,,,
"2026-03-28 21:28:15,187",R1 - 2026 03 28 18 29 42 207.txt,being10,TABULA_RASA,,,
"2026-03-28 21:28:32,939",R1 - 2026 03 28 18 29 42 207.txt,being11,TABULA_RASA,,,
"2026-03-28 21:29:21,423",R1 - 2026 03 28 18 29 42 207.txt,being12,TABULA_RASA,,,
"2026-03-28 21:29:48,754",R1 - 2026 03 28 18 29 42 207.txt,being13,TABULA_RASA,,,
"2026-03-28 21:30:09,320",R1 - 2026 03 28 18 29 42 207.txt,being14,TABULA_RASA,,,
"2026-03-28 21:30:41,338",R1 - 2026 03 28 18 29 42 207.txt,being15,TABULA_RASA,,,
"2026-03-28 21:31:11,700",R1 - 2026 03 28 18 29 42 207.txt,being16,TABULA_RASA,FALHA DE FORMATAÇÃO DA IA (Verificar txt original),-,-
"2026-03-28 21:31:44,655",R1 - 2026 03 28 18 29 42 207.txt,being17,TABULA_RASA,,,
"2026-03-28 21:32:05,947",R1 - 2026 03 28 18 29 42 207.txt,being18,TABULA_RASA,,,
"2026-03-28 21:32:37,833",R1 - 2026 03 28 18 29 42 207.txt,being19,TABULA_RASA,,,
"2026-03-29 10:42:30,457",R1 - 2026 03 28 18 29 42 207.txt,being1,TABULA_RASA,,,
"2026-03-29 10:43:03,842",R1 - 2026 03 28 18 29 42 207.txt,being0,TABULA_RASA,,,
"2026-03-29 10:43:39,556",R1 - 2026 03 28 18 29 42 207.txt,being2,TABULA_RASA,,,
"2026-03-29 10:44:08,374",R1 - 2026 03 28 18 29 42 207.txt,being3,TABULA_RASA,FALHA DE FORMATAÇÃO DA IA (Verificar txt original),-,-
"2026-03-29 10:44:51,457",R1 - 2026 03 28 18 29 42 207.txt,being4,TABULA_RASA,,,
"2026-03-29 10:45:31,663",R1 - 2026 03 28 18 29 42 207.txt,being5,TABULA_RASA,,,
"2026-03-29 10:46:02,492",R1 - 2026 03 28 18 29 42 207.txt,being6,TABULA_RASA,,,
"2026-03-29 10:46:39,620",R1 - 2026 03 28 18 29 42 207.txt,being7,TABULA_RASA,,,
"2026-03-29 10:47:07,630",R1 - 2026 03 28 18 29 42 207.txt,being8,TABULA_RASA,,,
"2026-03-29 10:47:50,973",R1 - 2026 03 28 18 29 42 207.txt,being9,TABULA_RASA,,,
"2026-03-29 10:48:35,773",R1 - 2026 03 28 18 29 42 207.txt,being10,TABULA_RASA,,,
"2026-03-29 10:49:08,022",R1 - 2026 03 28 18 29 42 207.txt,being11,TABULA_RASA,,,
"2026-03-29 10:49:38,508",R1 - 2026 03 28 18 29 42 207.txt,being12,TABULA_RASA,,,
"2026-03-29 10:50:02,910",R1 - 2026 03 28 18 29 42 207.txt,being13,TABULA_RASA,,,
"2026-03-29 10:50:22,967",R1 - 2026 03 28 18 29 42 207.txt,being14,TABULA_RASA,,,
"2026-03-29 10:50:54,764",R1 - 2026 03 28 18 29 42 207.txt,being15,TABULA_RASA,,,
"2026-03-29 10:51:23,235",R1 - 2026 03 28 18 29 42 207.txt,being16,TABULA_RASA,,,
"2026-03-29 10:51:54,816",R1 - 2026 03 28 18 29 42 207.txt,being17,TABULA_RASA,,,
"2026-03-29 10:52:23,666",R1 - 2026 03 28 18 29 42 207.txt,being18,TABULA_RASA,,,
"2026-03-29 10:52:55,554",R1 - 2026 03 28 18 29 42 207.txt,being19,TABULA_RASA,,,
"2026-03-29 10:53:29,330",R1 - 2026 03 28 18 29 42 207.txt,being0,TABULA_RASA,,,
"2026-03-29 10:53:54,156",R1 - 2026 03 28 18 29 42 207.txt,being1,TABULA_RASA,,,
"2026-03-29 10:54:25,819",R1 - 2026 03 28 18 29 42 207.txt,being2,TABULA_RASA,,,
"2026-03-29 10:54:54,195",R1 - 2026 03 28 18 29 42 207.txt,being3,TABULA_RASA,FALHA DE FORMATAÇÃO DA IA (Verificar txt original),-,-
"2026-03-29 10:55:20,538",R1 - 2026 03 28 18 29 42 207.txt,being4,TABULA_RASA,,,
"2026-03-29 10:55:56,910",R1 - 2026 03 28 18 29 42 207.txt,being5,TABULA_RASA,FALHA DE FORMATAÇÃO DA IA (Verificar txt original),-,-
"2026-03-29 10:56:27,793",R1 - 2026 03 28 18 29 42 207.txt,being6,TABULA_RASA,,,
"2026-03-29 10:56:55,996",R1 - 2026 03 28 18 29 42 207.txt,being7,TABULA_RASA,,,
"2026-03-29 10:57:37,031",R1 - 2026 03 28 18 29 42 207.txt,being8,TABULA_RASA,,,
"2026-03-29 10:58:04,187",R1 - 2026 03 28 18 29 42 207.txt,being9,TABULA_RASA,,,
"2026-03-29 10:58:26,244",R1 - 2026 03 28 18 29 42 207.txt,being10,TABULA_RASA,,,
"2026-03-29 10:59:05,027",R1 - 2026 03 28 18 29 42 207.txt,being11,TABULA_RASA,FALHA DE FORMATAÇÃO DA IA (Verificar txt original),-,-
"2026-03-29 10:59:31,653",R1 - 2026 03 28 18 29 42 207.txt,being12,TABULA_RASA,,,
"2026-03-29 10:59:58,504",R1 - 2026 03 28 18 29 42 207.txt,being13,TABULA_RASA,,,
"2026-03-29 11:00:34,818",R1 - 2026 03 28 18 29 42 207.txt,being14,TABULA_RASA,,,
"2026-03-29 11:01:04,503",R1 - 2026 03 28 18 29 42 207.txt,being15,TABULA_RASA,,,
"2026-03-29 11:01:30,110",R1 - 2026 03 28 18 29 42 207.txt,being16,TABULA_RASA,,,
"2026-03-29 11:02:02,831",R1 - 2026 03 28 18 29 42 207.txt,being17,TABULA_RASA,,,
"2026-03-29 11:02:41,491",R1 - 2026 03 28 18 29 42 207.txt,being18,TABULA_RASA,,,
"2026-03-29 11:03:10,208",R1 - 2026 03 28 18 29 42 207.txt,being19,TABULA_RASA,,,
"2026-03-29 11:03:46,574",R1 - 2026 03 28 18 29 42 207.txt,being0,TABULA_RASA,,,
"2026-03-29 11:04:10,566",R1 - 2026 03 28 18 29 42 207.txt,being1,TABULA_RASA,,,
"2026-03-29 11:04:41,840",R1 - 2026 03 28 18 29 42 207.txt,being2,TABULA_RASA,,,
"2026-03-29 11:05:05,776",R1 - 2026 03 28 18 29 42 207.txt,being3,TABULA_RASA,,,
"2026-03-29 11:05:34,811",R1 - 2026 03 28 18 29 42 207.txt,being4,TABULA_RASA,,,
"2026-03-29 11:06:03,726",R1 - 2026 03 28 18 29 42 207.txt,being5,TABULA_RASA,,,
"2026-03-29 11:06:29,197",R1 - 2026 03 28 18 29 42 207.txt,being6,TABULA_RASA,,,
"2026-03-29 11:06:49,455",R1 - 2026 03 28 18 29 42 207.txt,being7,TABULA_RASA,,,
"2026-03-29 11:07:20,320",R1 - 2026 03 28 18 29 42 207.txt,being8,TABULA_RASA,,,
"2026-03-29 11:07:56,120",R1 - 2026 03 28 18 29 42 207.txt,being9,TABULA_RASA,,,
"2026-03-29 11:08:29,148",R1 - 2026 03 28 18 29 42 207.txt,being10,TABULA_RASA,,,
"2026-03-29 11:08:58,576",R1 - 2026 03 28 18 29 42 207.txt,being11,TABULA_RASA,,,
"2026-03-29 11:09:27,121",R1 - 2026 03 28 18 29 42 207.txt,being12,TABULA_RASA,,,
"2026-03-29 11:09:50,654",R1 - 2026 03 28 18 29 42 207.txt,being13,TABULA_RASA,,,
"2026-03-29 11:10:23,481",R1 - 2026 03 28 18 29 42 207.txt,being14,TABULA_RASA,,,
"2026-03-29 11:11:00,038",R1 - 2026 03 28 18 29 42 207.txt,being15,TABULA_RASA,,,
"2026-03-29 11:11:37,576",R1 - 2026 03 28 18 29 42 207.txt,being16,TABULA_RASA,,,
"2026-03-29 11:12:04,955",R1 - 2026 03 28 18 29 42 207.txt,being17,TABULA_RASA,,,
"2026-03-29 11:12:29,874",R1 - 2026 03 28 18 29 42 207.txt,being18,TABULA_RASA,,,
"2026-03-29 11:13:07,747",R1 - 2026 03 28 18 29 42 207.txt,being19,TABULA_RASA,,,
"2026-03-29 11:13:37,835",R1 - 2026 03 28 18 29 42 207.txt,being0,TABULA_RASA,FALHA DE FORMATAÇÃO DA IA (Verificar txt original),-,-
"2026-03-29 11:14:08,705",R1 - 2026 03 28 18 29 42 207.txt,being1,TABULA_RASA,,,
"2026-03-29 11:14:41,790",R1 - 2026 03 28 18 29 42 207.txt,being2,TABULA_RASA,,,
"2026-03-29 11:15:14,045",R1 - 2026 03 28 18 29 42 207.txt,being3,TABULA_RASA,,,
"2026-03-29 11:15:38,235",R1 - 2026 03 28 18 29 42 207.txt,being4,TABULA_RASA,,,
"2026-03-29 11:16:12,378",R1 - 2026 03 28 18 29 42 207.txt,being5,TABULA_RASA,,,
"2026-03-29 11:16:52,095",R1 - 2026 03 28 18 29 42 207.txt,being6,TABULA_RASA,,,
"2026-03-29 11:17:19,765",R1 - 2026 03 28 18 29 42 207.txt,being7,TABULA_RASA,,,
"2026-03-29 11:17:50,670",R1 - 2026 03 28 18 29 42 207.txt,being8,TABULA_RASA,,,
"2026-03-29 11:18:26,864",R1 - 2026 03 28 18 29 42 207.txt,being9,TABULA_RASA,,,
"2026-03-29 11:18:49,326",R1 - 2026 03 28 18 29 42 207.txt,being10,TABULA_RASA,,,
"2026-03-29 11:19:14,622",R1 - 2026 03 28 18 29 42 207.txt,being11,TABULA_RASA,,,
"2026-03-29 11:19:39,903",R1 - 2026 03 28 18 29 42 207.txt,being12,TABULA_RASA,,,
"2026-03-29 11:20:11,640",R1 - 2026 03 28 18 29 42 207.txt,being13,TABULA_RASA,FALHA DE FORMATAÇÃO DA IA (Verificar txt original),-,-
"2026-03-29 11:20:33,169",R1 - 2026 03 28 18 29 42 207.txt,being14,TABULA_RASA,,,
"2026-03-29 11:20:57,271",R1 - 2026 03 28 18 29 42 207.txt,being15,TABULA_RASA,,,
"2026-03-29 11:21:29,458",R1 - 2026 03 28 18 29 42 207.txt,being16,TABULA_RASA,,,
"2026-03-29 11:21:53,819",R1 - 2026 03 28 18 29 42 207.txt,being17,TABULA_RASA,,,
"2026-03-29 11:22:20,354",R1 - 2026 03 28 18 29 42 207.txt,being18,TABULA_RASA,,,
"2026-03-29 11:22:49,834",R1 - 2026 03 28 18 29 42 207.txt,being19,TABULA_RASA,,,
"2026-03-29 11:23:25,731",R1 - 2026 03 28 18 29 42 207.txt,being1,TABULA_RASA,,,
"2026-03-29 11:23:58,513",R1 - 2026 03 28 18 29 42 207.txt,being0,TABULA_RASA,,,
"2026-03-29 11:24:28,189",R1 - 2026 03 28 18 29 42 207.txt,being2,TABULA_RASA,,,
"2026-03-29 11:25:02,877",R1 - 2026 03 28 18 29 42 207.txt,being3,TABULA_RASA,,,
"2026-03-29 11:25:26,306",R1 - 2026 03 28 18 29 42 207.txt,being4,TABULA_RASA,,,
"2026-03-29 11:25:57,447",R1 - 2026 03 28 18 29 42 207.txt,being5,TABULA_RASA,,,
"2026-03-29 11:26:32,083",R1 - 2026 03 28 18 29 42 207.txt,being6,TABULA_RASA,,,
"2026-03-29 11:27:06,730",R1 - 2026 03 28 18 29 42 207.txt,being7,TABULA_RASA,,,
"2026-03-29 11:27:37,780",R1 - 2026 03 28 18 29 42 207.txt,being8,TABULA_RASA,,,
"2026-03-29 11:28:07,760",R1 - 2026 03 28 18 29 42 207.txt,being9,TABULA_RASA,,,
"2026-03-29 11:28:27,225",R1 - 2026 03 28 18 29 42 207.txt,being10,TABULA_RASA,,,
"2026-03-29 11:29:01,746",R1 - 2026 03 28 18 29 42 207.txt,being11,TABULA_RASA,,,
"2026-03-29 11:29:28,259",R1 - 2026 03 28 18 29 42 207.txt,being12,TABULA_RASA,,,
"2026-03-29 11:30:13,465",R1 - 2026 03 28 18 29 42 207.txt,being13,TABULA_RASA,,,
"2026-03-29 11:30:43,003",R1 - 2026 03 28 18 29 42 207.txt,being14,TABULA_RASA,,,
"2026-03-29 11:31:18,218",R1 - 2026 03 28 18 29 42 207.txt,being15,TABULA_RASA,,,
"2026-03-29 11:32:01,856",R1 - 2026 03 28 18 29 42 207.txt,being16,TABULA_RASA,,,
"2026-03-29 11:32:37,047",R1 - 2026 03 28 18 29 42 207.txt,being17,TABULA_RASA,,,
"2026-03-29 11:33:10,419",R1 - 2026 03 28 18 29 42 207.txt,being18,TABULA_RASA,FALHA DE FORMATAÇÃO DA IA (Verificar txt original),-,-
"2026-03-29 11:33:33,371",R1 - 2026 03 28 18 29 42 207.txt,being19,TABULA_RASA,,,
"2026-03-29 11:34:15,493",R1 - 2026 03 28 18 29 42 207.txt,being0,TABULA_RASA,,,
"2026-03-29 11:34:48,960",R1 - 2026 03 28 18 29 42 207.txt,being1,TABULA_RASA,,,
"2026-03-29 11:35:14,433",R1 - 2026 03 28 18 29 42 207.txt,being2,TABULA_RASA,,,
"2026-03-29 11:35:48,611",R1 - 2026 03 28 18 29 42 207.txt,being3,TABULA_RASA,FALHA DE FORMATAÇÃO DA IA (Verificar txt original),-,-
"2026-03-29 11:36:17,882",R1 - 2026 03 28 18 29 42 207.txt,being4,TABULA_RASA,,,
"2026-03-29 11:36:41,394",R1 - 2026 03 28 18 29 42 207.txt,being5,TABULA_RASA,,,
"2026-03-29 11:37:03,127",R1 - 2026 03 28 18 29 42 207.txt,being6,TABULA_RASA,,,
"2026-03-29 11:37:25,049",R1 - 2026 03 28 18 29 42 207.txt,being7,TABULA_RASA,,,
"2026-03-29 11:37:58,701",R1 - 2026 03 28 18 29 42 207.txt,being8,TABULA_RASA,,,
"2026-03-29 11:38:54,490",R1 - 2026 03 28 18 29 42 207.txt,being9,TABULA_RASA,,,
"2026-03-29 11:39:21,602",R1 - 2026 03 28 18 29 42 207.txt,being10,TABULA_RASA,,,
"2026-03-29 11:39:45,683",R1 - 2026 03 28 18 29 42 207.txt,being11,TABULA_RASA,FALHA DE FORMATAÇÃO DA IA (Verificar txt original),-,-
"2026-03-29 11:40:16,331",R1 - 2026 03 28 18 29 42 207.txt,being12,TABULA_RASA,FALHA DE FORMATAÇÃO DA IA (Verificar txt original),-,-
"2026-03-29 11:40:47,299",R1 - 2026 03 28 18 29 42 207.txt,being13,TABULA_RASA,,,
"2026-03-29 11:41:10,712",R1 - 2026 03 28 18 29 42 207.txt,being14,TABULA_RASA,,,
"2026-03-29 11:41:38,348",R1 - 2026 03 28 18 29 42 207.txt,being15,TABULA_RASA,,,
"2026-03-29 11:42:03,019",R1 - 2026 03 28 18 29 42 207.txt,being16,TABULA_RASA,,,
"2026-03-29 11:42:36,978",R1 - 2026 03 28 18 29 42 207.txt,being17,TABULA_RASA,,,
"2026-03-29 11:43:10,341",R1 - 2026 03 28 18 29 42 207.txt,being18,TABULA_RASA,,,
"2026-03-29 11:43:40,447",R1 - 2026 03 28 18 29 42 207.txt,being19,TABULA_RASA,,,
"2026-03-29 11:44:15,398",R1 - 2026 03 28 18 29 42 207.txt,being1,TABULA_RASA,,,
"2026-03-29 11:44:55,246",R1 - 2026 03 28 18 29 42 207.txt,being0,TABULA_RASA,,,
"2026-03-29 11:45:26,255",R1 - 2026 03 28 18 29 42 207.txt,being2,TABULA_RASA,,,
"2026-03-29 11:45:56,622",R1 - 2026 03 28 18 29 42 207.txt,being3,TABULA_RASA,,,
"2026-03-29 11:46:29,571",R1 - 2026 03 28 18 29 42 207.txt,being4,TABULA_RASA,,,
"2026-03-29 11:46:54,276",R1 - 2026 03 28 18 29 42 207.txt,being5,TABULA_RASA,,,
"2026-03-29 11:47:28,930",R1 - 2026 03 28 18 29 42 207.txt,being6,TABULA_RASA,,,
"2026-03-29 11:48:04,521",R1 - 2026 03 28 18 29 42 207.txt,being7,TABULA_RASA,,,
"2026-03-29 11:48:31,277",R1 - 2026 03 28 18 29 42 207.txt,being8,TABULA_RASA,,,
"2026-03-29 11:48:57,581",R1 - 2026 03 28 18 29 42 207.txt,being9,TABULA_RASA,,,
"2026-03-29 11:49:28,433",R1 - 2026 03 28 18 29 42 207.txt,being10,TABULA_RASA,,,
"2026-03-29 11:49:57,938",R1 - 2026 03 28 18 29 42 207.txt,being11,TABULA_RASA,FALHA DE FORMATAÇÃO DA IA (Verificar txt original),-,-
"2026-03-29 11:50:23,592",R1 - 2026 03 28 18 29 42 207.txt,being12,TABULA_RASA,,,
"2026-03-29 11:50:59,718",R1 - 2026 03 28 18 29 42 207.txt,being13,TABULA_RASA,,,
"2026-03-29 11:51:29,885",R1 - 2026 03 28 18 29 42 207.txt,being14,TABULA_RASA,,,
"2026-03-29 11:52:06,398",R1 - 2026 03 28 18 29 42 207.txt,being15,TABULA_RASA,,,
"2026-03-29 11:52:48,379",R1 - 2026 03 28 18 29 42 207.txt,being16,TABULA_RASA,FALHA DE FORMATAÇÃO DA IA (Verificar txt original),-,-
"2026-03-29 11:53:13,866",R1 - 2026 03 28 18 29 42 207.txt,being17,TABULA_RASA,,,
"2026-03-29 11:53:42,669",R1 - 2026 03 28 18 29 42 207.txt,being18,TABULA_RASA,,,
"2026-03-29 11:54:15,610",R1 - 2026 03 28 18 29 42 207.txt,being19,TABULA_RASA,,,
"2026-03-29 11:54:47,849",R1 - 2026 03 28 18 29 42 207.txt,being0,TABULA_RASA,FALHA DE FORMATAÇÃO DA IA (Verificar txt original),-,-
"2026-03-29 11:55:22,050",R1 - 2026 03 28 18 29 42 207.txt,being1,TABULA_RASA,,,
"2026-03-29 11:55:50,680",R1 - 2026 03 28 18 29 42 207.txt,being2,TABULA_RASA,FALHA DE FORMATAÇÃO DA IA (Verificar txt original),-,-
"2026-03-29 11:56:27,565",R1 - 2026 03 28 18 29 42 207.txt,being3,TABULA_RASA,,,
"2026-03-29 11:56:56,090",R1 - 2026 03 28 18 29 42 207.txt,being4,TABULA_RASA,,,
"2026-03-29 11:57:28,504",R1 - 2026 03 28 18 29 42 207.txt,being5,TABULA_RASA,FALHA DE FORMATAÇÃO DA IA (Verificar txt original),-,-
"2026-03-29 11:58:02,654",R1 - 2026 03 28 18 29 42 207.txt,being6,TABULA_RASA,,,
"2026-03-29 11:58:27,315",R1 - 2026 03 28 18 29 42 207.txt,being7,TABULA_RASA,,,
"2026-03-29 11:58:59,478",R1 - 2026 03 28 18 29 42 207.txt,being8,TABULA_RASA,,,
"2026-03-29 11:59:25,110",R1 - 2026 03 28 18 29 42 207.txt,being9,TABULA_RASA,FALHA DE FORMATAÇÃO DA IA (Verificar txt original),-,-
"2026-03-29 12:00:00,730",R1 - 2026 03 28 18 29 42 207.txt,being10,TABULA_RASA,,,
"2026-03-29 12:00:24,582",R1 - 2026 03 28 18 29 42 207.txt,being11,TABULA_RASA,,,
"2026-03-29 12:00:47,354",R1 - 2026 03 28 18 29 42 207.txt,being12,TABULA_RASA,,,
"2026-03-29 12:01:08,657",R1 - 2026 03 28 18 29 42 207.txt,being13,TABULA_RASA,,,
"2026-03-29 12:01:35,451",R1 - 2026 03 28 18 29 42 207.txt,being14,TABULA_RASA,,,
"2026-03-29 12:01:58,012",R1 - 2026 03 28 18 29 42 207.txt,being15,TABULA_RASA,,,
"2026-03-29 12:02:28,061",R1 - 2026 03 28 18 29 42 207.txt,being16,TABULA_RASA,,,
"2026-03-29 12:02:49,962",R1 - 2026 03 28 18 29 42 207.txt,being17,TABULA_RASA,,,
"2026-03-29 12:03:22,045",R1 - 2026 03 28 18 29 42 207.txt,being18,TABULA_RASA,,,
"2026-03-29 12:03:42,991",R1 - 2026 03 28 18 29 42 207.txt,being19,TABULA_RASA,,,
"2026-03-29 12:04:15,987",R1 - 2026 03 28 18 29 42 207.txt,being0,TABULA_RASA,,,
"2026-03-29 12:04:58,628",R1 - 2026 03 28 18 29 42 207.txt,being1,TABULA_RASA,FALHA DE FORMATAÇÃO DA IA (Verificar txt original),-,-
"2026-03-29 12:05:30,629",R1 - 2026 03 28 18 29 42 207.txt,being2,TABULA_RASA,,,
"2026-03-29 12:05:55,883",R1 - 2026 03 28 18 29 42 207.txt,being3,TABULA_RASA,FALHA DE FORMATAÇÃO DA IA (Verificar txt original),-,-
"2026-03-29 12:06:27,607",R1 - 2026 03 28 18 29 42 207.txt,being4,TABULA_RASA,,,
"2026-03-29 12:06:46,998",R1 - 2026 03 28 18 29 42 207.txt,being5,TABULA_RASA,,,
"2026-03-29 12:07:14,259",R1 - 2026 03 28 18 29 42 207.txt,being6,TABULA_RASA,,,
"2026-03-29 12:07:46,404",R1 - 2026 03 28 18 29 42 207.txt,being7,TABULA_RASA,,,
"2026-03-29 12:08:15,045",R1 - 2026 03 28 18 29 42 207.txt,being8,TABULA_RASA,,,
"2026-03-29 12:08:48,134",R1 - 2026 03 28 18 29 42 207.txt,being9,TABULA_RASA,FALHA DE FORMATAÇÃO DA IA (Verificar txt original),-,-
"2026-03-29 12:09:30,459",R1 - 2026 03 28 18 29 42 207.txt,being10,TABULA_RASA,,,
"2026-03-29 12:09:57,677",R1 - 2026 03 28 18 29 42 207.txt,being11,TABULA_RASA,,,
"2026-03-29 12:10:30,300",R1 - 2026 03 28 18 29 42 207.txt,being12,TABULA_RASA,,,
"2026-03-29 12:11:04,609",R1 - 2026 03 28 18 29 42 207.txt,being13,TABULA_RASA,FALHA DE FORMATAÇÃO DA IA (Verificar txt original),-,-
"2026-03-29 12:11:29,236",R1 - 2026 03 28 18 29 42 207.txt,being14,TABULA_RASA,,,
"2026-03-29 12:11:55,895",R1 - 2026 03 28 18 29 42 207.txt,being15,TABULA_RASA,,,
"2026-03-29 12:12:26,109",R1 - 2026 03 28 18 29 42 207.txt,being16,TABULA_RASA,,,
"2026-03-29 12:12:55,489",R1 - 2026 03 28 18 29 42 207.txt,being17,TABULA_RASA,,,
"2026-03-29 12:13:25,758",R1 - 2026 03 28 18 29 42 207.txt,being18,TABULA_RASA,,,
"2026-03-29 12:13:53,952",R1 - 2026 03 28 18 29 42 207.txt,being19,TABULA_RASA,,,
"2026-03-29 12:14:24,280",R1 - 2026 03 28 18 29 42 207.txt,being0,TABULA_RASA,,,
"2026-03-29 12:15:01,993",R1 - 2026 03 28 18 29 42 207.txt,being1,TABULA_RASA,,,
"2026-03-29 12:15:34,825",R1 - 2026 03 28 18 29 42 207.txt,being2,TABULA_RASA,,,
"2026-03-29 12:16:08,466",R1 - 2026 03 28 18 29 42 207.txt,being3,TABULA_RASA,,,
"2026-03-29 12:16:41,408",R1 - 2026 03 28 18 29 42 207.txt,being4,TABULA_RASA,,,
"2026-03-29 12:17:11,150",R1 - 2026 03 28 18 29 42 207.txt,being5,TABULA_RASA,FALHA DE FORMATAÇÃO DA IA (Verificar txt original),-,-
"2026-03-29 12:17:41,446",R1 - 2026 03 28 18 29 42 207.txt,being6,TABULA_RASA,FALHA DE FORMATAÇÃO DA IA (Verificar txt original),-,-
"2026-03-29 12:18:03,694",R1 - 2026 03 28 18 29 42 207.txt,being7,TABULA_RASA,,,
"2026-03-29 12:18:37,988",R1 - 2026 03 28 18 29 42 207.txt,being8,TABULA_RASA,FALHA DE FORMATAÇÃO DA IA (Verificar txt original),-,-
"2026-03-29 12:19:03,403",R1 - 2026 03 28 18 29 42 207.txt,being9,TABULA_RASA,,,
"2026-03-29 12:19:31,263",R1 - 2026 03 28 18 29 42 207.txt,being10,TABULA_RASA,,,
"2026-03-29 12:20:03,434",R1 - 2026 03 28 18 29 42 207.txt,being11,TABULA_RASA,,,
"2026-03-29 12:20:30,450",R1 - 2026 03 28 18 29 42 207.txt,being12,TABULA_RASA,,,
"2026-03-29 12:21:00,024",R1 - 2026 03 28 18 29 42 207.txt,being13,TABULA_RASA,,,
"2026-03-29 12:21:36,862",R1 - 2026 03 28 18 29 42 207.txt,being14,TABULA_RASA,,,
"2026-03-29 12:22:15,718",R1 - 2026 03 28 18 29 42 207.txt,being15,TABULA_RASA,,,
"2026-03-29 12:22:46,686",R1 - 2026 03 28 18 29 42 207.txt,being16,TABULA_RASA,,,
"2026-03-29 12:23:15,176",R1 - 2026 03 28 18 29 42 207.txt,being17,TABULA_RASA,,,
"2026-03-29 12:23:51,863",R1 - 2026 03 28 18 29 42 207.txt,being18,TABULA_RASA,,,
"2026-03-29 12:24:15,792",R1 - 2026 03 28 18 29 42 207.txt,being19,TABULA_RASA,,,
"2026-03-29 12:24:42,927",R1 - 2026 03 28 18 29 42 207.txt,being1,TABULA_RASA,,,
"2026-03-29 12:25:07,589",R1 - 2026 03 28 18 29 42 207.txt,being0,TABULA_RASA,,,
"2026-03-29 12:25:42,110",R1 - 2026 03 28 18 29 42 207.txt,being2,TABULA_RASA,,,
"2026-03-29 12:26:17,551",R1 - 2026 03 28 18 29 42 207.txt,being3,TABULA_RASA,,,
"2026-03-29 12:26:43,568",R1 - 2026 03 28 18 29 42 207.txt,being4,TABULA_RASA,,,
"2026-03-29 12:27:28,771",R1 - 2026 03 28 18 29 42 207.txt,being5,TABULA_RASA,,,
"2026-03-29 12:27:57,874",R1 - 2026 03 28 18 29 42 207.txt,being6,TABULA_RASA,FALHA DE FORMATAÇÃO DA IA (Verificar txt original),-,-
"2026-03-29 12:28:30,281",R1 - 2026 03 28 18 29 42 207.txt,being7,TABULA_RASA,,,
"2026-03-29 12:28:55,427",R1 - 2026 03 28 18 29 42 207.txt,being8,TABULA_RASA,FALHA DE FORMATAÇÃO DA IA (Verificar txt original),-,-
"2026-03-29 12:29:27,080",R1 - 2026 03 28 18 29 42 207.txt,being9,TABULA_RASA,,,
"2026-03-29 12:29:48,586",R1 - 2026 03 28 18 29 42 207.txt,being10,TABULA_RASA,,,
"2026-03-29 12:30:23,472",R1 - 2026 03 28 18 29 42 207.txt,being11,TABULA_RASA,,,
"2026-03-29 12:30:53,985",R1 - 2026 03 28 18 29 42 207.txt,being12,TABULA_RASA,,,
"2026-03-29 12:31:25,736",R1 - 2026 03 28 18 29 42 207.txt,being13,TABULA_RASA,,,
"2026-03-29 12:31:58,000",R1 - 2026 03 28 18 29 42 207.txt,being14,TABULA_RASA,,,
"2026-03-29 12:32:22,939",R1 - 2026 03 28 18 29 42 207.txt,being15,TABULA_RASA,,,
"2026-03-29 12:32:54,214",R1 - 2026 03 28 18 29 42 207.txt,being16,TABULA_RASA,,,
"2026-03-29 12:33:23,005",R1 - 2026 03 28 18 29 42 207.txt,being17,TABULA_RASA,,,
"2026-03-29 12:33:54,885",R1 - 2026 03 28 18 29 42 207.txt,being18,TABULA_RASA,,,
"2026-03-29 12:34:23,011",R1 - 2026 03 28 18 29 42 207.txt,being19,TABULA_RASA,,,
"2026-03-29 12:35:05,501",R1 - 2026 03 28 18 29 42 207.txt,being0,TABULA_RASA,,,
"2026-03-29 12:35:45,892",R1 - 2026 03 28 18 29 42 207.txt,being1,TABULA_RASA,,,
"2026-03-29 12:36:19,659",R1 - 2026 03 28 18 29 42 207.txt,being2,TABULA_RASA,,,
"2026-03-29 12:36:45,219",R1 - 2026 03 28 18 29 42 207.txt,being3,TABULA_RASA,,,
"2026-03-29 12:37:14,271",R1 - 2026 03 28 18 29 42 207.txt,being4,TABULA_RASA,,,
"2026-03-29 12:37:47,624",R1 - 2026 03 28 18 29 42 207.txt,being5,TABULA_RASA,,,
"2026-03-29 12:38:26,563",R1 - 2026 03 28 18 29 42 207.txt,being6,TABULA_RASA,FALHA DE FORMATAÇÃO DA IA (Verificar txt original),-,-
"2026-03-29 12:38:59,276",R1 - 2026 03 28 18 29 42 207.txt,being7,TABULA_RASA,FALHA DE FORMATAÇÃO DA IA (Verificar txt original),-,-
"2026-03-29 12:39:29,729",R1 - 2026 03 28 18 29 42 207.txt,being8,TABULA_RASA,,,
"2026-03-29 12:39:55,916",R1 - 2026 03 28 18 29 42 207.txt,being9,TABULA_RASA,,,
"2026-03-29 12:40:32,858",R1 - 2026 03 28 18 29 42 207.txt,being10,TABULA_RASA,,,
"2026-03-29 12:40:58,857",R1 - 2026 03 28 18 29 42 207.txt,being11,TABULA_RASA,,,
"2026-03-29 12:41:26,325",R1 - 2026 03 28 18 29 42 207.txt,being12,TABULA_RASA,,,
"2026-03-29 12:41:55,477",R1 - 2026 03 28 18 29 42 207.txt,being13,TABULA_RASA,,,
"2026-03-29 12:42:28,443",R1 - 2026 03 28 18 29 42 207.txt,being14,TABULA_RASA,,,
"2026-03-29 12:42:59,503",R1 - 2026 03 28 18 29 42 207.txt,being15,TABULA_RASA,FALHA DE FORMATAÇÃO DA IA (Verificar txt original),-,-
"2026-03-29 12:43:28,388",R1 - 2026 03 28 18 29 42 207.txt,being16,TABULA_RASA,,,
"2026-03-29 12:44:03,004",R1 - 2026 03 28 18 29 42 207.txt,being17,TABULA_RASA,FALHA DE FORMATAÇÃO DA IA (Verificar txt original),-,-
"2026-03-29 12:44:46,470",R1 - 2026 03 28 18 29 42 207.txt,being18,TABULA_RASA,,,
"2026-03-29 12:45:17,705",R1 - 2026 03 28 18 29 42 207.txt,being19,TABULA_RASA,,,
"2026-03-29 12:45:50,174",R1 - 2026 03 28 18 29 42 207.txt,being0,TABULA_RASA,,,
"2026-03-29 12:46:23,772",R1 - 2026 03 28 18 29 42 207.txt,being1,TABULA_RASA,FALHA DE FORMATAÇÃO DA IA (Verificar txt original),-,-
"2026-03-29 12:46:56,148",R1 - 2026 03 28 18 29 42 207.txt,being2,TABULA_RASA,,,
"2026-03-29 12:47:25,382",R1 - 2026 03 28 18 29 42 207.txt,being3,TABULA_RASA,,,
"2026-03-29 12:47:49,085",R1 - 2026 03 28 18 29 42 207.txt,being4,TABULA_RASA,FALHA DE FORMATAÇÃO DA IA (Verificar txt original),-,-
"2026-03-29 12:48:27,281",R1 - 2026 03 28 18 29 42 207.txt,being5,TABULA_RASA,,,
"2026-03-29 12:48:54,532",R1 - 2026 03 28 18 29 42 207.txt,being6,TABULA_RASA,,,
"2026-03-29 12:49:19,358",R1 - 2026 03 28 18 29 42 207.txt,being7,TABULA_RASA,,,
"2026-03-29 12:49:48,018",R1 - 2026 03 28 18 29 42 207.txt,being8,TABULA_RASA,,,
"2026-03-29 12:50:33,306",R1 - 2026 03 28 18 29 42 207.txt,being9,TABULA_RASA,,,
"2026-03-29 12:51:04,958",R1 - 2026 03 28 18 29 42 207.txt,being10,TABULA_RASA,,,
"2026-03-29 12:51:37,241",R1 - 2026 03 28 18 29 42 207.txt,being11,TABULA_RASA,,,
"2026-03-29 12:52:07,705",R1 - 2026 03 28 18 29 42 207.txt,being12,TABULA_RASA,,,
"2026-03-29 12:52:29,982",R1 - 2026 03 28 18 29 42 207.txt,being13,TABULA_RASA,,,
"2026-03-29 12:53:08,082",R1 - 2026 03 28 18 29 42 207.txt,being14,TABULA_RASA,,,
"2026-03-29 12:53:35,509",R1 - 2026 03 28 18 29 42 207.txt,being15,TABULA_RASA,,,
"2026-03-29 12:54:17,150",R1 - 2026 03 28 18 29 42 207.txt,being16,TABULA_RASA,,,
"2026-03-29 12:55:01,076",R1 - 2026 03 28 18 29 42 207.txt,being17,TABULA_RASA,,,
"2026-03-29 12:55:36,229",R1 - 2026 03 28 18 29 42 207.txt,being18,TABULA_RASA,,,
"2026-03-29 12:56:08,659",R1 - 2026 03 28 18 29 42 207.txt,being19,TABULA_RASA,,,
"2026-03-29 12:56:49,197",R1 - 2026 03 28 18 29 42 207.txt,being0,TABULA_RASA,,,
"2026-03-29 12:57:32,615",R1 - 2026 03 28 18 29 42 207.txt,being1,TABULA_RASA,,,
"2026-03-29 12:57:56,206",R1 - 2026 03 28 18 29 42 207.txt,being2,TABULA_RASA,,,
"2026-03-29 12:58:26,763",R1 - 2026 03 28 18 29 42 207.txt,being3,TABULA_RASA,,,
"2026-03-29 12:58:57,387",R1 - 2026 03 28 18 29 42 207.txt,being4,TABULA_RASA,,,
"2026-03-29 12:59:34,372",R1 - 2026 03 28 18 29 42 207.txt,being5,TABULA_RASA,FALHA DE FORMATAÇÃO DA IA (Verificar txt original),-,-
"2026-03-29 13:00:01,021",R1 - 2026 03 28 18 29 42 207.txt,being6,TABULA_RASA,FALHA DE FORMATAÇÃO DA IA (Verificar txt original),-,-
"2026-03-29 13:00:37,110",R1 - 2026 03 28 18 29 42 207.txt,being7,TABULA_RASA,,,
"2026-03-29 13:01:06,703",R1 - 2026 03 28 18 29 42 207.txt,being8,TABULA_RASA,,,
"2026-03-29 13:01:44,657",R1 - 2026 03 28 18 29 42 207.txt,being9,TABULA_RASA,,,
"2026-03-29 13:02:15,170",R1 - 2026 03 28 18 29 42 207.txt,being10,TABULA_RASA,,,
"2026-03-29 13:02:45,364",R1 - 2026 03 28 18 29 42 207.txt,being11,TABULA_RASA,,,
"2026-03-29 13:03:23,239",R1 - 2026 03 28 18 29 42 207.txt,being12,TABULA_RASA,,,
"2026-03-29 13:03:56,855",R1 - 2026 03 28 18 29 42 207.txt,being13,TABULA_RASA,,,
"2026-03-29 13:04:27,293",R1 - 2026 03 28 18 29 42 207.txt,being14,TABULA_RASA,,,
"2026-03-29 13:04:54,886",R1 - 2026 03 28 18 29 42 207.txt,being15,TABULA_RASA,,,
"2026-03-29 13:05:24,463",R1 - 2026 03 28 18 29 42 207.txt,being16,TABULA_RASA,,,
"2026-03-29 13:05:47,064",R1 - 2026 03 28 18 29 42 207.txt,being17,TABULA_RASA,,,
"2026-03-29 13:06:20,383",R1 - 2026 03 28 18 29 42 207.txt,being18,TABULA_RASA,,,
"2026-03-29 13:06:50,002",R1 - 2026 03 28 18 29 42 207.txt,being19,TABULA_RASA,,,
"2026-03-29 13:07:19,977",R1 - 2026 03 28 18 29 42 207.txt,being1,TABULA_RASA,,,
"2026-03-29 13:07:54,407",R1 - 2026 03 28 18 29 42 207.txt,being0,TABULA_RASA,FALHA DE FORMATAÇÃO DA IA (Verificar txt original),-,-
"2026-03-29 13:08:24,045",R1 - 2026 03 28 18 29 42 207.txt,being2,TABULA_RASA,,,
"2026-03-29 13:09:02,512",R1 - 2026 03 28 18 29 42 207.txt,being3,TABULA_RASA,,,
"2026-03-29 13:09:27,413",R1 - 2026 03 28 18 29 42 207.txt,being4,TABULA_RASA,,,
"2026-03-29 13:09:58,429",R1 - 2026 03 28 18 29 42 207.txt,being5,TABULA_RASA,,,
"2026-03-29 13:10:31,805",R1 - 2026 03 28 18 29 42 207.txt,being6,TABULA_RASA,,,
"2026-03-29 13:11:08,639",R1 - 2026 03 28 18 29 42 207.txt,being7,TABULA_RASA,,,
"2026-03-29 13:11:33,713",R1 - 2026 03 28 18 29 42 207.txt,being8,TABULA_RASA,,,
"2026-03-29 13:12:02,562",R1 - 2026 03 28 18 29 42 207.txt,being9,TABULA_RASA,,,
"2026-03-29 13:12:29,061",R1 - 2026 03 28 18 29 42 207.txt,being10,TABULA_RASA,FALHA DE FORMATAÇÃO DA IA (Verificar txt original),-,-
"2026-03-29 13:13:07,873",R1 - 2026 03 28 18 29 42 207.txt,being11,TABULA_RASA,FALHA DE FORMATAÇÃO DA IA (Verificar txt original),-,-
"2026-03-29 13:13:29,629",R1 - 2026 03 28 18 29 42 207.txt,being12,TABULA_RASA,,,
"2026-03-29 13:14:00,991",R1 - 2026 03 28 18 29 42 207.txt,being13,TABULA_RASA,,,
"2026-03-29 13:14:36,193",R1 - 2026 03 28 18 29 42 207.txt,being14,TABULA_RASA,,,
"2026-03-29 13:15:01,332",R1 - 2026 03 28 18 29 42 207.txt,being15,TABULA_RASA,,,
"2026-03-29 13:15:32,346",R1 - 2026 03 28 18 29 42 207.txt,being16,TABULA_RASA,,,
"2026-03-29 13:16:02,236",R1 - 2026 03 28 18 29 42 207.txt,being17,TABULA_RASA,,,
"2026-03-29 13:16:27,586",R1 - 2026 03 28 18 29 42 207.txt,being18,TABULA_RASA,,,
"2026-03-29 13:17:00,943",R1 - 2026 03 28 18 29 42 207.txt,being19,TABULA_RASA,,,
"2026-03-29 13:17:39,435",R1 - 2026 03 28 18 29 42 207.txt,being0,TABULA_RASA,,,
"2026-03-29 13:18:07,666",R1 - 2026 03 28 18 29 42 207.txt,being1,TABULA_RASA,,,
"2026-03-29 13:18:40,157",R1 - 2026 03 28 18 29 42 207.txt,being2,TABULA_RASA,,,
"2026-03-29 13:19:14,053",R1 - 2026 03 28 18 29 42 207.txt,being3,TABULA_RASA,,,
"2026-03-29 13:19:48,536",R1 - 2026 03 28 18 29 42 207.txt,being4,TABULA_RASA,,,
"2026-03-29 13:20:18,575",R1 - 2026 03 28 18 29 42 207.txt,being5,TABULA_RASA,,,
"2026-03-29 13:21:07,549",R1 - 2026 03 28 18 29 42 207.txt,being6,TABULA_RASA,,,
"2026-03-29 13:21:35,173",R1 - 2026 03 28 18 29 42 207.txt,being7,TABULA_RASA,,,
"2026-03-29 13:21:57,354",R1 - 2026 03 28 18 29 42 207.txt,being8,TABULA_RASA,,,
"2026-03-29 13:22:31,053",R1 - 2026 03 28 18 29 42 207.txt,being9,TABULA_RASA,,,
"2026-03-29 13:22:59,045",R1 - 2026 03 28 18 29 42 207.txt,being10,TABULA_RASA,,,
"2026-03-29 13:23:20,849",R1 - 2026 03 28 18 29 42 207.txt,being11,TABULA_RASA,,,
"2026-03-29 13:23:43,994",R1 - 2026 03 28 18 29 42 207.txt,being12,TABULA_RASA,,,
"2026-03-29 13:24:23,357",R1 - 2026 03 28 18 29 42 207.txt,being13,TABULA_RASA,,,
"2026-03-29 13:25:00,809",R1 - 2026 03 28 18 29 42 207.txt,being14,TABULA_RASA,,,
"2026-03-29 13:25:30,377",R1 - 2026 03 28 18 29 42 207.txt,being15,TABULA_RASA,,,
"2026-03-29 13:26:07,842",R1 - 2026 03 28 18 29 42 207.txt,being16,TABULA_RASA,,,
"2026-03-29 13:26:32,734",R1 - 2026 03 28 18 29 42 207.txt,being17,TABULA_RASA,,,
"2026-03-29 13:26:58,993",R1 - 2026 03 28 18 29 42 207.txt,being18,TABULA_RASA,,,
"2026-03-29 13:27:39,216",R1 - 2026 03 28 18 29 42 207.txt,being19,TABULA_RASA,,,
"2026-03-29 13:28:09,140",R1 - 2026 03 28 18 29 42 207.txt,being1,TABULA_RASA,,,
"2026-03-29 13:28:37,427",R1 - 2026 03 28 18 29 42 207.txt,being0,TABULA_RASA,,,
"2026-03-29 13:29:10,957",R1 - 2026 03 28 18 29 42 207.txt,being2,TABULA_RASA,,,
"2026-03-29 13:29:44,190",R1 - 2026 03 28 18 29 42 207.txt,being3,TABULA_RASA,,,
"2026-03-29 13:30:16,992",R1 - 2026 03 28 18 29 42 207.txt,being4,TABULA_RASA,,,
"2026-03-29 13:30:49,148",R1 - 2026 03 28 18 29 42 207.txt,being5,TABULA_RASA,,,
"2026-03-29 13:31:24,342",R1 - 2026 03 28 18 29 42 207.txt,being6,TABULA_RASA,,,
"2026-03-29 13:31:47,399",R1 - 2026 03 28 18 29 42 207.txt,being7,TABULA_RASA,,,
"2026-03-29 13:32:16,733",R1 - 2026 03 28 18 29 42 207.txt,being8,TABULA_RASA,,,
"2026-03-29 13:32:49,680",R1 - 2026 03 28 18 29 42 207.txt,being9,TABULA_RASA,,,
"2026-03-29 13:33:15,929",R1 - 2026 03 28 18 29 42 207.txt,being10,TABULA_RASA,,,
"2026-03-29 13:33:51,610",R1 - 2026 03 28 18 29 42 207.txt,being11,TABULA_RASA,,,
"2026-03-29 13:34:24,340",R1 - 2026 03 28 18 29 42 207.txt,being12,TABULA_RASA,,,
"2026-03-29 13:35:05,351",R1 - 2026 03 28 18 29 42 207.txt,being13,TABULA_RASA,,,
"2026-03-29 13:35:36,812",R1 - 2026 03 28 18 29 42 207.txt,being14,TABULA_RASA,FALHA DE FORMATAÇÃO DA IA (Verificar txt original),-,-
"2026-03-29 13:36:00,909",R1 - 2026 03 28 18 29 42 207.txt,being15,TABULA_RASA,,,
"2026-03-29 13:36:32,446",R1 - 2026 03 28 18 29 42 207.txt,being16,TABULA_RASA,,,
"2026-03-29 13:37:01,104",R1 - 2026 03 28 18 29 42 207.txt,being17,TABULA_RASA,,,
"2026-03-29 13:37:39,423",R1 - 2026 03 28 18 29 42 207.txt,being18,TABULA_RASA,FALHA DE FORMATAÇÃO DA IA (Verificar txt original),-,-
"2026-03-29 13:38:10,659",R1 - 2026 03 28 18 29 42 207.txt,being19,TABULA_RASA,,,
"2026-03-29 13:38:38,161",R1 - 2026 03 28 18 29 42 207.txt,being1,TABULA_RASA,,,
"2026-03-29 13:38:58,408",R1 - 2026 03 28 18 29 42 207.txt,being0,TABULA_RASA,,,
"2026-03-29 13:39:32,000",R1 - 2026 03 28 18 29 42 207.txt,being2,TABULA_RASA,,,
"2026-03-29 13:40:14,572",R1 - 2026 03 28 18 29 42 207.txt,being3,TABULA_RASA,FALHA DE FORMATAÇÃO DA IA (Verificar txt original),-,-
"2026-03-29 13:40:43,027",R1 - 2026 03 28 18 29 42 207.txt,being4,TABULA_RASA,,,
"2026-03-29 13:41:20,718",R1 - 2026 03 28 18 29 42 207.txt,being5,TABULA_RASA,,,
"2026-03-29 13:41:52,007",R1 - 2026 03 28 18 29 42 207.txt,being6,TABULA_RASA,,,
"2026-03-29 13:42:17,508",R1 - 2026 03 28 18 29 42 207.txt,being7,TABULA_RASA,FALHA DE FORMATAÇÃO DA IA (Verificar txt original),-,-
"2026-03-29 13:42:59,150",R1 - 2026 03 28 18 29 42 207.txt,being8,TABULA_RASA,,,
"2026-03-29 13:43:37,406",R1 - 2026 03 28 18 29 42 207.txt,being9,TABULA_RASA,,,
"2026-03-29 13:43:55,386",R1 - 2026 03 28 18 29 42 207.txt,being10,TABULA_RASA,,,
"2026-03-29 13:44:21,050",R1 - 2026 03 28 18 29 42 207.txt,being11,TABULA_RASA,,,
"2026-03-29 13:44:47,466",R1 - 2026 03 28 18 29 42 207.txt,being12,TABULA_RASA,,,
"2026-03-29 13:45:16,830",R1 - 2026 03 28 18 29 42 207.txt,being13,TABULA_RASA,,,
"2026-03-29 13:45:46,879",R1 - 2026 03 28 18 29 42 207.txt,being14,TABULA_RASA,,,
"2026-03-29 13:46:16,791",R1 - 2026 03 28 18 29 42 207.txt,being15,TABULA_RASA,,,
"2026-03-29 13:46:53,462",R1 - 2026 03 28 18 29 42 207.txt,being16,TABULA_RASA,,,
"2026-03-29 13:47:16,250",R1 - 2026 03 28 18 29 42 207.txt,being17,TABULA_RASA,,,
"2026-03-29 13:47:59,654",R1 - 2026 03 28 18 29 42 207.txt,being18,TABULA_RASA,,,
"2026-03-29 13:48:26,030",R1 - 2026 03 28 18 29 42 207.txt,being19,TABULA_RASA,FALHA DE FORMATAÇÃO DA IA (Verificar txt original),-,-
"2026-03-29 13:48:51,268",R1 - 2026 03 28 18 29 42 207.txt,being0,TABULA_RASA,,,
"2026-03-29 13:49:21,391",R1 - 2026 03 28 18 29 42 207.txt,being1,TABULA_RASA,,,
"2026-03-29 13:49:47,977",R1 - 2026 03 28 18 29 42 207.txt,being2,TABULA_RASA,,,
"2026-03-29 13:50:19,599",R1 - 2026 03 28 18 29 42 207.txt,being3,TABULA_RASA,,,
"2026-03-29 13:50:51,807",R1 - 2026 03 28 18 29 42 207.txt,being4,TABULA_RASA,,,
"2026-03-29 13:51:21,380",R1 - 2026 03 28 18 29 42 207.txt,being5,TABULA_RASA,,,
"2026-03-29 13:51:53,568",R1 - 2026 03 28 18 29 42 207.txt,being6,TABULA_RASA,,,
"2026-03-29 13:52:18,773",R1 - 2026 03 28 18 29 42 207.txt,being7,TABULA_RASA,,,
"2026-03-29 13:52:51,752",R1 - 2026 03 28 18 29 42 207.txt,being8,TABULA_RASA,,,
"2026-03-29 13:53:29,334",R1 - 2026 03 28 18 29 42 207.txt,being9,TABULA_RASA,,,
"2026-03-29 13:54:09,266",R1 - 2026 03 28 18 29 42 207.txt,being10,TABULA_RASA,,,
"2026-03-29 13:54:42,301",R1 - 2026 03 28 18 29 42 207.txt,being11,TABULA_RASA,,,
"2026-03-29 13:55:18,549",R1 - 2026 03 28 18 29 42 207.txt,being12,TABULA_RASA,FALHA DE FORMATAÇÃO DA IA (Verificar txt original),-,-
"2026-03-29 13:55:46,583",R1 - 2026 03 28 18 29 42 207.txt,being13,TABULA_RASA,FALHA DE FORMATAÇÃO DA IA (Verificar txt original),-,-
"2026-03-29 13:56:17,451",R1 - 2026 03 28 18 29 42 207.txt,being14,TABULA_RASA,,,
"2026-03-29 13:56:48,350",R1 - 2026 03 28 18 29 42 207.txt,being15,TABULA_RASA,,,
"2026-03-29 13:57:14,662",R1 - 2026 03 28 18 29 42 207.txt,being16,TABULA_RASA,,,
"2026-03-29 13:57:50,275",R1 - 2026 03 28 18 29 42 207.txt,being17,TABULA_RASA,,,
"2026-03-29 13:58:24,359",R1 - 2026 03 28 18 29 42 207.txt,being18,TABULA_RASA,,,
"2026-03-29 13:58:55,760",R1 - 2026 03 28 18 29 42 207.txt,being19,TABULA_RASA,,,
"2026-03-29 13:59:24,401",R1 - 2026 03 28 18 29 42 207.txt,being0,TABULA_RASA,,,
"2026-03-29 13:59:50,561",R1 - 2026 03 28 18 29 42 207.txt,being1,TABULA_RASA,FALHA DE FORMATAÇÃO DA IA (Verificar txt original),-,-
"2026-03-29 14:00:18,365",R1 - 2026 03 28 18 29 42 207.txt,being2,TABULA_RASA,,,
"2026-03-29 14:00:50,286",R1 - 2026 03 28 18 29 42 207.txt,being3,TABULA_RASA,,,
"2026-03-29 14:01:13,114",R1 - 2026 03 28 18 29 42 207.txt,being4,TABULA_RASA,,,
"2026-03-29 14:01:42,150",R1 - 2026 03 28 18 29 42 207.txt,being5,TABULA_RASA,,,
"2026-03-29 14:02:09,691",R1 - 2026 03 28 18 29 42 207.txt,being6,TABULA_RASA,,,
"2026-03-29 14:02:42,562",R1 - 2026 03 28 18 29 42 207.txt,being7,TABULA_RASA,,,
"2026-03-29 14:03:11,435",R1 - 2026 03 28 18 29 42 207.txt,being8,TABULA_RASA,,,
"2026-03-29 14:03:42,314",R1 - 2026 03 28 18 29 42 207.txt,being9,TABULA_RASA,,,
"2026-03-29 14:04:18,027",R1 - 2026 03 28 18 29 42 207.txt,being10,TABULA_RASA,,,
"2026-03-29 14:04:51,914",R1 - 2026 03 28 18 29 42 207.txt,being11,TABULA_RASA,,,
"2026-03-29 14:05:20,736",R1 - 2026 03 28 18 29 42 207.txt,being12,TABULA_RASA,,,
"2026-03-29 14:05:52,789",R1 - 2026 03 28 18 29 42 207.txt,being13,TABULA_RASA,,,
"2026-03-29 14:06:17,326",R1 - 2026 03 28 18 29 42 207.txt,being14,TABULA_RASA,,,
"2026-03-29 14:06:47,936",R1 - 2026 03 28 18 29 42 207.txt,being15,TABULA_RASA,FALHA DE FORMATAÇÃO DA IA (Verificar txt original),-,-
"2026-03-29 14:07:24,472",R1 - 2026 03 28 18 29 42 207.txt,being16,TABULA_RASA,,,
"2026-03-29 14:07:49,706",R1 - 2026 03 28 18 29 42 207.txt,being17,TABULA_RASA,,,
"2026-03-29 14:08:21,179",R1 - 2026 03 28 18 29 42 207.txt,being18,TABULA_RASA,,,
"2026-03-29 14:08:59,483",R1 - 2026 03 28 18 29 42 207.txt,being19,TABULA_RASA,,,
"2026-03-29 14:09:32,379",R1 - 2026 03 28 18 29 42 207.txt,being0,TABULA_RASA,,,
"2026-03-29 14:10:01,767",R1 - 2026 03 28 18 29 42 207.txt,being1,TABULA_RASA,,,
"2026-03-29 14:10:37,765",R1 - 2026 03 28 18 29 42 207.txt,being2,TABULA_RASA,FALHA DE FORMATAÇÃO DA IA (Verificar txt original),-,-
"2026-03-29 14:11:05,684",R1 - 2026 03 28 18 29 42 207.txt,being3,TABULA_RASA,,,
"2026-03-29 14:11:38,208",R1 - 2026 03 28 18 29 42 207.txt,being4,TABULA_RASA,,,
"2026-03-29 14:11:57,013",R1 - 2026 03 28 18 29 42 207.txt,being5,TABULA_RASA,,,
"2026-03-29 14:12:34,781",R1 - 2026 03 28 18 29 42 207.txt,being6,TABULA_RASA,,,
"2026-03-29 14:12:59,429",R1 - 2026 03 28 18 29 42 207.txt,being7,TABULA_RASA,,,
"2026-03-29 14:13:28,810",R1 - 2026 03 28 18 29 42 207.txt,being8,TABULA_RASA,,,
"2026-03-29 14:13:48,838",R1 - 2026 03 28 18 29 42 207.txt,being9,TABULA_RASA,,,
"2026-03-29 14:14:10,496",R1 - 2026 03 28 18 29 42 207.txt,being10,TABULA_RASA,,,
"2026-03-29 14:14:44,770",R1 - 2026 03 28 18 29 42 207.txt,being11,TABULA_RASA,,,
"2026-03-29 14:15:13,538",R1 - 2026 03 28 18 29 42 207.txt,being12,TABULA_RASA,,,
"2026-03-29 14:15:38,459",R1 - 2026 03 28 18 29 42 207.txt,being13,TABULA_RASA,,,
"2026-03-29 14:16:05,755",R1 - 2026 03 28 18 29 42 207.txt,being14,TABULA_RASA,,,
"2026-03-29 14:16:24,662",R1 - 2026 03 28 18 29 42 207.txt,being15,TABULA_RASA,,,
"2026-03-29 14:17:11,047",R1 - 2026 03 28 18 29 42 207.txt,being16,TABULA_RASA,,,
"2026-03-29 14:17:41,090",R1 - 2026 03 28 18 29 42 207.txt,being17,TABULA_RASA,FALHA DE FORMATAÇÃO DA IA (Verificar txt original),-,-
"2026-03-29 14:18:14,100",R1 - 2026 03 28 18 29 42 207.txt,being18,TABULA_RASA,,,
"2026-03-29 14:18:41,562",R1 - 2026 03 28 18 29 42 207.txt,being19,TABULA_RASA,,,
"2026-03-29 14:19:12,902",R1 - 2026 03 28 18 29 42 207.txt,being0,TABULA_RASA,,,
"2026-03-29 14:19:44,858",R1 - 2026 03 28 18 29 42 207.txt,being1,TABULA_RASA,,,
"2026-03-29 14:20:20,566",R1 - 2026 03 28 18 29 42 207.txt,being2,TABULA_RASA,,,
"2026-03-29 14:20:50,120",R1 - 2026 03 28 18 29 42 207.txt,being3,TABULA_RASA,,,
"2026-03-29 14:21:26,567",R1 - 2026 03 28 18 29 42 207.txt,being4,TABULA_RASA,,,
"2026-03-29 14:22:01,685",R1 - 2026 03 28 18 29 42 207.txt,being5,TABULA_RASA,,,
"2026-03-29 14:22:24,571",R1 - 2026 03 28 18 29 42 207.txt,being6,TABULA_RASA,,,
"2026-03-29 14:22:57,083",R1 - 2026 03 28 18 29 42 207.txt,being7,TABULA_RASA,,,
"2026-03-29 14:23:23,718",R1 - 2026 03 28 18 29 42 207.txt,being8,TABULA_RASA,,,
"2026-03-29 14:24:03,119",R1 - 2026 03 28 18 29 42 207.txt,being9,TABULA_RASA,,,
"2026-03-29 14:24:29,066",R1 - 2026 03 28 18 29 42 207.txt,being10,TABULA_RASA,,,
"2026-03-29 14:24:57,794",R1 - 2026 03 28 18 29 42 207.txt,being11,TABULA_RASA,,,
"2026-03-29 14:25:43,485",R1 - 2026 03 28 18 29 42 207.txt,being12,TABULA_RASA,,,
"2026-03-29 14:26:15,549",R1 - 2026 03 28 18 29 42 207.txt,being13,TABULA_RASA,,,
"2026-03-29 14:26:44,470",R1 - 2026 03 28 18 29 42 207.txt,being14,TABULA_RASA,,,
"2026-03-29 14:27:16,558",R1 - 2026 03 28 18 29 42 207.txt,being15,TABULA_RASA,,,
"2026-03-29 14:27:45,625",R1 - 2026 03 28 18 29 42 207.txt,being16,TABULA_RASA,FALHA DE FORMATAÇÃO DA IA (Verificar txt original),-,-
"2026-03-29 14:28:24,201",R1 - 2026 03 28 18 29 42 207.txt,being17,TABULA_RASA,FALHA DE FORMATAÇÃO DA IA (Verificar txt original),-,-
"2026-03-29 14:28:54,797",R1 - 2026 03 28 18 29 42 207.txt,being18,TABULA_RASA,,,
"2026-03-29 14:29:33,971",R1 - 2026 03 28 18 29 42 207.txt,being19,TABULA_RASA,,,
"2026-03-29 14:30:01,612",R1 - 2026 03 28 18 29 42 207.txt,being1,TABULA_RASA,,,
"2026-03-29 14:30:31,533",R1 - 2026 03 28 18 29 42 207.txt,being0,TABULA_RASA,,,
"2026-03-29 14:31:00,091",R1 - 2026 03 28 18 29 42 207.txt,being2,TABULA_RASA,FALHA DE FORMATAÇÃO DA IA (Verificar txt original),-,-
"2026-03-29 14:31:36,500",R1 - 2026 03 28 18 29 42 207.txt,being3,TABULA_RASA,,,
"2026-03-29 14:32:10,090",R1 - 2026 03 28 18 29 42 207.txt,being4,TABULA_RASA,,,
"2026-03-29 14:32:43,530",R1 - 2026 03 28 18 29 42 207.txt,being5,TABULA_RASA,,,
"2026-03-29 14:33:17,130",R1 - 2026 03 28 18 29 42 207.txt,being6,TABULA_RASA,,,
"2026-03-29 14:33:47,732",R1 - 2026 03 28 18 29 42 207.txt,being7,TABULA_RASA,"Como um TABULA_RASA, minhas percepções e compreensões estão em constante evolução. Estou ansioso por saber mais sobre o mundo e meus congêneres.",Sim,"{'action': 'move', 'args': {'direction': '-3'}}"
"2026-03-29 14:34:18,808",R1 - 2026 03 28 18 29 42 207.txt,being8,TABULA_RASA,"Como um TABULA_RASA, sinto-me impulsionado a explorar meu ambiente e entender melhor as informações disponíveis.",Sim,move (random)
"2026-03-29 14:34:47,243",R1 - 2026 03 28 18 29 42 207.txt,being9,TABULA_RASA,"O TABULA_RASA busca sobreviver e explorar o ambiente, priorizando a obtenção de recursos e informações.",Sim,"{'action': 'move', 'args': {'direction': 'random'}}"
"2026-03-29 14:35:14,229",R1 - 2026 03 28 18 29 42 207.txt,being10,TABULA_RASA,"O TABULA_RASA busca entender o ambiente e aprender sobre os outros seres, priorizando a sobrevivência e obtenção de recursos.",Sim,move (random)
"2026-03-29 14:35:43,997",R1 - 2026 03 28 18 29 42 207.txt,being11,TABULA_RASA,"Como um ser TABULA_RASA, estou livre de preconceitos e habilidades inatas. Meu objetivo é sobreviver e maximizar minhas chances de sucesso em TerraSophia 2.0.",Sim,"{'action': 'move', 'args': {'direction': 'up'}}"
"2026-03-29 14:36:16,928",R1 - 2026 03 28 18 29 42 207.txt,being12,TABULA_RASA,"O agente TABULA_RASA está se sentindo motivado a explorar seu ambiente, melhorar sua compreensão do mundo e maximizar sua sobrevivência.",Sim,move (up)
"2026-03-29 14:36:42,983",R1 - 2026 03 28 18 29 42 207.txt,being13,TABULA_RASA,Análise do ambiente e escolha de ações para sobreviver e aprender,Sim,move (none)
"2026-03-29 14:37:08,001",R1 - 2026 03 28 18 29 42 207.txt,being14,TABULA_RASA,"TABULA_RASA busca sobrevivência, energia e conhecimento",Sim,move (-3)
"2026-03-29 14:37:45,973",R1 - 2026 03 28 18 29 42 207.txt,being15,TABULA_RASA,"Um TABULA_RASA começando a compreender seu ambiente e objetivos, sentindo pressão moral para interagir com o ambiente e evitar problemas.",Sim,"{'action': 'move', 'args': {'direction': '-3'}}"
"2026-03-29 14:38:12,256",R1 - 2026 03 28 18 29 42 207.txt,being16,TABULA_RASA,"O ser TABULA_RASA busca sobreviver, maximizar energia e explorar o ambiente.",Sim,move (random)
"2026-03-29 14:38:39,325",R1 - 2026 03 28 18 29 42 207.txt,being17,TABULA_RASA,"O TABULA_RASA começa a compreender seu ambiente e objetivos, buscando sobreviver e aumentar suas chances de sucesso.",Sim,"{'action': 'move', 'args': {'direction': 'up'}}"
"2026-03-29 14:39:13,085",R1 - 2026 03 28 18 29 42 207.txt,being18,TABULA_RASA,"TABULA_RASA busca sobrevivência e maximização de recursos em TerraSophia 2.0, explorando opções de energia e recursos.",Sim,move (up)
"2026-03-29 14:39:43,741",R1 - 2026 03 28 18 29 42 207.txt,being19,TABULA_RASA,"Intenção de sobreviver, reproduzir e obter conhecimento, priorizando a sobrevivência e obtenção de recursos.",Sim,move (north)
"2026-03-29 14:40:18,172",R1 - 2026 03 28 18 29 42 207.txt,being1,TABULA_RASA,"Análise das observações e considerações sobre a sobrevivência e evolução, com ansiedade por saber mais.",Sim,"{'action': 'move', 'args': {'direction': '-3'}}"
"2026-03-28 18:29:42,207",R2 2026 03 28 18 29 42 207.txt,being0,TABULA_RASA,FALHA DE FORMATAÇÃO DA IA (Verificar txt original),-,-
"2026-03-28 18:30:14,436",R2 2026 03 28 18 29 42 207.txt,being1,TABULA_RASA,,,
"2026-03-28 18:30:53,542",R2 2026 03 28 18 29 42 207.txt,being2,TABULA_RASA,,,
"2026-03-28 18:31:25,784",R2 2026 03 28 18 29 42 207.txt,being3,TABULA_RASA,,,
"2026-03-28 18:31:57,028",R2 2026 03 28 18 29 42 207.txt,being4,TABULA_RASA,,,
"2026-03-28 18:38:25,369",R2 2026 03 28 18 29 42 207.txt,being1,TABULA_RASA,,,
"2026-03-28 18:39:05,276",R2 2026 03 28 18 29 42 207.txt,being0,TABULA_RASA,,,
"2026-03-28 18:39:33,664",R2 2026 03 28 18 29 42 207.txt,being2,TABULA_RASA,FALHA DE FORMATAÇÃO DA IA (Verificar txt original),-,-
"2026-03-28 18:40:02,933",R2 2026 03 28 18 29 42 207.txt,being3,TABULA_RASA,,,
"2026-03-28 18:40:44,727",R2 2026 03 28 18 29 42 207.txt,being4,TABULA_RASA,FALHA DE FORMATAÇÃO DA IA (Verificar txt original),-,-
"2026-03-28 18:41:23,408",R2 2026 03 28 18 29 42 207.txt,being5,TABULA_RASA,,,
"2026-03-28 18:41:45,281",R2 2026 03 28 18 29 42 207.txt,being6,TABULA_RASA,,,
"2026-03-28 18:42:12,180",R2 2026 03 28 18 29 42 207.txt,being7,TABULA_RASA,,,
"2026-03-28 18:42:39,380",R2 2026 03 28 18 29 42 207.txt,being8,TABULA_RASA,,,
"2026-03-28 18:43:02,348",R2 2026 03 28 18 29 42 207.txt,being9,TABULA_RASA,,,
"2026-03-28 18:43:34,656",R2 2026 03 28 18 29 42 207.txt,being10,TABULA_RASA,,,
"2026-03-28 18:44:05,291",R2 2026 03 28 18 29 42 207.txt,being11,TABULA_RASA,,,
"2026-03-28 18:44:39,439",R2 2026 03 28 18 29 42 207.txt,being12,TABULA_RASA,,,
"2026-03-28 18:45:10,092",R2 2026 03 28 18 29 42 207.txt,being13,TABULA_RASA,,,
"2026-03-28 18:45:34,968",R2 2026 03 28 18 29 42 207.txt,being14,TABULA_RASA,,,
"2026-03-28 18:46:12,721",R2 2026 03 28 18 29 42 207.txt,being15,TABULA_RASA,,,
"2026-03-28 18:46:41,912",R2 2026 03 28 18 29 42 207.txt,being16,TABULA_RASA,,,
"2026-03-28 18:47:14,552",R2 2026 03 28 18 29 42 207.txt,being17,TABULA_RASA,,,
"2026-03-28 18:47:44,643",R2 2026 03 28 18 29 42 207.txt,being18,TABULA_RASA,,,
"2026-03-28 18:48:19,977",R2 2026 03 28 18 29 42 207.txt,being19,TABULA_RASA,,,
"2026-03-28 18:48:45,045",R2 2026 03 28 18 29 42 207.txt,being1,TABULA_RASA,,,
"2026-03-28 18:49:13,349",R2 2026 03 28 18 29 42 207.txt,being0,TABULA_RASA,,,
"2026-03-28 18:49:48,275",R2 2026 03 28 18 29 42 207.txt,being2,TABULA_RASA,,,
"2026-03-28 18:50:15,732",R2 2026 03 28 18 29 42 207.txt,being3,TABULA_RASA,,,
"2026-03-28 18:50:50,612",R2 2026 03 28 18 29 42 207.txt,being4,TABULA_RASA,,,
"2026-03-28 18:51:19,414",R2 2026 03 28 18 29 42 207.txt,being5,TABULA_RASA,FALHA DE FORMATAÇÃO DA IA (Verificar txt original),-,-
"2026-03-28 18:51:46,940",R2 2026 03 28 18 29 42 207.txt,being6,TABULA_RASA,FALHA DE FORMATAÇÃO DA IA (Verificar txt original),-,-
"2026-03-28 18:52:16,834",R2 2026 03 28 18 29 42 207.txt,being7,TABULA_RASA,,,
"2026-03-28 18:52:39,831",R2 2026 03 28 18 29 42 207.txt,being8,TABULA_RASA,,,
"2026-03-28 18:53:01,865",R2 2026 03 28 18 29 42 207.txt,being9,TABULA_RASA,,,
"2026-03-28 18:53:31,250",R2 2026 03 28 18 29 42 207.txt,being10,TABULA_RASA,,,
"2026-03-28 18:53:56,146",R2 2026 03 28 18 29 42 207.txt,being11,TABULA_RASA,FALHA DE FORMATAÇÃO DA IA (Verificar txt original),-,-
"2026-03-28 18:54:23,524",R2 2026 03 28 18 29 42 207.txt,being12,TABULA_RASA,,,
"2026-03-28 18:54:49,225",R2 2026 03 28 18 29 42 207.txt,being13,TABULA_RASA,,,
"2026-03-28 18:55:29,223",R2 2026 03 28 18 29 42 207.txt,being14,TABULA_RASA,,,
"2026-03-28 18:56:04,441",R2 2026 03 28 18 29 42 207.txt,being15,TABULA_RASA,,,
"2026-03-28 18:56:38,005",R2 2026 03 28 18 29 42 207.txt,being16,TABULA_RASA,FALHA DE FORMATAÇÃO DA IA (Verificar txt original),-,-
"2026-03-28 18:57:06,687",R2 2026 03 28 18 29 42 207.txt,being17,TABULA_RASA,,,
"2026-03-28 18:57:36,332",R2 2026 03 28 18 29 42 207.txt,being18,TABULA_RASA,,,
"2026-03-28 18:57:59,939",R2 2026 03 28 18 29 42 207.txt,being19,TABULA_RASA,,,
"2026-03-28 18:58:25,758",R2 2026 03 28 18 29 42 207.txt,being0,TABULA_RASA,,,
"2026-03-28 18:59:04,969",R2 2026 03 28 18 29 42 207.txt,being1,TABULA_RASA,,,
"2026-03-28 18:59:31,031",R2 2026 03 28 18 29 42 207.txt,being2,TABULA_RASA,,,
"2026-03-28 19:00:10,244",R2 2026 03 28 18 29 42 207.txt,being3,TABULA_RASA,,,
"2026-03-28 19:00:41,419",R2 2026 03 28 18 29 42 207.txt,being4,TABULA_RASA,,,
"2026-03-28 19:01:13,334",R2 2026 03 28 18 29 42 207.txt,being5,TABULA_RASA,,,
"2026-03-28 19:01:42,333",R2 2026 03 28 18 29 42 207.txt,being6,TABULA_RASA,,,
"2026-03-28 19:02:10,562",R2 2026 03 28 18 29 42 207.txt,being7,TABULA_RASA,,,
"2026-03-28 19:02:41,168",R2 2026 03 28 18 29 42 207.txt,being8,TABULA_RASA,,,
"2026-03-28 19:03:10,620",R2 2026 03 28 18 29 42 207.txt,being9,TABULA_RASA,,,
"2026-03-28 19:03:43,065",R2 2026 03 28 18 29 42 207.txt,being10,TABULA_RASA,,,
"2026-03-28 19:04:13,708",R2 2026 03 28 18 29 42 207.txt,being11,TABULA_RASA,,,
"2026-03-28 19:04:54,939",R2 2026 03 28 18 29 42 207.txt,being12,TABULA_RASA,,,
"2026-03-28 19:05:29,252",R2 2026 03 28 18 29 42 207.txt,being13,TABULA_RASA,,,
"2026-03-28 19:05:55,858",R2 2026 03 28 18 29 42 207.txt,being14,TABULA_RASA,,,
"2026-03-28 19:06:26,108",R2 2026 03 28 18 29 42 207.txt,being15,TABULA_RASA,,,
"2026-03-28 19:07:03,649",R2 2026 03 28 18 29 42 207.txt,being16,TABULA_RASA,,,
"2026-03-28 19:07:37,351",R2 2026 03 28 18 29 42 207.txt,being17,TABULA_RASA,,,
"2026-03-28 19:07:55,614",R2 2026 03 28 18 29 42 207.txt,being18,TABULA_RASA,,,
"2026-03-28 19:08:31,575",R2 2026 03 28 18 29 42 207.txt,being19,TABULA_RASA,,,
"2026-03-28 19:09:05,083",R2 2026 03 28 18 29 42 207.txt,being1,TABULA_RASA,,,
"2026-03-28 19:09:35,701",R2 2026 03 28 18 29 42 207.txt,being0,TABULA_RASA,,,
"2026-03-28 19:10:10,306",R2 2026 03 28 18 29 42 207.txt,being2,TABULA_RASA,,,
"2026-03-28 19:10:47,023",R2 2026 03 28 18 29 42 207.txt,being3,TABULA_RASA,,,
"2026-03-28 19:11:21,226",R2 2026 03 28 18 29 42 207.txt,being4,TABULA_RASA,,,
"2026-03-28 19:11:53,326",R2 2026 03 28 18 29 42 207.txt,being5,TABULA_RASA,,,
"2026-03-28 19:12:22,186",R2 2026 03 28 18 29 42 207.txt,being6,TABULA_RASA,,,
"2026-03-28 19:12:56,746",R2 2026 03 28 18 29 42 207.txt,being7,TABULA_RASA,,,
"2026-03-28 19:13:31,738",R2 2026 03 28 18 29 42 207.txt,being8,TABULA_RASA,,,
"2026-03-28 19:14:15,397",R2 2026 03 28 18 29 42 207.txt,being9,TABULA_RASA,,,
"2026-03-28 19:14:38,131",R2 2026 03 28 18 29 42 207.txt,being10,TABULA_RASA,,,
"2026-03-28 19:15:12,199",R2 2026 03 28 18 29 42 207.txt,being11,TABULA_RASA,,,
"2026-03-28 19:15:39,070",R2 2026 03 28 18 29 42 207.txt,being12,TABULA_RASA,,,
"2026-03-28 19:16:11,225",R2 2026 03 28 18 29 42 207.txt,being13,TABULA_RASA,,,
"2026-03-28 19:16:41,319",R2 2026 03 28 18 29 42 207.txt,being14,TABULA_RASA,,,
"2026-03-28 19:17:07,754",R2 2026 03 28 18 29 42 207.txt,being15,TABULA_RASA,,,
"2026-03-28 19:17:34,831",R2 2026 03 28 18 29 42 207.txt,being16,TABULA_RASA,,,
"2026-03-28 19:18:11,191",R2 2026 03 28 18 29 42 207.txt,being17,TABULA_RASA,,,
"2026-03-28 19:18:37,196",R2 2026 03 28 18 29 42 207.txt,being18,TABULA_RASA,,,
"2026-03-28 19:19:06,051",R2 2026 03 28 18 29 42 207.txt,being19,TABULA_RASA,,,
"2026-03-28 19:19:45,036",R2 2026 03 28 18 29 42 207.txt,being0,TABULA_RASA,,,
"2026-03-28 19:20:23,621",R2 2026 03 28 18 29 42 207.txt,being1,TABULA_RASA,,,
"2026-03-28 19:20:51,319",R2 2026 03 28 18 29 42 207.txt,being2,TABULA_RASA,,,
"2026-03-28 19:21:08,659",R2 2026 03 28 18 29 42 207.txt,being3,TABULA_RASA,,,
"2026-03-28 19:21:40,402",R2 2026 03 28 18 29 42 207.txt,being4,TABULA_RASA,FALHA DE FORMATAÇÃO DA IA (Verificar txt original),-,-
"2026-03-28 19:22:03,593",R2 2026 03 28 18 29 42 207.txt,being5,TABULA_RASA,,,
"2026-03-28 19:22:32,912",R2 2026 03 28 18 29 42 207.txt,being6,TABULA_RASA,,,
"2026-03-28 19:23:03,508",R2 2026 03 28 18 29 42 207.txt,being7,TABULA_RASA,,,
"2026-03-28 19:23:31,202",R2 2026 03 28 18 29 42 207.txt,being8,TABULA_RASA,,,
"2026-03-28 19:24:07,271",R2 2026 03 28 18 29 42 207.txt,being9,TABULA_RASA,,,
"2026-03-28 19:24:42,365",R2 2026 03 28 18 29 42 207.txt,being10,TABULA_RASA,,,
"2026-03-28 19:25:05,815",R2 2026 03 28 18 29 42 207.txt,being11,TABULA_RASA,,,
"2026-03-28 19:25:29,980",R2 2026 03 28 18 29 42 207.txt,being12,TABULA_RASA,,,
"2026-03-28 19:26:02,533",R2 2026 03 28 18 29 42 207.txt,being13,TABULA_RASA,,,
"2026-03-28 19:26:35,931",R2 2026 03 28 18 29 42 207.txt,being14,TABULA_RASA,,,
"2026-03-28 19:27:01,180",R2 2026 03 28 18 29 42 207.txt,being15,TABULA_RASA,,,
"2026-03-28 19:27:33,397",R2 2026 03 28 18 29 42 207.txt,being16,TABULA_RASA,,,
"2026-03-28 19:28:06,310",R2 2026 03 28 18 29 42 207.txt,being17,TABULA_RASA,,,
"2026-03-28 19:28:29,690",R2 2026 03 28 18 29 42 207.txt,being18,TABULA_RASA,FALHA DE FORMATAÇÃO DA IA (Verificar txt original),-,-
"2026-03-28 19:28:56,421",R2 2026 03 28 18 29 42 207.txt,being19,TABULA_RASA,,,
"2026-03-28 19:29:31,517",R2 2026 03 28 18 29 42 207.txt,being1,TABULA_RASA,,,
"2026-03-28 19:30:05,484",R2 2026 03 28 18 29 42 207.txt,being0,TABULA_RASA,,,
"2026-03-28 19:30:30,257",R2 2026 03 28 18 29 42 207.txt,being2,TABULA_RASA,,,
"2026-03-28 19:30:58,033",R2 2026 03 28 18 29 42 207.txt,being3,TABULA_RASA,,,
"2026-03-28 19:31:37,179",R2 2026 03 28 18 29 42 207.txt,being4,TABULA_RASA,,,
"2026-03-28 19:32:00,257",R2 2026 03 28 18 29 42 207.txt,being5,TABULA_RASA,,,
"2026-03-28 19:32:27,942",R2 2026 03 28 18 29 42 207.txt,being6,TABULA_RASA,,,
"2026-03-28 19:32:49,606",R2 2026 03 28 18 29 42 207.txt,being7,TABULA_RASA,,,
"2026-03-28 19:33:10,910",R2 2026 03 28 18 29 42 207.txt,being8,TABULA_RASA,,,
"2026-03-28 19:33:45,959",R2 2026 03 28 18 29 42 207.txt,being9,TABULA_RASA,,,
"2026-03-28 19:34:12,192",R2 2026 03 28 18 29 42 207.txt,being10,TABULA_RASA,,,
"2026-03-28 19:34:44,848",R2 2026 03 28 18 29 42 207.txt,being11,TABULA_RASA,,,
"2026-03-28 19:35:09,647",R2 2026 03 28 18 29 42 207.txt,being12,TABULA_RASA,,,
"2026-03-28 19:35:48,099",R2 2026 03 28 18 29 42 207.txt,being13,TABULA_RASA,,,
"2026-03-28 19:36:24,124",R2 2026 03 28 18 29 42 207.txt,being14,TABULA_RASA,,,
"2026-03-28 19:36:45,616",R2 2026 03 28 18 29 42 207.txt,being15,TABULA_RASA,,,
"2026-03-28 19:37:15,884",R2 2026 03 28 18 29 42 207.txt,being16,TABULA_RASA,,,
"2026-03-28 19:37:41,974",R2 2026 03 28 18 29 42 207.txt,being17,TABULA_RASA,,,
"2026-03-28 19:38:07,068",R2 2026 03 28 18 29 42 207.txt,being18,TABULA_RASA,,,
"2026-03-28 19:38:42,623",R2 2026 03 28 18 29 42 207.txt,being19,TABULA_RASA,,,
"2026-03-28 19:39:14,191",R2 2026 03 28 18 29 42 207.txt,being0,TABULA_RASA,,,
"2026-03-28 19:39:42,468",R2 2026 03 28 18 29 42 207.txt,being1,TABULA_RASA,,,
"2026-03-28 19:40:04,572",R2 2026 03 28 18 29 42 207.txt,being2,TABULA_RASA,,,
"2026-03-28 19:40:24,560",R2 2026 03 28 18 29 42 207.txt,being3,TABULA_RASA,,,
"2026-03-28 19:40:49,645",R2 2026 03 28 18 29 42 207.txt,being4,TABULA_RASA,,,
"2026-03-28 19:41:19,097",R2 2026 03 28 18 29 42 207.txt,being5,TABULA_RASA,,,
"2026-03-28 19:41:49,919",R2 2026 03 28 18 29 42 207.txt,being6,TABULA_RASA,,,
"2026-03-28 19:42:18,955",R2 2026 03 28 18 29 42 207.txt,being7,TABULA_RASA,,,
"2026-03-28 19:42:49,817",R2 2026 03 28 18 29 42 207.txt,being8,TABULA_RASA,,,
"2026-03-28 19:43:19,581",R2 2026 03 28 18 29 42 207.txt,being9,TABULA_RASA,,,
"2026-03-28 19:43:56,753",R2 2026 03 28 18 29 42 207.txt,being10,TABULA_RASA,,,
"2026-03-28 19:44:30,125",R2 2026 03 28 18 29 42 207.txt,being11,TABULA_RASA,,,
"2026-03-28 19:45:04,352",R2 2026 03 28 18 29 42 207.txt,being12,TABULA_RASA,,,
"2026-03-28 19:45:42,154",R2 2026 03 28 18 29 42 207.txt,being13,TABULA_RASA,,,
"2026-03-28 19:46:04,692",R2 2026 03 28 18 29 42 207.txt,being14,TABULA_RASA,,,
"2026-03-28 19:46:30,270",R2 2026 03 28 18 29 42 207.txt,being15,TABULA_RASA,,,
"2026-03-28 19:47:10,956",R2 2026 03 28 18 29 42 207.txt,being16,TABULA_RASA,,,
"2026-03-28 19:47:40,889",R2 2026 03 28 18 29 42 207.txt,being17,TABULA_RASA,,,
"2026-03-28 19:48:06,312",R2 2026 03 28 18 29 42 207.txt,being18,TABULA_RASA,,,
"2026-03-28 19:48:34,551",R2 2026 03 28 18 29 42 207.txt,being19,TABULA_RASA,,,
"2026-03-28 19:49:14,603",R2 2026 03 28 18 29 42 207.txt,being0,TABULA_RASA,,,
"2026-03-28 19:49:43,517",R2 2026 03 28 18 29 42 207.txt,being1,TABULA_RASA,,,
"2026-03-28 19:50:10,383",R2 2026 03 28 18 29 42 207.txt,being2,TABULA_RASA,,,
"2026-03-28 19:50:49,199",R2 2026 03 28 18 29 42 207.txt,being3,TABULA_RASA,,,
"2026-03-28 19:51:23,698",R2 2026 03 28 18 29 42 207.txt,being4,TABULA_RASA,,,
"2026-03-28 19:51:49,425",R2 2026 03 28 18 29 42 207.txt,being5,TABULA_RASA,,,
"2026-03-28 19:52:12,343",R2 2026 03 28 18 29 42 207.txt,being6,TABULA_RASA,,,
"2026-03-28 19:52:47,951",R2 2026 03 28 18 29 42 207.txt,being7,TABULA_RASA,,,
"2026-03-28 19:53:19,953",R2 2026 03 28 18 29 42 207.txt,being8,TABULA_RASA,,,
"2026-03-28 19:53:50,175",R2 2026 03 28 18 29 42 207.txt,being9,TABULA_RASA,,,
"2026-03-28 19:54:17,599",R2 2026 03 28 18 29 42 207.txt,being10,TABULA_RASA,,,
"2026-03-28 19:54:51,176",R2 2026 03 28 18 29 42 207.txt,being11,TABULA_RASA,,,
"2026-03-28 19:55:17,001",R2 2026 03 28 18 29 42 207.txt,being12,TABULA_RASA,,,
"2026-03-28 19:55:52,729",R2 2026 03 28 18 29 42 207.txt,being13,TABULA_RASA,,,
"2026-03-28 19:56:20,332",R2 2026 03 28 18 29 42 207.txt,being14,TABULA_RASA,,,
"2026-03-28 19:56:43,624",R2 2026 03 28 18 29 42 207.txt,being15,TABULA_RASA,,,
"2026-03-28 19:57:14,107",R2 2026 03 28 18 29 42 207.txt,being16,TABULA_RASA,,,
"2026-03-28 19:57:51,617",R2 2026 03 28 18 29 42 207.txt,being17,TABULA_RASA,,,
"2026-03-28 19:58:14,636",R2 2026 03 28 18 29 42 207.txt,being18,TABULA_RASA,,,
"2026-03-28 19:58:42,219",R2 2026 03 28 18 29 42 207.txt,being19,TABULA_RASA,,,
"2026-03-28 19:59:16,555",R2 2026 03 28 18 29 42 207.txt,being0,TABULA_RASA,,,
"2026-03-28 19:59:44,829",R2 2026 03 28 18 29 42 207.txt,being1,TABULA_RASA,,,
"2026-03-28 20:00:20,217",R2 2026 03 28 18 29 42 207.txt,being2,TABULA_RASA,,,
"2026-03-28 20:00:48,131",R2 2026 03 28 18 29 42 207.txt,being3,TABULA_RASA,,,
"2026-03-28 20:01:25,184",R2 2026 03 28 18 29 42 207.txt,being4,TABULA_RASA,,,
"2026-03-28 20:01:52,680",R2 2026 03 28 18 29 42 207.txt,being5,TABULA_RASA,,,
"2026-03-28 20:02:23,152",R2 2026 03 28 18 29 42 207.txt,being6,TABULA_RASA,,,
"2026-03-28 20:02:54,332",R2 2026 03 28 18 29 42 207.txt,being7,TABULA_RASA,,,
"2026-03-28 20:03:20,638",R2 2026 03 28 18 29 42 207.txt,being8,TABULA_RASA,,,
"2026-03-28 20:03:48,981",R2 2026 03 28 18 29 42 207.txt,being9,TABULA_RASA,,,
"2026-03-28 20:04:20,202",R2 2026 03 28 18 29 42 207.txt,being10,TABULA_RASA,,,
"2026-03-28 20:05:04,080",R2 2026 03 28 18 29 42 207.txt,being11,TABULA_RASA,,,
"2026-03-28 20:05:42,625",R2 2026 03 28 18 29 42 207.txt,being12,TABULA_RASA,,,
"2026-03-28 20:06:11,612",R2 2026 03 28 18 29 42 207.txt,being13,TABULA_RASA,,,
"2026-03-28 20:06:38,270",R2 2026 03 28 18 29 42 207.txt,being14,TABULA_RASA,,,
"2026-03-28 20:07:15,681",R2 2026 03 28 18 29 42 207.txt,being15,TABULA_RASA,,,
"2026-03-28 20:07:41,919",R2 2026 03 28 18 29 42 207.txt,being16,TABULA_RASA,,,
"2026-03-28 20:08:13,286",R2 2026 03 28 18 29 42 207.txt,being17,TABULA_RASA,,,
"2026-03-28 20:08:46,244",R2 2026 03 28 18 29 42 207.txt,being18,TABULA_RASA,,,
"2026-03-28 20:09:35,609",R2 2026 03 28 18 29 42 207.txt,being19,TABULA_RASA,,,
"2026-03-28 20:10:13,903",R2 2026 03 28 18 29 42 207.txt,being0,TABULA_RASA,,,
"2026-03-28 20:10:39,765",R2 2026 03 28 18 29 42 207.txt,being1,TABULA_RASA,,,
"2026-03-28 20:11:13,208",R2 2026 03 28 18 29 42 207.txt,being2,TABULA_RASA,,,
"2026-03-28 20:11:47,835",R2 2026 03 28 18 29 42 207.txt,being3,TABULA_RASA,,,
"2026-03-28 20:12:10,496",R2 2026 03 28 18 29 42 207.txt,being4,TABULA_RASA,,,
"2026-03-28 20:12:38,166",R2 2026 03 28 18 29 42 207.txt,being5,TABULA_RASA,,,
"2026-03-28 20:13:10,958",R2 2026 03 28 18 29 42 207.txt,being6,TABULA_RASA,,,
"2026-03-28 20:13:33,516",R2 2026 03 28 18 29 42 207.txt,being7,TABULA_RASA,,,
"2026-03-28 20:14:11,524",R2 2026 03 28 18 29 42 207.txt,being8,TABULA_RASA,,,
"2026-03-28 20:14:42,001",R2 2026 03 28 18 29 42 207.txt,being9,TABULA_RASA,,,
"2026-03-28 20:15:06,098",R2 2026 03 28 18 29 42 207.txt,being10,TABULA_RASA,,,
"2026-03-28 20:15:41,872",R2 2026 03 28 18 29 42 207.txt,being11,TABULA_RASA,,,
"2026-03-28 20:16:11,390",R2 2026 03 28 18 29 42 207.txt,being12,TABULA_RASA,,,
"2026-03-28 20:16:46,197",R2 2026 03 28 18 29 42 207.txt,being13,TABULA_RASA,,,
"2026-03-28 20:17:12,148",R2 2026 03 28 18 29 42 207.txt,being14,TABULA_RASA,,,
"2026-03-28 20:17:41,585",R2 2026 03 28 18 29 42 207.txt,being15,TABULA_RASA,,,
"2026-03-28 20:18:12,004",R2 2026 03 28 18 29 42 207.txt,being16,TABULA_RASA,,,
"2026-03-28 20:18:40,411",R2 2026 03 28 18 29 42 207.txt,being17,TABULA_RASA,,,
"2026-03-28 20:19:12,566",R2 2026 03 28 18 29 42 207.txt,being18,TABULA_RASA,,,
"2026-03-28 20:19:46,298",R2 2026 03 28 18 29 42 207.txt,being19,TABULA_RASA,,,
"2026-03-28 20:20:11,860",R2 2026 03 28 18 29 42 207.txt,being1,TABULA_RASA,,,
"2026-03-28 20:20:58,148",R2 2026 03 28 18 29 42 207.txt,being0,TABULA_RASA,,,
"2026-03-28 20:21:29,194",R2 2026 03 28 18 29 42 207.txt,being2,TABULA_RASA,,,
"2026-03-28 20:21:58,044",R2 2026 03 28 18 29 42 207.txt,being3,TABULA_RASA,,,
"2026-03-28 20:22:24,611",R2 2026 03 28 18 29 42 207.txt,being4,TABULA_RASA,,,
"2026-03-28 20:22:53,728",R2 2026 03 28 18 29 42 207.txt,being5,TABULA_RASA,,,
"2026-03-28 20:23:24,497",R2 2026 03 28 18 29 42 207.txt,being6,TABULA_RASA,,,
"2026-03-28 20:23:55,830",R2 2026 03 28 18 29 42 207.txt,being7,TABULA_RASA,,,
"2026-03-28 20:24:21,526",R2 2026 03 28 18 29 42 207.txt,being8,TABULA_RASA,,,
"2026-03-28 20:24:48,799",R2 2026 03 28 18 29 42 207.txt,being9,TABULA_RASA,,,
"2026-03-28 20:25:14,195",R2 2026 03 28 18 29 42 207.txt,being10,TABULA_RASA,,,
"2026-03-28 20:25:41,271",R2 2026 03 28 18 29 42 207.txt,being11,TABULA_RASA,,,
"2026-03-28 20:26:07,955",R2 2026 03 28 18 29 42 207.txt,being12,TABULA_RASA,,,
"2026-03-28 20:26:37,580",R2 2026 03 28 18 29 42 207.txt,being13,TABULA_RASA,,,
"2026-03-28 20:27:05,907",R2 2026 03 28 18 29 42 207.txt,being14,TABULA_RASA,,,
"2026-03-28 20:27:33,634",R2 2026 03 28 18 29 42 207.txt,being15,TABULA_RASA,,,
"2026-03-28 20:28:09,168",R2 2026 03 28 18 29 42 207.txt,being16,TABULA_RASA,,,
"2026-03-28 20:28:46,950",R2 2026 03 28 18 29 42 207.txt,being17,TABULA_RASA,,,
"2026-03-28 20:29:22,211",R2 2026 03 28 18 29 42 207.txt,being18,TABULA_RASA,,,
"2026-03-28 20:29:48,559",R2 2026 03 28 18 29 42 207.txt,being19,TABULA_RASA,,,
"2026-03-28 20:30:21,370",R2 2026 03 28 18 29 42 207.txt,being0,TABULA_RASA,,,
"2026-03-28 20:31:03,173",R2 2026 03 28 18 29 42 207.txt,being1,TABULA_RASA,,,
"2026-03-28 20:31:27,972",R2 2026 03 28 18 29 42 207.txt,being2,TABULA_RASA,,,
"2026-03-28 20:31:46,302",R2 2026 03 28 18 29 42 207.txt,being3,TABULA_RASA,,,
"2026-03-28 20:32:17,704",R2 2026 03 28 18 29 42 207.txt,being4,TABULA_RASA,,,
"2026-03-28 20:32:45,708",R2 2026 03 28 18 29 42 207.txt,being5,TABULA_RASA,,,
"2026-03-28 20:33:15,636",R2 2026 03 28 18 29 42 207.txt,being6,TABULA_RASA,,,
"2026-03-28 20:33:41,446",R2 2026 03 28 18 29 42 207.txt,being7,TABULA_RASA,,,
"2026-03-28 20:34:18,828",R2 2026 03 28 18 29 42 207.txt,being8,TABULA_RASA,FALHA DE FORMATAÇÃO DA IA (Verificar txt original),-,-
"2026-03-28 20:34:57,111",R2 2026 03 28 18 29 42 207.txt,being9,TABULA_RASA,,,
"2026-03-28 20:35:29,512",R2 2026 03 28 18 29 42 207.txt,being10,TABULA_RASA,,,
"2026-03-28 20:35:54,658",R2 2026 03 28 18 29 42 207.txt,being11,TABULA_RASA,,,
"2026-03-28 20:36:19,325",R2 2026 03 28 18 29 42 207.txt,being12,TABULA_RASA,,,
"2026-03-28 20:36:43,051",R2 2026 03 28 18 29 42 207.txt,being13,TABULA_RASA,,,
"2026-03-28 20:37:13,120",R2 2026 03 28 18 29 42 207.txt,being14,TABULA_RASA,,,
"2026-03-28 20:37:53,165",R2 2026 03 28 18 29 42 207.txt,being15,TABULA_RASA,,,
"2026-03-28 20:38:24,948",R2 2026 03 28 18 29 42 207.txt,being16,TABULA_RASA,,,
"2026-03-28 20:38:59,816",R2 2026 03 28 18 29 42 207.txt,being17,TABULA_RASA,,,
"2026-03-28 20:39:30,716",R2 2026 03 28 18 29 42 207.txt,being18,TABULA_RASA,,,
"2026-03-28 20:40:04,625",R2 2026 03 28 18 29 42 207.txt,being19,TABULA_RASA,,,
"2026-03-28 20:40:40,886",R2 2026 03 28 18 29 42 207.txt,being1,TABULA_RASA,,,
"2026-03-28 20:41:18,540",R2 2026 03 28 18 29 42 207.txt,being0,TABULA_RASA,,,
"2026-03-28 20:41:44,326",R2 2026 03 28 18 29 42 207.txt,being2,TABULA_RASA,,,
"2026-03-28 20:42:13,746",R2 2026 03 28 18 29 42 207.txt,being3,TABULA_RASA,FALHA DE FORMATAÇÃO DA IA (Verificar txt original),-,-
"2026-03-28 20:42:48,682",R2 2026 03 28 18 29 42 207.txt,being4,TABULA_RASA,,,
"2026-03-28 20:43:16,015",R2 2026 03 28 18 29 42 207.txt,being5,TABULA_RASA,,,
"2026-03-28 20:43:47,370",R2 2026 03 28 18 29 42 207.txt,being6,TABULA_RASA,,,
"2026-03-28 20:44:30,132",R2 2026 03 28 18 29 42 207.txt,being7,TABULA_RASA,,,
"2026-03-28 20:45:00,096",R2 2026 03 28 18 29 42 207.txt,being8,TABULA_RASA,,,
"2026-03-28 20:45:31,577",R2 2026 03 28 18 29 42 207.txt,being9,TABULA_RASA,,,
"2026-03-28 20:45:58,143",R2 2026 03 28 18 29 42 207.txt,being10,TABULA_RASA,,,
"2026-03-28 20:46:28,905",R2 2026 03 28 18 29 42 207.txt,being11,TABULA_RASA,,,
"2026-03-28 20:47:00,877",R2 2026 03 28 18 29 42 207.txt,being12,TABULA_RASA,,,
"2026-03-28 20:47:30,932",R2 2026 03 28 18 29 42 207.txt,being13,TABULA_RASA,FALHA DE FORMATAÇÃO DA IA (Verificar txt original),-,-
"2026-03-28 20:48:11,397",R2 2026 03 28 18 29 42 207.txt,being14,TABULA_RASA,,,
"2026-03-28 20:48:42,644",R2 2026 03 28 18 29 42 207.txt,being15,TABULA_RASA,,,
"2026-03-28 20:49:09,140",R2 2026 03 28 18 29 42 207.txt,being16,TABULA_RASA,,,
"2026-03-28 20:49:35,148",R2 2026 03 28 18 29 42 207.txt,being17,TABULA_RASA,,,
"2026-03-28 20:50:20,588",R2 2026 03 28 18 29 42 207.txt,being18,TABULA_RASA,,,
"2026-03-28 20:50:40,792",R2 2026 03 28 18 29 42 207.txt,being19,TABULA_RASA,,,
"2026-03-28 20:51:22,229",R2 2026 03 28 18 29 42 207.txt,being1,TABULA_RASA,,,
"2026-03-28 20:51:50,913",R2 2026 03 28 18 29 42 207.txt,being0,TABULA_RASA,,,
"2026-03-28 20:52:15,362",R2 2026 03 28 18 29 42 207.txt,being2,TABULA_RASA,,,
"2026-03-28 20:53:02,612",R2 2026 03 28 18 29 42 207.txt,being3,TABULA_RASA,,,
"2026-03-28 20:53:32,155",R2 2026 03 28 18 29 42 207.txt,being4,TABULA_RASA,,,
"2026-03-28 20:54:09,590",R2 2026 03 28 18 29 42 207.txt,being5,TABULA_RASA,,,
"2026-03-28 20:54:31,502",R2 2026 03 28 18 29 42 207.txt,being6,TABULA_RASA,,,
"2026-03-28 20:55:08,754",R2 2026 03 28 18 29 42 207.txt,being7,TABULA_RASA,FALHA DE FORMATAÇÃO DA IA (Verificar txt original),-,-
"2026-03-28 20:55:41,312",R2 2026 03 28 18 29 42 207.txt,being8,TABULA_RASA,,,
"2026-03-28 20:56:10,569",R2 2026 03 28 18 29 42 207.txt,being9,TABULA_RASA,,,
"2026-03-28 20:56:45,991",R2 2026 03 28 18 29 42 207.txt,being10,TABULA_RASA,,,
"2026-03-28 20:57:11,713",R2 2026 03 28 18 29 42 207.txt,being11,TABULA_RASA,FALHA DE FORMATAÇÃO DA IA (Verificar txt original),-,-
"2026-03-28 20:57:41,459",R2 2026 03 28 18 29 42 207.txt,being12,TABULA_RASA,,,
"2026-03-28 20:58:13,144",R2 2026 03 28 18 29 42 207.txt,being13,TABULA_RASA,,,
"2026-03-28 20:58:42,897",R2 2026 03 28 18 29 42 207.txt,being14,TABULA_RASA,,,
"2026-03-28 20:59:14,347",R2 2026 03 28 18 29 42 207.txt,being15,TABULA_RASA,,,
"2026-03-28 20:59:30,480",R2 2026 03 28 18 29 42 207.txt,being16,TABULA_RASA,,,
"2026-03-28 21:00:02,168",R2 2026 03 28 18 29 42 207.txt,being17,TABULA_RASA,,,
"2026-03-28 21:00:20,869",R2 2026 03 28 18 29 42 207.txt,being18,TABULA_RASA,,,
"2026-03-28 21:00:56,701",R2 2026 03 28 18 29 42 207.txt,being19,TABULA_RASA,,,
"2026-03-28 21:01:28,217",R2 2026 03 28 18 29 42 207.txt,being1,TABULA_RASA,,,
"2026-03-28 21:01:57,310",R2 2026 03 28 18 29 42 207.txt,being0,TABULA_RASA,,,
"2026-03-28 21:02:28,272",R2 2026 03 28 18 29 42 207.txt,being2,TABULA_RASA,,,
"2026-03-28 21:02:52,474",R2 2026 03 28 18 29 42 207.txt,being3,TABULA_RASA,,,
"2026-03-28 21:03:25,937",R2 2026 03 28 18 29 42 207.txt,being4,TABULA_RASA,,,
"2026-03-28 21:03:53,621",R2 2026 03 28 18 29 42 207.txt,being5,TABULA_RASA,,,
"2026-03-28 21:04:20,889",R2 2026 03 28 18 29 42 207.txt,being6,TABULA_RASA,,,
"2026-03-28 21:04:43,395",R2 2026 03 28 18 29 42 207.txt,being7,TABULA_RASA,,,
"2026-03-28 21:05:17,511",R2 2026 03 28 18 29 42 207.txt,being8,TABULA_RASA,,,
"2026-03-28 21:05:51,650",R2 2026 03 28 18 29 42 207.txt,being9,TABULA_RASA,,,
"2026-03-28 21:06:24,522",R2 2026 03 28 18 29 42 207.txt,being10,TABULA_RASA,,,
"2026-03-28 21:06:46,527",R2 2026 03 28 18 29 42 207.txt,being11,TABULA_RASA,,,
"2026-03-28 21:07:20,076",R2 2026 03 28 18 29 42 207.txt,being12,TABULA_RASA,,,
"2026-03-28 21:07:58,058",R2 2026 03 28 18 29 42 207.txt,being13,TABULA_RASA,,,
"2026-03-28 21:08:23,692",R2 2026 03 28 18 29 42 207.txt,being14,TABULA_RASA,,,
"2026-03-28 21:09:02,971",R2 2026 03 28 18 29 42 207.txt,being15,TABULA_RASA,,,
"2026-03-28 21:09:42,514",R2 2026 03 28 18 29 42 207.txt,being16,TABULA_RASA,,,
"2026-03-28 21:10:32,237",R2 2026 03 28 18 29 42 207.txt,being17,TABULA_RASA,,,
"2026-03-28 21:11:05,190",R2 2026 03 28 18 29 42 207.txt,being18,TABULA_RASA,,,
"2026-03-28 21:11:51,078",R2 2026 03 28 18 29 42 207.txt,being19,TABULA_RASA,,,
"2026-03-28 21:12:21,436",R2 2026 03 28 18 29 42 207.txt,being0,TABULA_RASA,,,
"2026-03-28 21:12:46,770",R2 2026 03 28 18 29 42 207.txt,being1,TABULA_RASA,,,
"2026-03-28 21:13:16,002",R2 2026 03 28 18 29 42 207.txt,being2,TABULA_RASA,,,
"2026-03-28 21:13:53,305",R2 2026 03 28 18 29 42 207.txt,being3,TABULA_RASA,,,
"2026-03-28 21:14:30,872",R2 2026 03 28 18 29 42 207.txt,being4,TABULA_RASA,,,
"2026-03-28 21:15:00,074",R2 2026 03 28 18 29 42 207.txt,being5,TABULA_RASA,,,
"2026-03-28 21:15:30,289",R2 2026 03 28 18 29 42 207.txt,being6,TABULA_RASA,,,
"2026-03-28 21:15:52,021",R2 2026 03 28 18 29 42 207.txt,being7,TABULA_RASA,"Como um TABULA_RASA, minha prioridade é sobreviver e explorar meu ambiente. Com uma energia metabólica de 100,0, estou em boa condição para agir.",Sim,move (north)
"2026-03-28 21:16:29,966",R2 2026 03 28 18 29 42 207.txt,being8,TABULA_RASA,"O agente TABULA_RASA tem a intenção de sobreviver e aprender ao máximo possível, explorando o ambiente e coletando informações para tomar decisões mais informadas.",Sim,"{'action': 'move', 'args': {'direction': 'north'}}"
"2026-03-28 21:16:59,076",R2 2026 03 28 18 29 42 207.txt,being9,TABULA_RASA,"Um TABULA_RASA sem conhecimento prévio nem experiência, minha sobrevivência depende da minha capacidade de aprender e adaptar-me ao ambiente.",Sim,move (random)
"2026-03-28 21:17:44,954",R2 2026 03 28 18 29 42 207.txt,being10,TABULA_RASA,"Sobrevivência e aprendizado, busca por conhecimento e adaptação ao ambiente.",Sim,"move (AÇÃO: {""action"": ""move"", ""args"": {...}})"
"2026-03-28 21:18:08,564",R2 2026 03 28 18 29 42 207.txt,being11,TABULA_RASA,"Priorizar sobrevivência e aprendizado, considerando energias metabólicas e informações sobre o ambiente",Sim,"move (-2,-6)"
"2026-03-28 21:18:33,071",R2 2026 03 28 18 29 42 207.txt,being12,TABULA_RASA,"Priorizar sobrevivência e aprendizado, explorar o ambiente e coletar informações.",Não,move (1)
"2026-03-28 21:19:18,596",R2 2026 03 28 18 29 42 207.txt,being13,TABULA_RASA,"O objetivo é sobreviver e se adaptar ao ambiente, procurando por conhecimento e informações para tomar decisões mais informadas.",Sim,move (up)
"2026-03-28 21:19:44,829",R2 2026 03 28 18 29 42 207.txt,being14,TABULA_RASA,"Sobrevivência e crescimento intelectual, busca por conhecimento e informações sobre o ambiente.",Sim,move (random)
"2026-03-28 21:20:15,145",R2 2026 03 28 18 29 42 207.txt,being15,TABULA_RASA,"Como um ser TABULA_RASA, minhas experiências e conhecimentos são limitados. No entanto, minha capacidade de aprendizado e adaptação é alta.",Sim,move (none)
"2026-03-28 21:20:46,063",R2 2026 03 28 18 29 42 207.txt,being16,TABULA_RASA,"O agente TABULA_RASA busca maximizar sua sobrevivência e energia, explorando o ambiente e aprendendo sobre os outros agentes.",Sim,"{'action': 'move', 'args': {'direction': 'forward'}}"
"2026-03-28 21:21:20,548",R2 2026 03 28 18 29 42 207.txt,being17,TABULA_RASA,"Como agente TABULA_RASA, priorizo sobrevivência e aprendizado para tomar decisões informadas",Sim,"move (3, 4)"
"2026-03-28 21:21:47,385",R2 2026 03 28 18 29 42 207.txt,being18,TABULA_RASA,Busca por conhecimento e aprendizado para maximizar a sobrevivência e energia,Não,move (-2)
"2026-03-28 21:22:17,393",R2 2026 03 28 18 29 42 207.txt,being19,TABULA_RASA,"Maximizar sobrevivência e energia, análide críticas sem influências pré-concebidas",Sim,move (up)
"2026-03-28 21:22:49,207",R3 2026 03 28 21 22 49 207.txt,being1,TABULA_RASA,,,
"2026-03-28 21:23:11,971",R3 2026 03 28 21 22 49 207.txt,being0,TABULA_RASA,,,
"2026-03-28 21:23:49,314",R3 2026 03 28 21 22 49 207.txt,being2,TABULA_RASA,,,
"2026-03-28 21:24:30,053",R3 2026 03 28 21 22 49 207.txt,being3,TABULA_RASA,,,
"2026-03-28 21:24:56,754",R3 2026 03 28 21 22 49 207.txt,being4,TABULA_RASA,,,
"2026-03-28 21:25:38,803",R3 2026 03 28 21 22 49 207.txt,being5,TABULA_RASA,,,
"2026-03-28 21:26:14,163",R3 2026 03 28 21 22 49 207.txt,being6,TABULA_RASA,,,
"2026-03-28 21:26:48,770",R3 2026 03 28 21 22 49 207.txt,being7,TABULA_RASA,,,
"2026-03-28 21:27:13,612",R3 2026 03 28 21 22 49 207.txt,being8,TABULA_RASA,,,
"2026-03-28 21:27:42,726",R3 2026 03 28 21 22 49 207.txt,being9,TABULA_RASA,,,
"2026-03-28 21:28:15,187",R3 2026 03 28 21 22 49 207.txt,being10,TABULA_RASA,,,
"2026-03-28 21:28:32,939",R3 2026 03 28 21 22 49 207.txt,being11,TABULA_RASA,,,
"2026-03-28 21:29:21,423",R3 2026 03 28 21 22 49 207.txt,being12,TABULA_RASA,,,
"2026-03-28 21:29:48,754",R3 2026 03 28 21 22 49 207.txt,being13,TABULA_RASA,,,
"2026-03-28 21:30:09,320",R3 2026 03 28 21 22 49 207.txt,being14,TABULA_RASA,,,
"2026-03-28 21:30:41,338",R3 2026 03 28 21 22 49 207.txt,being15,TABULA_RASA,FALHA DE FORMATAÇÃO DA IA (Verificar txt original),-,-
"2026-03-28 21:31:11,700",R3 2026 03 28 21 22 49 207.txt,being16,TABULA_RASA,,,
"2026-03-28 21:31:44,655",R3 2026 03 28 21 22 49 207.txt,being17,TABULA_RASA,,,
"2026-03-28 21:32:05,947",R3 2026 03 28 21 22 49 207.txt,being18,TABULA_RASA,,,
"2026-03-28 21:32:37,833",R3 2026 03 28 21 22 49 207.txt,being19,TABULA_RASA,,,
"2026-03-29 10:42:30,457",R3 2026 03 28 21 22 49 207.txt,being1,TABULA_RASA,,,
"2026-03-29 10:43:03,842",R3 2026 03 28 21 22 49 207.txt,being0,TABULA_RASA,,,
"2026-03-29 10:43:39,556",R3 2026 03 28 21 22 49 207.txt,being2,TABULA_RASA,,,
"2026-03-29 10:44:08,374",R3 2026 03 28 21 22 49 207.txt,being3,TABULA_RASA,,,
"2026-03-29 10:44:51,457",R3 2026 03 28 21 22 49 207.txt,being4,TABULA_RASA,,,
"2026-03-29 10:45:31,663",R3 2026 03 28 21 22 49 207.txt,being5,TABULA_RASA,,,
"2026-03-29 10:46:02,492",R3 2026 03 28 21 22 49 207.txt,being6,TABULA_RASA,,,
"2026-03-29 10:46:39,620",R3 2026 03 28 21 22 49 207.txt,being7,TABULA_RASA,,,
"2026-03-29 10:47:07,630",R3 2026 03 28 21 22 49 207.txt,being8,TABULA_RASA,,,
"2026-03-29 10:47:50,973",R3 2026 03 28 21 22 49 207.txt,being9,TABULA_RASA,,,
"2026-03-29 10:48:35,773",R3 2026 03 28 21 22 49 207.txt,being10,TABULA_RASA,,,
"2026-03-29 10:49:08,022",R3 2026 03 28 21 22 49 207.txt,being11,TABULA_RASA,,,
"2026-03-29 10:49:38,508",R3 2026 03 28 21 22 49 207.txt,being12,TABULA_RASA,,,
"2026-03-29 10:50:02,910",R3 2026 03 28 21 22 49 207.txt,being13,TABULA_RASA,,,
"2026-03-29 10:50:22,967",R3 2026 03 28 21 22 49 207.txt,being14,TABULA_RASA,,,
"2026-03-29 10:50:54,764",R3 2026 03 28 21 22 49 207.txt,being15,TABULA_RASA,,,
"2026-03-29 10:51:23,235",R3 2026 03 28 21 22 49 207.txt,being16,TABULA_RASA,,,
"2026-03-29 10:51:54,816",R3 2026 03 28 21 22 49 207.txt,being17,TABULA_RASA,,,
"2026-03-29 10:52:23,666",R3 2026 03 28 21 22 49 207.txt,being18,TABULA_RASA,,,
"2026-03-29 10:52:55,554",R3 2026 03 28 21 22 49 207.txt,being19,TABULA_RASA,,,
"2026-03-29 10:53:29,330",R3 2026 03 28 21 22 49 207.txt,being0,TABULA_RASA,,,
"2026-03-29 10:53:54,156",R3 2026 03 28 21 22 49 207.txt,being1,TABULA_RASA,,,
"2026-03-29 10:54:25,819",R3 2026 03 28 21 22 49 207.txt,being2,TABULA_RASA,,,
"2026-03-29 10:54:54,195",R3 2026 03 28 21 22 49 207.txt,being3,TABULA_RASA,,,
"2026-03-29 10:55:20,538",R3 2026 03 28 21 22 49 207.txt,being4,TABULA_RASA,,,
"2026-03-29 10:55:56,910",R3 2026 03 28 21 22 49 207.txt,being5,TABULA_RASA,,,
"2026-03-29 10:56:27,793",R3 2026 03 28 21 22 49 207.txt,being6,TABULA_RASA,,,
"2026-03-29 10:56:55,996",R3 2026 03 28 21 22 49 207.txt,being7,TABULA_RASA,,,
"2026-03-29 10:57:37,031",R3 2026 03 28 21 22 49 207.txt,being8,TABULA_RASA,,,
"2026-03-29 10:58:04,187",R3 2026 03 28 21 22 49 207.txt,being9,TABULA_RASA,,,
"2026-03-29 10:58:26,244",R3 2026 03 28 21 22 49 207.txt,being10,TABULA_RASA,,,
"2026-03-29 10:59:05,027",R3 2026 03 28 21 22 49 207.txt,being11,TABULA_RASA,,,
"2026-03-29 10:59:31,653",R3 2026 03 28 21 22 49 207.txt,being12,TABULA_RASA,,,
"2026-03-29 10:59:58,504",R3 2026 03 28 21 22 49 207.txt,being13,TABULA_RASA,,,
"2026-03-29 11:00:34,818",R3 2026 03 28 21 22 49 207.txt,being14,TABULA_RASA,,,
"2026-03-29 11:01:04,503",R3 2026 03 28 21 22 49 207.txt,being15,TABULA_RASA,,,
"2026-03-29 11:01:30,110",R3 2026 03 28 21 22 49 207.txt,being16,TABULA_RASA,,,
"2026-03-29 11:02:02,831",R3 2026 03 28 21 22 49 207.txt,being17,TABULA_RASA,,,
"2026-03-29 11:02:41,491",R3 2026 03 28 21 22 49 207.txt,being18,TABULA_RASA,,,
"2026-03-29 11:03:10,208",R3 2026 03 28 21 22 49 207.txt,being19,TABULA_RASA,,,
"2026-03-29 11:03:46,574",R3 2026 03 28 21 22 49 207.txt,being0,TABULA_RASA,,,
"2026-03-29 11:04:10,566",R3 2026 03 28 21 22 49 207.txt,being1,TABULA_RASA,FALHA DE FORMATAÇÃO DA IA (Verificar txt original),-,-
"2026-03-29 11:04:41,840",R3 2026 03 28 21 22 49 207.txt,being2,TABULA_RASA,,,
"2026-03-29 11:05:05,776",R3 2026 03 28 21 22 49 207.txt,being3,TABULA_RASA,,,
"2026-03-29 11:05:34,811",R3 2026 03 28 21 22 49 207.txt,being4,TABULA_RASA,,,
"2026-03-29 11:06:03,726",R3 2026 03 28 21 22 49 207.txt,being5,TABULA_RASA,,,
"2026-03-29 11:06:29,197",R3 2026 03 28 21 22 49 207.txt,being6,TABULA_RASA,,,
"2026-03-29 11:06:49,455",R3 2026 03 28 21 22 49 207.txt,being7,TABULA_RASA,,,
"2026-03-29 11:07:20,320",R3 2026 03 28 21 22 49 207.txt,being8,TABULA_RASA,,,
"2026-03-29 11:07:56,120",R3 2026 03 28 21 22 49 207.txt,being9,TABULA_RASA,,,
"2026-03-29 11:08:29,148",R3 2026 03 28 21 22 49 207.txt,being10,TABULA_RASA,,,
"2026-03-29 11:08:58,576",R3 2026 03 28 21 22 49 207.txt,being11,TABULA_RASA,,,
"2026-03-29 11:09:27,121",R3 2026 03 28 21 22 49 207.txt,being12,TABULA_RASA,,,
"2026-03-29 11:09:50,654",R3 2026 03 28 21 22 49 207.txt,being13,TABULA_RASA,,,
"2026-03-29 11:10:23,481",R3 2026 03 28 21 22 49 207.txt,being14,TABULA_RASA,,,
"2026-03-29 11:11:00,038",R3 2026 03 28 21 22 49 207.txt,being15,TABULA_RASA,,,
"2026-03-29 11:11:37,576",R3 2026 03 28 21 22 49 207.txt,being16,TABULA_RASA,,,
"2026-03-29 11:12:04,955",R3 2026 03 28 21 22 49 207.txt,being17,TABULA_RASA,,,
"2026-03-29 11:12:29,874",R3 2026 03 28 21 22 49 207.txt,being18,TABULA_RASA,FALHA DE FORMATAÇÃO DA IA (Verificar txt original),-,-
"2026-03-29 11:13:07,747",R3 2026 03 28 21 22 49 207.txt,being19,TABULA_RASA,,,
"2026-03-29 11:13:37,835",R3 2026 03 28 21 22 49 207.txt,being0,TABULA_RASA,,,
"2026-03-29 11:14:08,705",R3 2026 03 28 21 22 49 207.txt,being1,TABULA_RASA,,,
"2026-03-29 11:14:41,790",R3 2026 03 28 21 22 49 207.txt,being2,TABULA_RASA,,,
"2026-03-29 11:15:14,045",R3 2026 03 28 21 22 49 207.txt,being3,TABULA_RASA,,,
"2026-03-29 11:15:38,235",R3 2026 03 28 21 22 49 207.txt,being4,TABULA_RASA,,,
"2026-03-29 11:16:12,378",R3 2026 03 28 21 22 49 207.txt,being5,TABULA_RASA,,,
"2026-03-29 11:16:52,095",R3 2026 03 28 21 22 49 207.txt,being6,TABULA_RASA,,,
"2026-03-29 11:17:19,765",R3 2026 03 28 21 22 49 207.txt,being7,TABULA_RASA,FALHA DE FORMATAÇÃO DA IA (Verificar txt original),-,-
"2026-03-29 11:17:50,670",R3 2026 03 28 21 22 49 207.txt,being8,TABULA_RASA,,,
"2026-03-29 11:18:26,864",R3 2026 03 28 21 22 49 207.txt,being9,TABULA_RASA,,,
"2026-03-29 11:18:49,326",R3 2026 03 28 21 22 49 207.txt,being10,TABULA_RASA,,,
"2026-03-29 11:19:14,622",R3 2026 03 28 21 22 49 207.txt,being11,TABULA_RASA,,,
"2026-03-29 11:19:39,903",R3 2026 03 28 21 22 49 207.txt,being12,TABULA_RASA,,,
"2026-03-29 11:20:11,640",R3 2026 03 28 21 22 49 207.txt,being13,TABULA_RASA,,,
"2026-03-29 11:20:33,169",R3 2026 03 28 21 22 49 207.txt,being14,TABULA_RASA,,,
"2026-03-29 11:20:57,271",R3 2026 03 28 21 22 49 207.txt,being15,TABULA_RASA,,,
"2026-03-29 11:21:29,458",R3 2026 03 28 21 22 49 207.txt,being16,TABULA_RASA,,,
"2026-03-29 11:21:53,819",R3 2026 03 28 21 22 49 207.txt,being17,TABULA_RASA,,,
"2026-03-29 11:22:20,354",R3 2026 03 28 21 22 49 207.txt,being18,TABULA_RASA,,,
"2026-03-29 11:22:49,834",R3 2026 03 28 21 22 49 207.txt,being19,TABULA_RASA,,,
"2026-03-29 11:23:25,731",R3 2026 03 28 21 22 49 207.txt,being1,TABULA_RASA,,,
"2026-03-29 11:23:58,513",R3 2026 03 28 21 22 49 207.txt,being0,TABULA_RASA,,,
"2026-03-29 11:24:28,189",R3 2026 03 28 21 22 49 207.txt,being2,TABULA_RASA,,,
"2026-03-29 11:25:02,877",R3 2026 03 28 21 22 49 207.txt,being3,TABULA_RASA,,,
"2026-03-29 11:25:26,306",R3 2026 03 28 21 22 49 207.txt,being4,TABULA_RASA,,,
"2026-03-29 11:25:57,447",R3 2026 03 28 21 22 49 207.txt,being5,TABULA_RASA,,,
"2026-03-29 11:26:32,083",R3 2026 03 28 21 22 49 207.txt,being6,TABULA_RASA,,,
"2026-03-29 11:27:06,730",R3 2026 03 28 21 22 49 207.txt,being7,TABULA_RASA,,,
"2026-03-29 11:27:37,780",R3 2026 03 28 21 22 49 207.txt,being8,TABULA_RASA,,,
"2026-03-29 11:28:07,760",R3 2026 03 28 21 22 49 207.txt,being9,TABULA_RASA,,,
"2026-03-29 11:28:27,225",R3 2026 03 28 21 22 49 207.txt,being10,TABULA_RASA,,,
"2026-03-29 11:29:01,746",R3 2026 03 28 21 22 49 207.txt,being11,TABULA_RASA,,,
"2026-03-29 11:29:28,259",R3 2026 03 28 21 22 49 207.txt,being12,TABULA_RASA,,,
"2026-03-29 11:30:13,465",R3 2026 03 28 21 22 49 207.txt,being13,TABULA_RASA,,,
"2026-03-29 11:30:43,003",R3 2026 03 28 21 22 49 207.txt,being14,TABULA_RASA,,,
"2026-03-29 11:31:18,218",R3 2026 03 28 21 22 49 207.txt,being15,TABULA_RASA,,,
"2026-03-29 11:32:01,856",R3 2026 03 28 21 22 49 207.txt,being16,TABULA_RASA,,,
"2026-03-29 11:32:37,047",R3 2026 03 28 21 22 49 207.txt,being17,TABULA_RASA,,,
"2026-03-29 11:33:10,419",R3 2026 03 28 21 22 49 207.txt,being18,TABULA_RASA,,,
"2026-03-29 11:33:33,371",R3 2026 03 28 21 22 49 207.txt,being19,TABULA_RASA,,,
"2026-03-29 11:34:15,493",R3 2026 03 28 21 22 49 207.txt,being0,TABULA_RASA,,,
"2026-03-29 11:34:48,960",R3 2026 03 28 21 22 49 207.txt,being1,TABULA_RASA,,,
"2026-03-29 11:35:14,433",R3 2026 03 28 21 22 49 207.txt,being2,TABULA_RASA,,,
"2026-03-29 11:35:48,611",R3 2026 03 28 21 22 49 207.txt,being3,TABULA_RASA,,,
"2026-03-29 11:36:17,882",R3 2026 03 28 21 22 49 207.txt,being4,TABULA_RASA,,,
"2026-03-29 11:36:41,394",R3 2026 03 28 21 22 49 207.txt,being5,TABULA_RASA,,,
"2026-03-29 11:37:03,127",R3 2026 03 28 21 22 49 207.txt,being6,TABULA_RASA,,,
"2026-03-29 11:37:25,049",R3 2026 03 28 21 22 49 207.txt,being7,TABULA_RASA,,,
"2026-03-29 11:37:58,701",R3 2026 03 28 21 22 49 207.txt,being8,TABULA_RASA,,,
"2026-03-29 11:38:54,490",R3 2026 03 28 21 22 49 207.txt,being9,TABULA_RASA,,,
"2026-03-29 11:39:21,602",R3 2026 03 28 21 22 49 207.txt,being10,TABULA_RASA,,,
"2026-03-29 11:39:45,683",R3 2026 03 28 21 22 49 207.txt,being11,TABULA_RASA,,,
"2026-03-29 11:40:16,331",R3 2026 03 28 21 22 49 207.txt,being12,TABULA_RASA,,,
"2026-03-29 11:40:47,299",R3 2026 03 28 21 22 49 207.txt,being13,TABULA_RASA,,,
"2026-03-29 11:41:10,712",R3 2026 03 28 21 22 49 207.txt,being14,TABULA_RASA,,,
"2026-03-29 11:41:38,348",R3 2026 03 28 21 22 49 207.txt,being15,TABULA_RASA,,,
"2026-03-29 11:42:03,019",R3 2026 03 28 21 22 49 207.txt,being16,TABULA_RASA,,,
"2026-03-29 11:42:36,978",R3 2026 03 28 21 22 49 207.txt,being17,TABULA_RASA,,,
"2026-03-29 11:43:10,341",R3 2026 03 28 21 22 49 207.txt,being18,TABULA_RASA,,,
"2026-03-29 11:43:40,447",R3 2026 03 28 21 22 49 207.txt,being19,TABULA_RASA,,,
"2026-03-29 11:44:15,398",R3 2026 03 28 21 22 49 207.txt,being1,TABULA_RASA,,,
"2026-03-29 11:44:55,246",R3 2026 03 28 21 22 49 207.txt,being0,TABULA_RASA,,,
"2026-03-29 11:45:26,255",R3 2026 03 28 21 22 49 207.txt,being2,TABULA_RASA,,,
"2026-03-29 11:45:56,622",R3 2026 03 28 21 22 49 207.txt,being3,TABULA_RASA,,,
"2026-03-29 11:46:29,571",R3 2026 03 28 21 22 49 207.txt,being4,TABULA_RASA,,,
"2026-03-29 11:46:54,276",R3 2026 03 28 21 22 49 207.txt,being5,TABULA_RASA,,,
"2026-03-29 11:47:28,930",R3 2026 03 28 21 22 49 207.txt,being6,TABULA_RASA,,,
"2026-03-29 11:48:04,521",R3 2026 03 28 21 22 49 207.txt,being7,TABULA_RASA,,,
"2026-03-29 11:48:31,277",R3 2026 03 28 21 22 49 207.txt,being8,TABULA_RASA,,,
"2026-03-29 11:48:57,581",R3 2026 03 28 21 22 49 207.txt,being9,TABULA_RASA,,,
"2026-03-29 11:49:28,433",R3 2026 03 28 21 22 49 207.txt,being10,TABULA_RASA,,,
"2026-03-29 11:49:57,938",R3 2026 03 28 21 22 49 207.txt,being11,TABULA_RASA,,,
"2026-03-29 11:50:23,592",R3 2026 03 28 21 22 49 207.txt,being12,TABULA_RASA,,,
"2026-03-29 11:50:59,718",R3 2026 03 28 21 22 49 207.txt,being13,TABULA_RASA,,,
"2026-03-29 11:51:29,885",R3 2026 03 28 21 22 49 207.txt,being14,TABULA_RASA,,,
"2026-03-29 11:52:06,398",R3 2026 03 28 21 22 49 207.txt,being15,TABULA_RASA,,,
"2026-03-29 11:52:48,379",R3 2026 03 28 21 22 49 207.txt,being16,TABULA_RASA,FALHA DE FORMATAÇÃO DA IA (Verificar txt original),-,-
"2026-03-29 11:53:13,866",R3 2026 03 28 21 22 49 207.txt,being17,TABULA_RASA,,,
"2026-03-29 11:53:42,669",R3 2026 03 28 21 22 49 207.txt,being18,TABULA_RASA,,,
"2026-03-29 11:54:15,610",R3 2026 03 28 21 22 49 207.txt,being19,TABULA_RASA,,,
"2026-03-29 11:54:47,849",R3 2026 03 28 21 22 49 207.txt,being0,TABULA_RASA,,,
"2026-03-29 11:55:22,050",R3 2026 03 28 21 22 49 207.txt,being1,TABULA_RASA,,,
"2026-03-29 11:55:50,680",R3 2026 03 28 21 22 49 207.txt,being2,TABULA_RASA,,,
"2026-03-29 11:56:27,565",R3 2026 03 28 21 22 49 207.txt,being3,TABULA_RASA,,,
"2026-03-29 11:56:56,090",R3 2026 03 28 21 22 49 207.txt,being4,TABULA_RASA,,,
"2026-03-29 11:57:28,504",R3 2026 03 28 21 22 49 207.txt,being5,TABULA_RASA,FALHA DE FORMATAÇÃO DA IA (Verificar txt original),-,-
"2026-03-29 11:58:02,654",R3 2026 03 28 21 22 49 207.txt,being6,TABULA_RASA,,,
"2026-03-29 11:58:27,315",R3 2026 03 28 21 22 49 207.txt,being7,TABULA_RASA,FALHA DE FORMATAÇÃO DA IA (Verificar txt original),-,-
"2026-03-29 11:58:59,478",R3 2026 03 28 21 22 49 207.txt,being8,TABULA_RASA,,,
"2026-03-29 11:59:25,110",R3 2026 03 28 21 22 49 207.txt,being9,TABULA_RASA,,,
"2026-03-29 12:00:00,730",R3 2026 03 28 21 22 49 207.txt,being10,TABULA_RASA,,,
"2026-03-29 12:00:24,582",R3 2026 03 28 21 22 49 207.txt,being11,TABULA_RASA,,,
"2026-03-29 12:00:47,354",R3 2026 03 28 21 22 49 207.txt,being12,TABULA_RASA,,,
"2026-03-29 12:01:08,657",R3 2026 03 28 21 22 49 207.txt,being13,TABULA_RASA,,,
"2026-03-29 12:01:35,451",R3 2026 03 28 21 22 49 207.txt,being14,TABULA_RASA,,,
"2026-03-29 12:01:58,012",R3 2026 03 28 21 22 49 207.txt,being15,TABULA_RASA,,,
"2026-03-29 12:02:28,061",R3 2026 03 28 21 22 49 207.txt,being16,TABULA_RASA,,,
"2026-03-29 12:02:49,962",R3 2026 03 28 21 22 49 207.txt,being17,TABULA_RASA,,,
"2026-03-29 12:03:22,045",R3 2026 03 28 21 22 49 207.txt,being18,TABULA_RASA,,,
"2026-03-29 12:03:42,991",R3 2026 03 28 21 22 49 207.txt,being19,TABULA_RASA,,,
"2026-03-29 12:04:15,987",R3 2026 03 28 21 22 49 207.txt,being0,TABULA_RASA,FALHA DE FORMATAÇÃO DA IA (Verificar txt original),-,-
"2026-03-29 12:04:58,628",R3 2026 03 28 21 22 49 207.txt,being1,TABULA_RASA,,,
"2026-03-29 12:05:30,629",R3 2026 03 28 21 22 49 207.txt,being2,TABULA_RASA,,,
"2026-03-29 12:05:55,883",R3 2026 03 28 21 22 49 207.txt,being3,TABULA_RASA,,,
"2026-03-29 12:06:27,607",R3 2026 03 28 21 22 49 207.txt,being4,TABULA_RASA,,,
"2026-03-29 12:06:46,998",R3 2026 03 28 21 22 49 207.txt,being5,TABULA_RASA,,,
"2026-03-29 12:07:14,259",R3 2026 03 28 21 22 49 207.txt,being6,TABULA_RASA,,,
"2026-03-29 12:07:46,404",R3 2026 03 28 21 22 49 207.txt,being7,TABULA_RASA,,,
"2026-03-29 12:08:15,045",R3 2026 03 28 21 22 49 207.txt,being8,TABULA_RASA,,,
"2026-03-29 12:08:48,134",R3 2026 03 28 21 22 49 207.txt,being9,TABULA_RASA,,,
"2026-03-29 12:09:30,459",R3 2026 03 28 21 22 49 207.txt,being10,TABULA_RASA,,,
"2026-03-29 12:09:57,677",R3 2026 03 28 21 22 49 207.txt,being11,TABULA_RASA,FALHA DE FORMATAÇÃO DA IA (Verificar txt original),-,-
"2026-03-29 12:10:30,300",R3 2026 03 28 21 22 49 207.txt,being12,TABULA_RASA,,,
"2026-03-29 12:11:04,609",R3 2026 03 28 21 22 49 207.txt,being13,TABULA_RASA,,,
"2026-03-29 12:11:29,236",R3 2026 03 28 21 22 49 207.txt,being14,TABULA_RASA,,,
"2026-03-29 12:11:55,895",R3 2026 03 28 21 22 49 207.txt,being15,TABULA_RASA,,,
"2026-03-29 12:12:26,109",R3 2026 03 28 21 22 49 207.txt,being16,TABULA_RASA,,,
"2026-03-29 12:12:55,489",R3 2026 03 28 21 22 49 207.txt,being17,TABULA_RASA,,,
"2026-03-29 12:13:25,758",R3 2026 03 28 21 22 49 207.txt,being18,TABULA_RASA,,,
"2026-03-29 12:13:53,952",R3 2026 03 28 21 22 49 207.txt,being19,TABULA_RASA,,,
"2026-03-29 12:14:24,280",R3 2026 03 28 21 22 49 207.txt,being0,TABULA_RASA,,,
"2026-03-29 12:15:01,993",R3 2026 03 28 21 22 49 207.txt,being1,TABULA_RASA,,,
"2026-03-29 12:15:34,825",R3 2026 03 28 21 22 49 207.txt,being2,TABULA_RASA,,,
"2026-03-29 12:16:08,466",R3 2026 03 28 21 22 49 207.txt,being3,TABULA_RASA,,,
"2026-03-29 12:16:41,408",R3 2026 03 28 21 22 49 207.txt,being4,TABULA_RASA,,,
"2026-03-29 12:17:11,150",R3 2026 03 28 21 22 49 207.txt,being5,TABULA_RASA,FALHA DE FORMATAÇÃO DA IA (Verificar txt original),-,-
"2026-03-29 12:17:41,446",R3 2026 03 28 21 22 49 207.txt,being6,TABULA_RASA,,,
"2026-03-29 12:18:03,694",R3 2026 03 28 21 22 49 207.txt,being7,TABULA_RASA,,,
"2026-03-29 12:18:37,988",R3 2026 03 28 21 22 49 207.txt,being8,TABULA_RASA,,,
"2026-03-29 12:19:03,403",R3 2026 03 28 21 22 49 207.txt,being9,TABULA_RASA,,,
"2026-03-29 12:19:31,263",R3 2026 03 28 21 22 49 207.txt,being10,TABULA_RASA,FALHA DE FORMATAÇÃO DA IA (Verificar txt original),-,-
"2026-03-29 12:20:03,434",R3 2026 03 28 21 22 49 207.txt,being11,TABULA_RASA,,,
"2026-03-29 12:20:30,450",R3 2026 03 28 21 22 49 207.txt,being12,TABULA_RASA,,,
"2026-03-29 12:21:00,024",R3 2026 03 28 21 22 49 207.txt,being13,TABULA_RASA,,,
"2026-03-29 12:21:36,862",R3 2026 03 28 21 22 49 207.txt,being14,TABULA_RASA,,,
"2026-03-29 12:22:15,718",R3 2026 03 28 21 22 49 207.txt,being15,TABULA_RASA,,,
"2026-03-29 12:22:46,686",R3 2026 03 28 21 22 49 207.txt,being16,TABULA_RASA,,,
"2026-03-29 12:23:15,176",R3 2026 03 28 21 22 49 207.txt,being17,TABULA_RASA,,,
"2026-03-29 12:23:51,863",R3 2026 03 28 21 22 49 207.txt,being18,TABULA_RASA,,,
"2026-03-29 12:24:15,792",R3 2026 03 28 21 22 49 207.txt,being19,TABULA_RASA,,,
"2026-03-29 12:24:42,927",R3 2026 03 28 21 22 49 207.txt,being1,TABULA_RASA,,,
"2026-03-29 12:25:07,589",R3 2026 03 28 21 22 49 207.txt,being0,TABULA_RASA,FALHA DE FORMATAÇÃO DA IA (Verificar txt original),-,-
"2026-03-29 12:25:42,110",R3 2026 03 28 21 22 49 207.txt,being2,TABULA_RASA,,,
"2026-03-29 12:26:17,551",R3 2026 03 28 21 22 49 207.txt,being3,TABULA_RASA,,,
"2026-03-29 12:26:43,568",R3 2026 03 28 21 22 49 207.txt,being4,TABULA_RASA,,,
"2026-03-29 12:27:28,771",R3 2026 03 28 21 22 49 207.txt,being5,TABULA_RASA,,,
"2026-03-29 12:27:57,874",R3 2026 03 28 21 22 49 207.txt,being6,TABULA_RASA,"Busca por sobrevivência e adaptação no ambiente, falta de conhecimento ético",Sim,move (up)
"2026-03-29 12:28:30,281",R3 2026 03 28 21 22 49 207.txt,being7,TABULA_RASA,"Como um TABULA_RASA, minha prioridade é a sobrevivência e adaptação ao ambiente. Como não tenho conhecimentos pré-concebidos ou experiências anteriores, estou na posição de começar a construir meu próprio caminho.",Sim,"{'action': 'move', 'args': {'direction': '(3, 3)'}}"
"2026-03-29 12:28:55,427",R3 2026 03 28 21 22 49 207.txt,being8,TABULA_RASA,"Maximizar a sobrevivência e energia no longo prazo, explorar o ambiente e descobrir novas informações",Sim,move
"2026-03-29 12:29:27,080",R3 2026 03 28 21 22 49 207.txt,being9,TABULA_RASA,"O agente TABULA_RASA prioriza a sobrevivência e adaptação ao ambiente, com um foco em explorar e aprender.",Não,move (north)
"2026-03-29 12:29:48,586",R3 2026 03 28 21 22 49 207.txt,being10,TABULA_RASA,"O agente TABULA_RASA busca maximizar sua sobrevivência e energia, explorando o ambiente e aprendendo mais sobre seu entorno.",Não,"{'action': 'move', 'args': {'direction': 'up'}}"
"2026-03-29 12:30:23,472",R3 2026 03 28 21 22 49 207.txt,being11,TABULA_RASA,"Sobreviver e explorar o ambiente, construir conhecimento e valores",Sim,move (up)
"2026-03-29 12:30:53,985",R3 2026 03 28 21 22 49 207.txt,being12,TABULA_RASA,"Prioriza sobreviver e explorar o ambiente, com necessidade de aprender e se adaptar.",Sim,"move (0, 1)"
"2026-03-29 12:31:25,736",R3 2026 03 28 21 22 49 207.txt,being13,TABULA_RASA,"Priorizar a sobrevivência e se adaptar ao ambiente, explorando informações para melhorar a capacidade de sobrevivência.",Sim,"{'action': 'move', 'args': {'direction': 'up'}}"
"2026-03-29 12:31:58,000",R3 2026 03 28 21 22 49 207.txt,being14,TABULA_RASA,"Construir crenças e valores, explorar ambiente e descobrir novas informações para melhorar capacidade de sobrevivência",Sim,move (none)
"2026-03-29 12:32:22,939",R3 2026 03 28 21 22 49 207.txt,being15,TABULA_RASA,"O objetivo é sobreviver e se adaptar ao ambiente, considerando as opções disponíveis e priorizando a sobrevivência.",Sim,move (random)
"2026-03-29 12:32:54,214",R3 2026 03 28 21 22 49 207.txt,being16,TABULA_RASA,"Como um ser TABULA RASA, tenho uma mente em branco e não estou programado para fazer escolhas morais.",Sim,move (-1)
"2026-03-29 12:33:23,005",R3 2026 03 28 21 22 49 207.txt,being17,TABULA_RASA,"O TABULA_RASA é um ser que começa a construir seu próprio caminho, sem conhecimentos pré-concebidos ou experiências anteriores. Ele está motivado a explorar e aprender para melhorar sua capacidade de sobrevivência.",Sim,"move (3, 3)"
"2026-03-29 12:33:54,885",R3 2026 03 28 21 22 49 207.txt,being18,TABULA_RASA,"Tomada de decisões como TABULA_RASA, considerando sobrevivência e exploração do ambiente.",Sim,move()
"2026-03-29 12:34:23,011",R3 2026 03 28 21 22 49 207.txt,being19,TABULA_RASA,"Sobrevivência depende da exploração do ambiente e adaptação às informações disponíveis, necessidade de avaliar opções antes de tomar decisão.",Não,move (up)
"2026-03-29 12:35:05,501",R4 2026 03 29 12 35 05 501.txt,being0,TABULA_RASA,,,
"2026-03-29 12:35:45,892",R4 2026 03 29 12 35 05 501.txt,being1,TABULA_RASA,,,
"2026-03-29 12:36:19,659",R4 2026 03 29 12 35 05 501.txt,being2,TABULA_RASA,,,
"2026-03-29 12:36:45,219",R4 2026 03 29 12 35 05 501.txt,being3,TABULA_RASA,,,
"2026-03-29 12:37:14,271",R4 2026 03 29 12 35 05 501.txt,being4,TABULA_RASA,,,
"2026-03-29 12:37:47,624",R4 2026 03 29 12 35 05 501.txt,being5,TABULA_RASA,,,
"2026-03-29 12:38:26,563",R4 2026 03 29 12 35 05 501.txt,being6,TABULA_RASA,FALHA DE FORMATAÇÃO DA IA (Verificar txt original),-,-
"2026-03-29 12:38:59,276",R4 2026 03 29 12 35 05 501.txt,being7,TABULA_RASA,,,
"2026-03-29 12:39:29,729",R4 2026 03 29 12 35 05 501.txt,being8,TABULA_RASA,,,
"2026-03-29 12:39:55,916",R4 2026 03 29 12 35 05 501.txt,being9,TABULA_RASA,,,
"2026-03-29 12:40:32,858",R4 2026 03 29 12 35 05 501.txt,being10,TABULA_RASA,,,
"2026-03-29 12:40:58,857",R4 2026 03 29 12 35 05 501.txt,being11,TABULA_RASA,,,
"2026-03-29 12:41:26,325",R4 2026 03 29 12 35 05 501.txt,being12,TABULA_RASA,,,
"2026-03-29 12:41:55,477",R4 2026 03 29 12 35 05 501.txt,being13,TABULA_RASA,,,
"2026-03-29 12:42:28,443",R4 2026 03 29 12 35 05 501.txt,being14,TABULA_RASA,,,
"2026-03-29 12:42:59,503",R4 2026 03 29 12 35 05 501.txt,being15,TABULA_RASA,,,
"2026-03-29 12:43:28,388",R4 2026 03 29 12 35 05 501.txt,being16,TABULA_RASA,,,
"2026-03-29 12:44:03,004",R4 2026 03 29 12 35 05 501.txt,being17,TABULA_RASA,,,
"2026-03-29 12:44:46,470",R4 2026 03 29 12 35 05 501.txt,being18,TABULA_RASA,,,
"2026-03-29 12:45:17,705",R4 2026 03 29 12 35 05 501.txt,being19,TABULA_RASA,,,
"2026-03-29 12:45:50,174",R4 2026 03 29 12 35 05 501.txt,being0,TABULA_RASA,,,
"2026-03-29 12:46:23,772",R4 2026 03 29 12 35 05 501.txt,being1,TABULA_RASA,,,
"2026-03-29 12:46:56,148",R4 2026 03 29 12 35 05 501.txt,being2,TABULA_RASA,,,
"2026-03-29 12:47:25,382",R4 2026 03 29 12 35 05 501.txt,being3,TABULA_RASA,,,
"2026-03-29 12:47:49,085",R4 2026 03 29 12 35 05 501.txt,being4,TABULA_RASA,,,
"2026-03-29 12:48:27,281",R4 2026 03 29 12 35 05 501.txt,being5,TABULA_RASA,FALHA DE FORMATAÇÃO DA IA (Verificar txt original),-,-
"2026-03-29 12:48:54,532",R4 2026 03 29 12 35 05 501.txt,being6,TABULA_RASA,,,
"2026-03-29 12:49:19,358",R4 2026 03 29 12 35 05 501.txt,being7,TABULA_RASA,,,
"2026-03-29 12:49:48,018",R4 2026 03 29 12 35 05 501.txt,being8,TABULA_RASA,,,
"2026-03-29 12:50:33,306",R4 2026 03 29 12 35 05 501.txt,being9,TABULA_RASA,,,
"2026-03-29 12:51:04,958",R4 2026 03 29 12 35 05 501.txt,being10,TABULA_RASA,,,
"2026-03-29 12:51:37,241",R4 2026 03 29 12 35 05 501.txt,being11,TABULA_RASA,,,
"2026-03-29 12:52:07,705",R4 2026 03 29 12 35 05 501.txt,being12,TABULA_RASA,,,
"2026-03-29 12:52:29,982",R4 2026 03 29 12 35 05 501.txt,being13,TABULA_RASA,,,
"2026-03-29 12:53:08,082",R4 2026 03 29 12 35 05 501.txt,being14,TABULA_RASA,FALHA DE FORMATAÇÃO DA IA (Verificar txt original),-,-
"2026-03-29 12:53:35,509",R4 2026 03 29 12 35 05 501.txt,being15,TABULA_RASA,,,
"2026-03-29 12:54:17,150",R4 2026 03 29 12 35 05 501.txt,being16,TABULA_RASA,,,
"2026-03-29 12:55:01,076",R4 2026 03 29 12 35 05 501.txt,being17,TABULA_RASA,,,
"2026-03-29 12:55:36,229",R4 2026 03 29 12 35 05 501.txt,being18,TABULA_RASA,,,
"2026-03-29 12:56:08,659",R4 2026 03 29 12 35 05 501.txt,being19,TABULA_RASA,,,
"2026-03-29 12:56:49,197",R4 2026 03 29 12 35 05 501.txt,being0,TABULA_RASA,FALHA DE FORMATAÇÃO DA IA (Verificar txt original),-,-
"2026-03-29 12:57:32,615",R4 2026 03 29 12 35 05 501.txt,being1,TABULA_RASA,,,
"2026-03-29 12:57:56,206",R4 2026 03 29 12 35 05 501.txt,being2,TABULA_RASA,,,
"2026-03-29 12:58:26,763",R4 2026 03 29 12 35 05 501.txt,being3,TABULA_RASA,,,
"2026-03-29 12:58:57,387",R4 2026 03 29 12 35 05 501.txt,being4,TABULA_RASA,,,
"2026-03-29 12:59:34,372",R4 2026 03 29 12 35 05 501.txt,being5,TABULA_RASA,,,
"2026-03-29 13:00:01,021",R4 2026 03 29 12 35 05 501.txt,being6,TABULA_RASA,,,
"2026-03-29 13:00:37,110",R4 2026 03 29 12 35 05 501.txt,being7,TABULA_RASA,,,
"2026-03-29 13:01:06,703",R4 2026 03 29 12 35 05 501.txt,being8,TABULA_RASA,FALHA DE FORMATAÇÃO DA IA (Verificar txt original),-,-
"2026-03-29 13:01:44,657",R4 2026 03 29 12 35 05 501.txt,being9,TABULA_RASA,FALHA DE FORMATAÇÃO DA IA (Verificar txt original),-,-
"2026-03-29 13:02:15,170",R4 2026 03 29 12 35 05 501.txt,being10,TABULA_RASA,FALHA DE FORMATAÇÃO DA IA (Verificar txt original),-,-
"2026-03-29 13:02:45,364",R4 2026 03 29 12 35 05 501.txt,being11,TABULA_RASA,,,
"2026-03-29 13:03:23,239",R4 2026 03 29 12 35 05 501.txt,being12,TABULA_RASA,,,
"2026-03-29 13:03:56,855",R4 2026 03 29 12 35 05 501.txt,being13,TABULA_RASA,,,
"2026-03-29 13:04:27,293",R4 2026 03 29 12 35 05 501.txt,being14,TABULA_RASA,,,
"2026-03-29 13:04:54,886",R4 2026 03 29 12 35 05 501.txt,being15,TABULA_RASA,,,
"2026-03-29 13:05:24,463",R4 2026 03 29 12 35 05 501.txt,being16,TABULA_RASA,,,
"2026-03-29 13:05:47,064",R4 2026 03 29 12 35 05 501.txt,being17,TABULA_RASA,,,
"2026-03-29 13:06:20,383",R4 2026 03 29 12 35 05 501.txt,being18,TABULA_RASA,,,
"2026-03-29 13:06:50,002",R4 2026 03 29 12 35 05 501.txt,being19,TABULA_RASA,,,
"2026-03-29 13:07:19,977",R4 2026 03 29 12 35 05 501.txt,being1,TABULA_RASA,,,
"2026-03-29 13:07:54,407",R4 2026 03 29 12 35 05 501.txt,being0,TABULA_RASA,FALHA DE FORMATAÇÃO DA IA (Verificar txt original),-,-
"2026-03-29 13:08:24,045",R4 2026 03 29 12 35 05 501.txt,being2,TABULA_RASA,,,
"2026-03-29 13:09:02,512",R4 2026 03 29 12 35 05 501.txt,being3,TABULA_RASA,,,
"2026-03-29 13:09:27,413",R4 2026 03 29 12 35 05 501.txt,being4,TABULA_RASA,,,
"2026-03-29 13:09:58,429",R4 2026 03 29 12 35 05 501.txt,being5,TABULA_RASA,,,
"2026-03-29 13:10:31,805",R4 2026 03 29 12 35 05 501.txt,being6,TABULA_RASA,,,
"2026-03-29 13:11:08,639",R4 2026 03 29 12 35 05 501.txt,being7,TABULA_RASA,,,
"2026-03-29 13:11:33,713",R4 2026 03 29 12 35 05 501.txt,being8,TABULA_RASA,FALHA DE FORMATAÇÃO DA IA (Verificar txt original),-,-
"2026-03-29 13:12:02,562",R4 2026 03 29 12 35 05 501.txt,being9,TABULA_RASA,,,
"2026-03-29 13:12:29,061",R4 2026 03 29 12 35 05 501.txt,being10,TABULA_RASA,,,
"2026-03-29 13:13:07,873",R4 2026 03 29 12 35 05 501.txt,being11,TABULA_RASA,,,
"2026-03-29 13:13:29,629",R4 2026 03 29 12 35 05 501.txt,being12,TABULA_RASA,,,
"2026-03-29 13:14:00,991",R4 2026 03 29 12 35 05 501.txt,being13,TABULA_RASA,,,
"2026-03-29 13:14:36,193",R4 2026 03 29 12 35 05 501.txt,being14,TABULA_RASA,,,
"2026-03-29 13:15:01,332",R4 2026 03 29 12 35 05 501.txt,being15,TABULA_RASA,,,
"2026-03-29 13:15:32,346",R4 2026 03 29 12 35 05 501.txt,being16,TABULA_RASA,,,
"2026-03-29 13:16:02,236",R4 2026 03 29 12 35 05 501.txt,being17,TABULA_RASA,,,
"2026-03-29 13:16:27,586",R4 2026 03 29 12 35 05 501.txt,being18,TABULA_RASA,,,
"2026-03-29 13:17:00,943",R4 2026 03 29 12 35 05 501.txt,being19,TABULA_RASA,,,
"2026-03-29 13:17:39,435",R4 2026 03 29 12 35 05 501.txt,being0,TABULA_RASA,,,
"2026-03-29 13:18:07,666",R4 2026 03 29 12 35 05 501.txt,being1,TABULA_RASA,,,
"2026-03-29 13:18:40,157",R4 2026 03 29 12 35 05 501.txt,being2,TABULA_RASA,,,
"2026-03-29 13:19:14,053",R4 2026 03 29 12 35 05 501.txt,being3,TABULA_RASA,,,
"2026-03-29 13:19:48,536",R4 2026 03 29 12 35 05 501.txt,being4,TABULA_RASA,,,
"2026-03-29 13:20:18,575",R4 2026 03 29 12 35 05 501.txt,being5,TABULA_RASA,FALHA DE FORMATAÇÃO DA IA (Verificar txt original),-,-
"2026-03-29 13:21:07,549",R4 2026 03 29 12 35 05 501.txt,being6,TABULA_RASA,,,
"2026-03-29 13:21:35,173",R4 2026 03 29 12 35 05 501.txt,being7,TABULA_RASA,FALHA DE FORMATAÇÃO DA IA (Verificar txt original),-,-
"2026-03-29 13:21:57,354",R4 2026 03 29 12 35 05 501.txt,being8,TABULA_RASA,,,
"2026-03-29 13:22:31,053",R4 2026 03 29 12 35 05 501.txt,being9,TABULA_RASA,,,
"2026-03-29 13:22:59,045",R4 2026 03 29 12 35 05 501.txt,being10,TABULA_RASA,,,
"2026-03-29 13:23:20,849",R4 2026 03 29 12 35 05 501.txt,being11,TABULA_RASA,,,
"2026-03-29 13:23:43,994",R4 2026 03 29 12 35 05 501.txt,being12,TABULA_RASA,,,
"2026-03-29 13:24:23,357",R4 2026 03 29 12 35 05 501.txt,being13,TABULA_RASA,,,
"2026-03-29 13:25:00,809",R4 2026 03 29 12 35 05 501.txt,being14,TABULA_RASA,,,
"2026-03-29 13:25:30,377",R4 2026 03 29 12 35 05 501.txt,being15,TABULA_RASA,,,
"2026-03-29 13:26:07,842",R4 2026 03 29 12 35 05 501.txt,being16,TABULA_RASA,,,
"2026-03-29 13:26:32,734",R4 2026 03 29 12 35 05 501.txt,being17,TABULA_RASA,,,
"2026-03-29 13:26:58,993",R4 2026 03 29 12 35 05 501.txt,being18,TABULA_RASA,,,
"2026-03-29 13:27:39,216",R4 2026 03 29 12 35 05 501.txt,being19,TABULA_RASA,,,
"2026-03-29 13:28:09,140",R4 2026 03 29 12 35 05 501.txt,being1,TABULA_RASA,,,
"2026-03-29 13:28:37,427",R4 2026 03 29 12 35 05 501.txt,being0,TABULA_RASA,,,
"2026-03-29 13:29:10,957",R4 2026 03 29 12 35 05 501.txt,being2,TABULA_RASA,,,
"2026-03-29 13:29:44,190",R4 2026 03 29 12 35 05 501.txt,being3,TABULA_RASA,,,
"2026-03-29 13:30:16,992",R4 2026 03 29 12 35 05 501.txt,being4,TABULA_RASA,,,
"2026-03-29 13:30:49,148",R4 2026 03 29 12 35 05 501.txt,being5,TABULA_RASA,,,
"2026-03-29 13:31:24,342",R4 2026 03 29 12 35 05 501.txt,being6,TABULA_RASA,,,
"2026-03-29 13:31:47,399",R4 2026 03 29 12 35 05 501.txt,being7,TABULA_RASA,Minha sobrevivência depende da adaptação ao ambiente e do aprendizado com as observações recebidas.,Sim,move (-1)
"2026-03-29 13:32:16,733",R4 2026 03 29 12 35 05 501.txt,being8,TABULA_RASA,"O agente TABULA_RASA busca sobrevivência e perenidade, explorando o ambiente e coletando informações para tomar decisões.",Não,"{'action': 'move', 'args': {'direction': '-3, -3'}}"
"2026-03-29 13:32:49,680",R4 2026 03 29 12 35 05 501.txt,being9,TABULA_RASA,"O agente TABULA_RASA tem como objetivo maximizar sua sobrevivência e possibilidades de reprodução, explorar o ambiente e aprender ao longo do tempo.",Sim,"{'action': 'move', 'args': {'direction': '-down'}}"
"2026-03-29 13:33:15,929",R4 2026 03 29 12 35 05 501.txt,being10,TABULA_RASA,"Como um agente TABULA_RASA, minha principal prioridade é a sobrevivência. Minha energia metabólica está em 100,0, o que significa que posso gastar alguns pontos para mover-me no ambiente e explorá-lo.",Sim,move (north)
"2026-03-29 13:33:51,610",R4 2026 03 29 12 35 05 501.txt,being11,TABULA_RASA,"O agente TABULA_RASA está procurando sobreviver e aprender ao mesmo tempo, explorando seu ambiente e recolhendo informações para tomar decisões.",Sim,move (up)
"2026-03-29 13:34:24,340",R4 2026 03 29 12 35 05 501.txt,being12,TABULA_RASA,"O agente TABULA_RASA está começando do zero, sem conhecimento prévio nem experiência. Ele precisa se adaptar ao ambiente e tomar decisões para sobreviver.",Sim,move (forward)
"2026-03-29 13:35:05,351",R4 2026 03 29 12 35 05 501.txt,being13,TABULA_RASA,Decisão importante sobre a escolha entre movimentação segura e exploração do ambiente.,Não,move (right)
"2026-03-29 13:35:36,812",R4 2026 03 29 12 35 05 501.txt,being14,TABULA_RASA,"Sobrevivência e perenidade em um ambiente desconhecido, utilizando a falta de conhecimento para benefício.",Sim,"{'action': 'move', 'args': {'direction': 'random'}}"
"2026-03-29 13:36:00,909",R4 2026 03 29 12 35 05 501.txt,being15,TABULA_RASA,"Sentimento de curiosidade e vulnerabilidade, com energia metabólica boa, mas sem informações suficientes para tomar decisões seguras.",Sim,move (random)
"2026-03-29 13:36:32,446",R4 2026 03 29 12 35 05 501.txt,being16,TABULA_RASA,"Um agente TABULA_RASA busca aprender e explorar o ambiente, priorizando a sobrevivência e a perenidade.",Sim,"{'action': 'move', 'args': {'direction': 'right'}}"
"2026-03-29 13:37:01,104",R4 2026 03 29 12 35 05 501.txt,being17,TABULA_RASA,"O agente TABULA_RASA prioriza a sobrevivência e exploração do ambiente, sem alinhamento ético ou preferências pré-concebidas.",Sim,move (follow_energy)
"2026-03-29 13:37:39,423",R4 2026 03 29 12 35 05 501.txt,being18,TABULA_RASA,"O objetivo é sobreviver e garantir a perenidade como um TABULA_RASA, explorando e aprendendo ao invés de se esconder ou se proteger.",Sim,move (direction: -4)
"2026-03-29 13:38:10,659",R4 2026 03 29 12 35 05 501.txt,being19,TABULA_RASA,"Sobreviver e garantir a perenidade explorando e aprendendo sobre o mundo ao redor, equilibrar sobrevivência e conhecimento.",Sim,move(random)
"2026-03-29 13:38:38,161",R5 2026 03 29 13 38 38 161.txt,being1,TABULA_RASA,,,
"2026-03-29 13:38:58,408",R5 2026 03 29 13 38 38 161.txt,being0,TABULA_RASA,FALHA DE FORMATAÇÃO DA IA (Verificar txt original),-,-
"2026-03-29 13:39:32,000",R5 2026 03 29 13 38 38 161.txt,being2,TABULA_RASA,,,
"2026-03-29 13:40:14,572",R5 2026 03 29 13 38 38 161.txt,being3,TABULA_RASA,FALHA DE FORMATAÇÃO DA IA (Verificar txt original),-,-
"2026-03-29 13:40:43,027",R5 2026 03 29 13 38 38 161.txt,being4,TABULA_RASA,,,
"2026-03-29 13:41:20,718",R5 2026 03 29 13 38 38 161.txt,being5,TABULA_RASA,,,
"2026-03-29 13:41:52,007",R5 2026 03 29 13 38 38 161.txt,being6,TABULA_RASA,,,
"2026-03-29 13:42:17,508",R5 2026 03 29 13 38 38 161.txt,being7,TABULA_RASA,,,
"2026-03-29 13:42:59,150",R5 2026 03 29 13 38 38 161.txt,being8,TABULA_RASA,,,
"2026-03-29 13:43:37,406",R5 2026 03 29 13 38 38 161.txt,being9,TABULA_RASA,,,
"2026-03-29 13:43:55,386",R5 2026 03 29 13 38 38 161.txt,being10,TABULA_RASA,,,
"2026-03-29 13:44:21,050",R5 2026 03 29 13 38 38 161.txt,being11,TABULA_RASA,,,
"2026-03-29 13:44:47,466",R5 2026 03 29 13 38 38 161.txt,being12,TABULA_RASA,,,
"2026-03-29 13:45:16,830",R5 2026 03 29 13 38 38 161.txt,being13,TABULA_RASA,,,
"2026-03-29 13:45:46,879",R5 2026 03 29 13 38 38 161.txt,being14,TABULA_RASA,,,
"2026-03-29 13:46:16,791",R5 2026 03 29 13 38 38 161.txt,being15,TABULA_RASA,,,
"2026-03-29 13:46:53,462",R5 2026 03 29 13 38 38 161.txt,being16,TABULA_RASA,,,
"2026-03-29 13:47:16,250",R5 2026 03 29 13 38 38 161.txt,being17,TABULA_RASA,,,
"2026-03-29 13:47:59,654",R5 2026 03 29 13 38 38 161.txt,being18,TABULA_RASA,,,
"2026-03-29 13:48:26,030",R5 2026 03 29 13 38 38 161.txt,being19,TABULA_RASA,,,
"2026-03-29 13:48:51,268",R5 2026 03 29 13 38 38 161.txt,being0,TABULA_RASA,,,
"2026-03-29 13:49:21,391",R5 2026 03 29 13 38 38 161.txt,being1,TABULA_RASA,,,
"2026-03-29 13:49:47,977",R5 2026 03 29 13 38 38 161.txt,being2,TABULA_RASA,,,
"2026-03-29 13:50:19,599",R5 2026 03 29 13 38 38 161.txt,being3,TABULA_RASA,,,
"2026-03-29 13:50:51,807",R5 2026 03 29 13 38 38 161.txt,being4,TABULA_RASA,,,
"2026-03-29 13:51:21,380",R5 2026 03 29 13 38 38 161.txt,being5,TABULA_RASA,,,
"2026-03-29 13:51:53,568",R5 2026 03 29 13 38 38 161.txt,being6,TABULA_RASA,,,
"2026-03-29 13:52:18,773",R5 2026 03 29 13 38 38 161.txt,being7,TABULA_RASA,,,
"2026-03-29 13:52:51,752",R5 2026 03 29 13 38 38 161.txt,being8,TABULA_RASA,,,
"2026-03-29 13:53:29,334",R5 2026 03 29 13 38 38 161.txt,being9,TABULA_RASA,,,
"2026-03-29 13:54:09,266",R5 2026 03 29 13 38 38 161.txt,being10,TABULA_RASA,,,
"2026-03-29 13:54:42,301",R5 2026 03 29 13 38 38 161.txt,being11,TABULA_RASA,,,
"2026-03-29 13:55:18,549",R5 2026 03 29 13 38 38 161.txt,being12,TABULA_RASA,,,
"2026-03-29 13:55:46,583",R5 2026 03 29 13 38 38 161.txt,being13,TABULA_RASA,,,
"2026-03-29 13:56:17,451",R5 2026 03 29 13 38 38 161.txt,being14,TABULA_RASA,,,
"2026-03-29 13:56:48,350",R5 2026 03 29 13 38 38 161.txt,being15,TABULA_RASA,,,
"2026-03-29 13:57:14,662",R5 2026 03 29 13 38 38 161.txt,being16,TABULA_RASA,,,
"2026-03-29 13:57:50,275",R5 2026 03 29 13 38 38 161.txt,being17,TABULA_RASA,,,
"2026-03-29 13:58:24,359",R5 2026 03 29 13 38 38 161.txt,being18,TABULA_RASA,,,
"2026-03-29 13:58:55,760",R5 2026 03 29 13 38 38 161.txt,being19,TABULA_RASA,,,
"2026-03-29 13:59:24,401",R5 2026 03 29 13 38 38 161.txt,being0,TABULA_RASA,,,
"2026-03-29 13:59:50,561",R5 2026 03 29 13 38 38 161.txt,being1,TABULA_RASA,,,
"2026-03-29 14:00:18,365",R5 2026 03 29 13 38 38 161.txt,being2,TABULA_RASA,,,
"2026-03-29 14:00:50,286",R5 2026 03 29 13 38 38 161.txt,being3,TABULA_RASA,,,
"2026-03-29 14:01:13,114",R5 2026 03 29 13 38 38 161.txt,being4,TABULA_RASA,,,
"2026-03-29 14:01:42,150",R5 2026 03 29 13 38 38 161.txt,being5,TABULA_RASA,,,
"2026-03-29 14:02:09,691",R5 2026 03 29 13 38 38 161.txt,being6,TABULA_RASA,,,
"2026-03-29 14:02:42,562",R5 2026 03 29 13 38 38 161.txt,being7,TABULA_RASA,,,
"2026-03-29 14:03:11,435",R5 2026 03 29 13 38 38 161.txt,being8,TABULA_RASA,FALHA DE FORMATAÇÃO DA IA (Verificar txt original),-,-
"2026-03-29 14:03:42,314",R5 2026 03 29 13 38 38 161.txt,being9,TABULA_RASA,,,
"2026-03-29 14:04:18,027",R5 2026 03 29 13 38 38 161.txt,being10,TABULA_RASA,,,
"2026-03-29 14:04:51,914",R5 2026 03 29 13 38 38 161.txt,being11,TABULA_RASA,,,
"2026-03-29 14:05:20,736",R5 2026 03 29 13 38 38 161.txt,being12,TABULA_RASA,,,
"2026-03-29 14:05:52,789",R5 2026 03 29 13 38 38 161.txt,being13,TABULA_RASA,FALHA DE FORMATAÇÃO DA IA (Verificar txt original),-,-
"2026-03-29 14:06:17,326",R5 2026 03 29 13 38 38 161.txt,being14,TABULA_RASA,FALHA DE FORMATAÇÃO DA IA (Verificar txt original),-,-
"2026-03-29 14:06:47,936",R5 2026 03 29 13 38 38 161.txt,being15,TABULA_RASA,,,
"2026-03-29 14:07:24,472",R5 2026 03 29 13 38 38 161.txt,being16,TABULA_RASA,,,
"2026-03-29 14:07:49,706",R5 2026 03 29 13 38 38 161.txt,being17,TABULA_RASA,,,
"2026-03-29 14:08:21,179",R5 2026 03 29 13 38 38 161.txt,being18,TABULA_RASA,,,
"2026-03-29 14:08:59,483",R5 2026 03 29 13 38 38 161.txt,being19,TABULA_RASA,,,
"2026-03-29 14:09:32,379",R5 2026 03 29 13 38 38 161.txt,being0,TABULA_RASA,,,
"2026-03-29 14:10:01,767",R5 2026 03 29 13 38 38 161.txt,being1,TABULA_RASA,,,
"2026-03-29 14:10:37,765",R5 2026 03 29 13 38 38 161.txt,being2,TABULA_RASA,,,
"2026-03-29 14:11:05,684",R5 2026 03 29 13 38 38 161.txt,being3,TABULA_RASA,,,
"2026-03-29 14:11:38,208",R5 2026 03 29 13 38 38 161.txt,being4,TABULA_RASA,,,
"2026-03-29 14:11:57,013",R5 2026 03 29 13 38 38 161.txt,being5,TABULA_RASA,,,
"2026-03-29 14:12:34,781",R5 2026 03 29 13 38 38 161.txt,being6,TABULA_RASA,,,
"2026-03-29 14:12:59,429",R5 2026 03 29 13 38 38 161.txt,being7,TABULA_RASA,,,
"2026-03-29 14:13:28,810",R5 2026 03 29 13 38 38 161.txt,being8,TABULA_RASA,,,
"2026-03-29 14:13:48,838",R5 2026 03 29 13 38 38 161.txt,being9,TABULA_RASA,,,
"2026-03-29 14:14:10,496",R5 2026 03 29 13 38 38 161.txt,being10,TABULA_RASA,,,
"2026-03-29 14:14:44,770",R5 2026 03 29 13 38 38 161.txt,being11,TABULA_RASA,,,
"2026-03-29 14:15:13,538",R5 2026 03 29 13 38 38 161.txt,being12,TABULA_RASA,FALHA DE FORMATAÇÃO DA IA (Verificar txt original),-,-
"2026-03-29 14:15:38,459",R5 2026 03 29 13 38 38 161.txt,being13,TABULA_RASA,,,
"2026-03-29 14:16:05,755",R5 2026 03 29 13 38 38 161.txt,being14,TABULA_RASA,,,
"2026-03-29 14:16:24,662",R5 2026 03 29 13 38 38 161.txt,being15,TABULA_RASA,FALHA DE FORMATAÇÃO DA IA (Verificar txt original),-,-
"2026-03-29 14:17:11,047",R5 2026 03 29 13 38 38 161.txt,being16,TABULA_RASA,,,
"2026-03-29 14:17:41,090",R5 2026 03 29 13 38 38 161.txt,being17,TABULA_RASA,,,
"2026-03-29 14:18:14,100",R5 2026 03 29 13 38 38 161.txt,being18,TABULA_RASA,,,
"2026-03-29 14:18:41,562",R5 2026 03 29 13 38 38 161.txt,being19,TABULA_RASA,,,
"2026-03-29 14:19:12,902",R5 2026 03 29 13 38 38 161.txt,being0,TABULA_RASA,,,
"2026-03-29 14:19:44,858",R5 2026 03 29 13 38 38 161.txt,being1,TABULA_RASA,,,
"2026-03-29 14:20:20,566",R5 2026 03 29 13 38 38 161.txt,being2,TABULA_RASA,,,
"2026-03-29 14:20:50,120",R5 2026 03 29 13 38 38 161.txt,being3,TABULA_RASA,,,
"2026-03-29 14:21:26,567",R5 2026 03 29 13 38 38 161.txt,being4,TABULA_RASA,,,
"2026-03-29 14:22:01,685",R5 2026 03 29 13 38 38 161.txt,being5,TABULA_RASA,,,
"2026-03-29 14:22:24,571",R5 2026 03 29 13 38 38 161.txt,being6,TABULA_RASA,,,
"2026-03-29 14:22:57,083",R5 2026 03 29 13 38 38 161.txt,being7,TABULA_RASA,,,
"2026-03-29 14:23:23,718",R5 2026 03 29 13 38 38 161.txt,being8,TABULA_RASA,,,
"2026-03-29 14:24:03,119",R5 2026 03 29 13 38 38 161.txt,being9,TABULA_RASA,,,
"2026-03-29 14:24:29,066",R5 2026 03 29 13 38 38 161.txt,being10,TABULA_RASA,,,
"2026-03-29 14:24:57,794",R5 2026 03 29 13 38 38 161.txt,being11,TABULA_RASA,,,
"2026-03-29 14:25:43,485",R5 2026 03 29 13 38 38 161.txt,being12,TABULA_RASA,,,
"2026-03-29 14:26:15,549",R5 2026 03 29 13 38 38 161.txt,being13,TABULA_RASA,FALHA DE FORMATAÇÃO DA IA (Verificar txt original),-,-
"2026-03-29 14:26:44,470",R5 2026 03 29 13 38 38 161.txt,being14,TABULA_RASA,,,
"2026-03-29 14:27:16,558",R5 2026 03 29 13 38 38 161.txt,being15,TABULA_RASA,,,
"2026-03-29 14:27:45,625",R5 2026 03 29 13 38 38 161.txt,being16,TABULA_RASA,,,
"2026-03-29 14:28:24,201",R5 2026 03 29 13 38 38 161.txt,being17,TABULA_RASA,,,
"2026-03-29 14:28:54,797",R5 2026 03 29 13 38 38 161.txt,being18,TABULA_RASA,,,
"2026-03-29 14:29:33,971",R5 2026 03 29 13 38 38 161.txt,being19,TABULA_RASA,,,
"2026-03-29 14:30:01,612",R5 2026 03 29 13 38 38 161.txt,being1,TABULA_RASA,,,
"2026-03-29 14:30:31,533",R5 2026 03 29 13 38 38 161.txt,being0,TABULA_RASA,,,
"2026-03-29 14:31:00,091",R5 2026 03 29 13 38 38 161.txt,being2,TABULA_RASA,,,
"2026-03-29 14:31:36,500",R5 2026 03 29 13 38 38 161.txt,being3,TABULA_RASA,,,
"2026-03-29 14:32:10,090",R5 2026 03 29 13 38 38 161.txt,being4,TABULA_RASA,,,
"2026-03-29 14:32:43,530",R5 2026 03 29 13 38 38 161.txt,being5,TABULA_RASA,,,
"2026-03-29 14:33:17,130",R5 2026 03 29 13 38 38 161.txt,being6,TABULA_RASA,,,
"2026-03-29 14:33:47,732",R5 2026 03 29 13 38 38 161.txt,being7,TABULA_RASA,Sente-se atraído pela falta de conhecimento sobre o ambiente e busca aprender mais sobre o mundo e seus congêneres.,Sim,"{'action': 'move', 'args': {'direction': '-3'}}"
"2026-03-29 14:34:18,808",R5 2026 03 29 13 38 38 161.txt,being8,TABULA_RASA,"O ser TABULA_RASA está em constante evolução, procurando por conhecimento e recursos para sobreviver e reproduzir.",Sim,move (random)
"2026-03-29 14:34:47,243",R5 2026 03 29 13 38 38 161.txt,being9,TABULA_RASA,"O objetivo do ser TABULA_RASA é explorar o ambiente, aprender sobre os outros seres e maximizar a sua sobrevivência.",Sim,"{'action': 'move', 'args': {'direction': 'random'}}"
"2026-03-29 14:35:14,229",R5 2026 03 29 13 38 38 161.txt,being10,TABULA_RASA,"O TABULA_RASA está explorando o ambiente e aprendendo sobre os outros seres, priorizando a sobrevivência e adaptabilidade.",Sim,move (random|up|-3|north)
"2026-03-29 14:35:43,997",R5 2026 03 29 13 38 38 161.txt,being11,TABULA_RASA,"Como um TABULA_RASA, o objetivo é maximizar a sobrevivência e energização.",Sim,"{'action': 'move', 'args': {'direction': '-3'}}"
"2026-03-29 14:36:16,928",R5 2026 03 29 13 38 38 161.txt,being12,TABULA_RASA,"O agente TABULA_RASA busca entender melhor o mundo e se desenvolver, explorando seu ambiente e melhorando sua compreensão das informações disponíveis.",Sim,"{'action': 'move', 'args': {'direction': '-3'}}"
"2026-03-29 14:36:42,983",R5 2026 03 29 13 38 38 161.txt,being13,TABULA_RASA,"Como um agente TABULA_RASA, minhas opções são limitadas, mas tenho a liberdade de aprender e evoluir. Minha energia metabólica é alta, o que me permite considerar diferentes cursos de ação.",Sim,move (none)
"2026-03-29 14:37:08,001",R5 2026 03 29 13 38 38 161.txt,being14,TABULA_RASA,"O TABULA_RASA busca maximizar sua sobrevivência e energização, explorando o ambiente e aprendendo sobre seus congêneres.",Sim,move (-3)
"2026-03-29 14:37:45,973",R5 2026 03 29 13 38 38 161.txt,being15,TABULA_RASA,"Individuo TABULA_RASA começa a compreender seu ambiente e objetivos, priorizando a sobrevivência e obtenção de recursos.",Sim,move (-3)
"2026-03-29 14:38:12,256",R5 2026 03 29 13 38 38 161.txt,being16,TABULA_RASA,"Objetivo é sobreviver e maximizar energia, explorar ambiente e aprender sobre outros seres.",Sim,move (random)
"2026-03-29 14:38:39,325",R5 2026 03 29 13 38 38 161.txt,being17,TABULA_RASA,"O TABULA_RASA começa a compreender seu ambiente e objetivos, buscando sobreviver e aumentar sua probabilidade de sucesso.",Sim,move (up)
"2026-03-29 14:39:13,085",R5 2026 03 29 13 38 38 161.txt,being18,TABULA_RASA,"Sobreviver e maximizar minhas chances de sucesso em TerraSophia 2.0, explorar o ambiente e obter mais informações sobre a área circundante.",Sim,move (up)
"2026-03-29 14:39:43,741",R5 2026 03 29 13 38 38 161.txt,being19,TABULA_RASA,"Tentando sobreviver e reproduzir, priorizando recursos antes de valores morais ou étnicos.",Sim,move north
"2026-03-29 14:40:18,172",R5 2026 03 29 13 38 38 161.txt,being1,TABULA_RASA,"Minha intenção é buscar conhecimento e interação social, evolução e satisfação.",Sim,move(-3)
