Autor,Obra (Título),Notas/Descrição
"Sertillanges, A.-D.",A Vida Intelectual,Um guia clássico e indispensável sobre como ordenar a mente e a vida para a busca da verdade.
Santo Agostinho,Confissões,"A jornada de uma das maiores mentes da história em sua busca incansável pela Verdade, mostrando que a busca pelo conhecimento é inseparável da busca por Deus."
Irmã Miriam Joseph,"O Trivium: As Artes Liberais da Lógica, Gramática e Retórica",A obra definitiva para entender a estrutura clássica do pensamento que formou a civilização ocidental e que foi a base da educação de elite durante séculos.
"Schopenhauer, Arthur",Como Vencer um Debate sem Precisar Ter Razão,"Essencial não para usar as táticas, mas para aprender a identificá-las e a se defender delas no dia a dia."
"Campbell, Joseph",O Poder do Mito,Uma exploração fascinante de como mitos e símbolos arquetípicos moldam as culturas e a psique humana.
"Bruce-Mitford, Miranda",Sinais e Símbolos: Um Guia Ilustrado Para Suas Origens e Significados,Um excelente guia de referência visual para entender o vocabulário universal dos símbolos.
"Orwell, George",1984,"A ficção distópica que melhor descreveu como a manipulação da linguagem (a ""Novilíngua"") é a ferramenta fundamental para o controlo do pensamento e a tirania."
"Robson, Ronald",A Mente de Olavo de Carvalho,Uma introdução ao pensamento do filósofo brasileiro que mais profundamente analisou e denunciou a guerra cultural e a manipulação da linguagem no Brasil.
"Orwell, George",Política e a Língua Inglesa (ensaio),Um texto curto e direto sobre como a linguagem imprecisa e o jargão político são usados para obscurecer a verdade.
"Adler, Mortimer; Van Doren, Charles",Como Ler Livros,"O manual definitivo sobre a arte da leitura. A leitura deste livro é, em si, um treinamento para a mente."
"Almeida, Napoleão Mendes de",Gramática Metódica da Língua Portuguesa,"Uma gramática clássica, rigorosa e excelente para quem deseja aprofundar o conhecimento da estrutura lógica do português."
PESQUISA,Um bom Dicionário Etimológico (como o de Antônio Geraldo da Cunha),Uma ferramenta fascinante para explorar a história e o verdadeiro significado das palavras.
Aristóteles,Organon,"A obra fundadora da lógica ocidental. É um material denso, mas ler trechos da ""Analítica"" ou dos ""Tópicos"" é ir direto à fonte."
Platão,"Diálogos (especialmente ""A República"", ""Fedro"" e ""O Sofista"")","Veja a dialética em ação. Observe como Sócrates, através do diálogo, força seus interlocutores a examinar suas próprias premissas e a buscar definições verdadeiras."
"Chesterton, G. K.",Iniciação à Lógica,Um texto mais acessível que mostra como a lógica está intrinsecamente ligada ao senso comum e à percepção da realidade.
Aristóteles,Retórica,"O tratado fundamental sobre o tema. Aristóteles disseca os três pilares da persuasão: Logos (o apelo à razão), Pathos (o apelo à emoção) e Ethos (o caráter e a credibilidade de quem fala)."
Quintiliano,Da Educação do Orador,"Uma obra monumental romana que trata a retórica como o ápice da formação de um homem bom e sábio, capaz de liderar e influenciar a sociedade para o bem."
"Adler, Mortimer","Como Falar, Como Ouvir","Um guia prático e moderno sobre como aplicar os princípios da retórica na comunicação diária, transformando conversas em diálogos produtivos."
"Carvalho, Olavo de",O Jardim das Aflições,Uma obra densa que disseca a estrutura da mentalidade revolucionária e a sua necessidade de subverter a linguagem e a realidade para impor a sua utopia.
"Chesterton, G. K.",A Realidade da Realidade (ensaio),Chesterton defende com brilhantismo que o senso comum e a aceitação da realidade objetiva são os fundamentos da sanidade mental.
"Sagan, Carl",O Mundo Assombrado pelos Demónios: A Ciência como uma Vela no Escuro,Um clássico na defesa do pensamento cético e da verificação de fatos contra a superstição e a pseudociência.
"Rand, Ayn",A Revolta de Atlas,Uma obra de ficção que explora filosoficamente a ideia de que a realidade (A é A) é absoluta e que a recusa em reconhecer fatos objetivos leva ao colapso da sociedade.
"Scruton, Roger",Os Erros do Ocidente,"Uma coleção de ensaios onde o filósofo conservador disseca as opiniões dominantes da esquerda moderna, mostrando as suas premissas filosóficas e os seus erros factuais."
"Sowell, Thomas",O Conflito de Visões,"Sowell argumenta brilhantemente que os debates políticos não são sobre políticas, mas sobre visões de mundo (opiniões fundamentais) opostas e irreconciliáveis sobre a natureza humana."
"Adler, Mortimer J.",Lógica para Todos,"Um livro fantástico que ensina, de forma acessível, a estrutura de um argumento, a identificar premissas maiores e menores, e a avaliar a validade de uma conclusão."
"Carvalho, Olavo de",O Mínimo que Você Precisa Saber para não Ser um Idiota,"Uma compilação de textos que, em grande parte, se dedica a expor as premissas ocultas e muitas vezes absurdas por trás das narrativas políticas e culturais dominantes."
"Kuhn, Thomas S.",A Estrutura das Revoluções Científicas,"Um livro fundamental que introduziu o conceito de ""mudança de paradigma"" e mostrou como a ciência avança através de crises e revoluções, e não de forma linear e cumulativa."
Papa São João Paulo II,Fé e Razão (Fides et Ratio),"Uma encíclica brilhante que explora a relação harmoniosa entre a fé e a razão, mostrando que ambas são como ""duas asas sobre as quais o espírito humano se eleva à contemplação da verdade""."
"Heisenberg, Werner","O Credo do Cientista (em ""A Parte e o Todo"")",O grande físico quântico reflete sobre os limites da ciência e a sua relação com a filosofia e a religião.
"Chesterton, G. K.",A Conquista do Óbvio,"Em seus ensaios, Chesterton mestralmente aplica este princípio, mostrando como as verdades mais simples e óbvias são obscurecidas por filosofias complexas e desonestas."
"Aurélio, Marco",Meditations,"O imperador estóico pratica constantemente a arte de descrever os eventos para si mesmo de forma objetiva, despindo-os de julgamentos emocionais para ver a sua verdadeira natureza."
Voltaire,"Cândido, ou o Otimismo","Uma sátira brilhante que usa a hipérbole e o ridículo para atacar a filosofia otimista de Leibniz, mostrando como a ideia de que ""vivemos no melhor dos mundos possíveis"" se torna absurda quando confrontada com o sofrimento real."
"Lewis, C.S.",Cartas de um Diabo a seu Aprendiz,Lewis usa a ironia e a perspectiva de um demónio para expor as fragilidades e os absurdos do pensamento humano moderno.
"Maquiavel, Nicolau",O Príncipe,"A obra clássica sobre a separação entre as motivações declaradas e as ações reais no exercício do poder. Maquiavel é um mestre em analisar o ""porquê"" por trás da política."
"Freud, Sigmund",Psicologia das Massas e Análise do Eu,Um estudo profundo sobre os motivadores irracionais que levam os indivíduos a agir de certas maneiras quando estão em grupo.
"Ortega y Gasset, José",A Rebelião das Massas,"Uma análise brilhante de como o ""homem-massa"" moderno vive de slogans e ideias pré-fabricadas, sem conexão com a origem histórica e o verdadeiro significado dos conceitos."
PESQUISA,"Um Dicionário de Citações, Máximas e Pensamentos","Ter um repertório de sabedoria acumulada (um ""mapa mental"" da civilização) é uma ferramenta poderosa para relacionar significados e contextos."
"Johnson, Paul",Os Intelectuais,"Johnson aplica magistralmente este método, analisando a vida e as ideias de grandes intelectuais (Rousseau, Marx, Sartre) e mostrando como as suas grandiosas teorias para a humanidade muitas vezes escondiam premissas venenosas..."
"Pinker, Steven",A Tábua Rasa,"Pinker argumenta contra a premissa de que a mente humana é uma ""folha em branco"", mostrando como esta ideia venenosa está na raiz de muitas políticas sociais e educacionais fracassadas."
"Copi, Irving M.",Introdução à Lógica,"Um manual universitário clássico, excelente para entender a estrutura formal dos silogismos e dos argumentos dedutivos e indutivos."
"Doyle, Arthur Conan",As Aventuras de Sherlock Holmes,"A ficção é um ótimo treino. Observe como Holmes não apenas resolve o crime, mas reconstrói a lógica do criminoso, passo a passo."
"Mises, Ludwig von",Ação Humana,"Um tratado monumental de economia que é, na sua essência, um exercício sobre como construir um sistema de pensamento complexo a partir de uma única premissa fundamental e irrefutável (o ""axioma da ação"")."
"Chesterton, G. K.",Ortodoxia,Chesterton defende o Cristianismo argumentando que as suas premissas sobre o homem (nobre e decaído ao mesmo tempo) são as únicas que correspondem à realidade que observamos.
Platão,Apologia de Sócrates,O relato da defesa de Sócrates no seu julgamento. É uma aula magna sobre como usar perguntas e contrapostos para expor a ignorância e a inconsistência dos seus acusadores.
Epicteto,Manual para uma Vida Feliz (Enchiridion),A filosofia estóica está repleta de contrapostos lógicos para testar as nossas próprias impressões e desejos.
"Murray, Douglas",A Loucura das Massas,"Uma análise demolidora de como as políticas de identidade (LGBT, feminismo, raça) se baseiam em premissas que não resistem ao escrutínio da realidade e da lógica."
"Lewis, C.S.",A Abolição do Homem,"Um livro profético que argumenta que a rejeição da lei natural e da realidade objetiva levará, em última análise, à desumanização do próprio homem."
Irmã Miriam Joseph,"O Trivium: As Artes Liberais da Lógica, Gramática e Retórica","A obra definitiva. Um estudo profundo e completo que é, em si, um curso sobre como pensar."
"Bauer, Susan Wise",A Mente Bem Treinada,Um guia prático moderno sobre como aplicar os princípios da educação clássica e do Trivium na formação dos seus filhos ou na sua própria autoeducação.
Platão,A República (Livro VII),"Contém a famosa Alegoria da Caverna e a descrição da educação do filósofo-rei, que é a base para as Artes Liberais."
PESQUISA,Ratio Studiorum,O documento que codificou o sistema de educação jesuíta. Pesquisar sobre ele é entender o nível de rigor e de integração do conhecimento que já tivemos no Brasil.
"Giuliano, Thomas",Pátria Educadora em Crise,Um livro contemporâneo que analisa a devastação causada pela pedagogia de Paulo Freire e seus seguidores na educação brasileira.
São Tomás de Aquino,"Suma Teológica (Primeira Parte, Questão 85)",Uma análise profunda e detalhada sobre os modos do conhecimento intelectual.
São Tomás de Aquino,"Comentário ao ""Da Interpretação"" de Aristóteles","Uma obra dedicada a explicar o segundo ato da mente, o juízo e a proposição."
"Herculano, Alexandre",História de Portugal,"Uma obra monumental e clássica, essencial para entender a formação do espírito português, as suas lutas e a sua vocação."
"Dawson, Christopher",A Formação da Civilização Ocidental,"Um livro fundamental para compreender que a base da nossa civilização não é primariamente económica ou política, mas religiosa e cultural."
"Maalouf, Amin",As Cruzadas Vistas pelos Árabes,"Oferece uma perspectiva diferente e importante para entender a complexidade do conflito, embora deva ser lido com um olhar crítico."
"Stark, Rodney",God's Battalions: The Case for the Crusades,"Um trabalho académico que desmente muitos dos mitos modernos sobre as Cruzadas, usando fontes históricas para mostrar a sua natureza primariamente defensiva."
"Melville, Marion",História dos Templários,"Um relato detalhado sobre a história da ordem, incluindo o seu papel crucial em Portugal."
"Burke, Edmund",Reflexões sobre a Revolução na França,"Escrito no início da revolução, é uma crítica profética e demolidora que previu o terror e a tirania que resultariam da destruição da ordem tradicional."
"Caminha, Pero Vaz de",A Carta de Pero Vaz de Caminha,"Leia o documento fundador do Brasil na íntegra. É um texto curto e revelador. Observe a prioridade dada aos assuntos da fé e o olhar de maravilhamento, e não de cobiça, sobre a nova terra e o seu povo."
"Russell, Peter",Príncipe Henrique o Navegador,"Uma biografia detalhada sobre o homem que foi o grande arquiteto das navegações portuguesas, mostrando a sua profunda piedade e a sua visão cruzadista."
"Camões, Luís de",Os Lusíadas,"A epopeia nacional portuguesa. É uma obra de poesia, mas que capta perfeitamente o espírito heróico, trágico e missionário das navegações."
"Freyre, Gilberto",Casa-Grande & Senzala,A obra fundamental para entender a formação miscigenada e patriarcal da sociedade brasileira.
"Calmon, Pedro",A Fundação do Brasil,"Um relato histórico detalhado que narra as primeiras décadas da colonização, destacando as alianças e os conflitos."
"Antonil, André João (pseudônimo)",Cultura e Opulência do Brasil por suas Drogas e Minas,"Um relato detalhado, escrito em 1711, sobre a economia do açúcar e do ouro no Brasil, mostrando a sua complexidade e a riqueza que gerava internamente."
"Veríssimo, Érico",O Continente,"Embora seja ficção, a saga da família Terra Cambará no Rio Grande do Sul ilustra de forma magistral o poder do municipalismo e a formação de elites locais que construíram o Brasil longe do poder central."
PESQUISA,Ordenações Filipinas,"Ler sobre a sua estrutura jurídica, que vigorou no Brasil até 1916, é entender a profundidade e a estabilidade do sistema legal que herdámos."
"Gomes, Laurentino",1808,"Embora o autor não partilhe da nossa cosmovisão, o livro é uma excelente reportagem sobre a transferência da corte portuguesa para o Rio de Janeiro e a subsequente transformação do Brasil no centro do império."
"Lima, Oliveira",D. João VI no Brasil,"Considerada a biografia definitiva do monarca, resgata a sua figura como um estadista astuto e visionário, responsável por modernizar o Brasil."
"Roberts, Andrew",Napoleão: Uma Vida,"Uma biografia monumental que, embora focada no imperador francês, permite entender a escala do seu poder e, por contraste, a genialidade da manobra portuguesa."
"González, Justo L.",O Marquês de Pombal e a Supressão da Companhia de Jesus,Um estudo sobre as motivações políticas e ideológicas por trás da expulsão dos jesuítas.
PESQUISA,A Missão (Filme de 1986),"Embora ficcional e retratando as missões na fronteira com o Paraguai, este filme capta de forma brilhante o espírito do trabalho jesuíta com os indígenas e a brutalidade das forças políticas (representadas por Pombal) que os destruíram."
"Sousa, Otávio Tarquino de",História dos Fundadores do Império do Brasil,As biografias detalhadas escritas por este grande historiador são essenciais para entender as motivações e o caráter dos homens que viveram este período.
"Gomes, Laurentino",1822,"Novamente, apesar da visão do autor, o livro oferece uma excelente compilação de fatos e do contexto da época, que pode ser lida com o ""filtro"" da verdadeira história."
"Pereira, Ângelo",Dom Miguel I e a sua Época,"Uma biografia que resgata a figura de Dom Miguel, não como um ""absolutista"", mas como o defensor da tradição portuguesa contra a revolução."
"Serrão, Joaquim Veríssimo",História de Portugal,Uma obra de referência que detalha o período conturbado das guerras liberais e as suas desastrosas consequências para a nação portuguesa.
"Carvalho, José Murilo de",Dom Pedro II,"Uma biografia completa que, apesar do viés republicano do autor, não consegue esconder a grandeza do monarca."
"Schwarcz, Lilia Moritz",As Barbas do Imperador,"Outra biografia de referência, rica em detalhes sobre a vida pessoal, cultural e política do Segundo Reinado."
"Magalhães Júnior, R.","Princesa Isabel, a Redentora",Uma biografia que destaca o papel central e a motivação da princesa no processo abolicionista.
PESQUISA,Encíclicas e bulas papais contra a escravidão (como Sublimis Deus de Paulo III ou In Supremo Apostolatus de Gregório XVI),"Ler as encíclicas e bulas papais contra a escravidão (...) para entender que a posição da Igreja sempre foi clara, mesmo que desobedecida."
"Nabuco, Joaquim",O Abolicionismo,"Nabuco, um monarquista e abolicionista, descreve com clareza o ambiente político da época e alerta para os perigos que a República representaria."
"Bello, José Maria",História da República Brasileira,"Uma análise clássica dos primeiros e conturbados anos da República, mostrando a sua falta de legitimidade popular."
"Ribeiro, Clóvis",Brasões e Bandeiras do Brasil,"A obra mais completa sobre a história da vexilologia (estudo de bandeiras) e da heráldica brasileira, detalhando a origem e a evolução de cada símbolo."
"Sousa, Otávio Tarquino de",História dos Fundadores do Império do Brasil,"Ao ler sobre a vida de D. Pedro I e D. Leopoldina, o significado das cores e da união das suas Casas Reais ganha uma dimensão pessoal e dramática."
"Lins, Ivan",O Positivismo no Brasil,"Essencial para entender a filosofia por trás do lema ""Ordem e Progresso"" e como esta seita influenciou o Exército e a política na transição para a República."
Lira Neto,Best-seller a Vingança,"Parte da trilogia sobre Getúlio, mas o início do livro descreve bem o ambiente caótico e as disputas de poder na recém-nascida República, o que ajuda a entender o contexto da criação dos novos símbolos."
"Leal, Victor Nunes","Coronelismo, Enxada e Voto",A obra clássica que dissecou o sistema de poder local da República Velha.
"Barreto, Lima",Triste Fim de Policarpo Quaresma,"Uma sátira genial e amarga sobre o nacionalismo ufanista e ingênuo da República Velha, mostrando um homem que tenta servir à pátria republicana e é esmagado por ela."
"Costa, Emília Viotti da",Da Monarquia à República: Momentos Decisivos,Uma análise histórica das forças sociais e económicas que levaram à queda do Império e à instauração da República.
"Holanda, Sérgio Buarque de",Raízes do Brasil,"Um ensaio clássico sobre a identidade nacional, onde o conceito de ""homem cordial"" ajuda a entender a nossa dificuldade em separar a esfera pública da privada, um problema que se agravou na república."
"Nabuco, Joaquim",Minha Formação,"As memórias de Nabuco pintam um retrato vívido da sociedade e da cultura do Império, permitindo-nos sentir o que foi perdido."
"Gomes, Laurentino",A Invenção de Brasília,"Um livro que, embora celebre a construção, revela os bastidores políticos e as intenções por trás da criação da nova capital."
PESQUISA,Arquitetura de Albert Speer (arquiteto de Hitler) ou a arquitetura stalinista,Compare a sua estética monumental e desumanizante com a de Brasília.
"Debret, Jean-Baptiste",Viagem Pitoresca e Histórica ao Brasil,"As aquarelas e os relatos de Debret mostram a vida quotidiana do Rio de Janeiro no início do século XIX, incluindo a interação natural entre a realeza e o povo."
"Schwarcz, Lilia Moritz",As Barbas do Imperador,A biografia está repleta de relatos de testemunhas oculares sobre a simplicidade e a acessibilidade do Imperador no seu dia a dia.
"Edmundo, Luís",O Rio de Janeiro do Meu Tempo,"Uma crónica nostálgica e detalhada da vida, dos costumes e da paisagem urbana do Rio de Janeiro no final do Império e início da República."
"Gomes, Laurentino",A Invenção de Brasília,"Um livro que, embora celebre a construção, revela os bastidores políticos e as intenções por trás da criação da nova capital, muitas vezes confirmando a sua natureza isolacionista."
"Faoro, Raymundo",O Dono do Poder: Formação do Patronato Político Brasileiro,"Uma análise clássica e profunda de como uma elite ""estamental"" e burocrática se apoderou do Estado brasileiro, tratando-o como propriedade privada, um processo que se consolidou e se agravou com a República."
"Souza, Jessé",A Elite do Atraso: Da Escravidão à Lava Jato,"Embora vindo de uma perspectiva de esquerda, a análise de Souza sobre como uma elite predatória se perpetua no poder, indiferente ao destino do povo, é um diagnóstico contundente da patologia republicana."
"Carvalho, José Murilo de",D. Pedro II,"Uma biografia completa que, apesar do viés republicano do autor, não consegue esconder a grandeza, a cultura e o caráter do monarca."
"Schwarcz, Lilia Moritz",As Barbas do Imperador,"Outra biografia de referência, rica em detalhes sobre a vida pessoal, cultural e política do Segundo Reinado, incluindo o seu papel como mecenas."
PESQUISA,"Óperas de Carlos Gomes (como ""O Guarani"" ou ""Lo Schiavo"")",Ouvir a sua música é ter um vislumbre da grandeza cultural que o Brasil era capaz de produzir sob a égide do Império.
Santo Agostinho,A Cidade de Deus,"Escrita precisamente em resposta ao choque do Saque de Roma em 410, esta é a obra fundamental para entender a visão cristã da história..."
"Gibbon, Edward",A História do Declínio e Queda do Império Romano,"Embora Gibbon fosse um iluminista crítico do cristianismo, a sua monumental obra é uma fonte indispensável de factos e da escala épica do colapso romano. Deve ser lida com o nosso ""filtro"" da verdade."
São Tomás de Aquino,"Suma Teológica (Parte I-II, Questão 95, Artigo 2)","A análise de São Tomás sobre como uma lei que não é justa se torna ""antes um ato de violência do que uma lei"" é a chave filosófica para entender o colapso da legitimidade romana."
"Potter, David S.",The Roman Empire in the Third Century,"Uma análise acadêmica moderna e detalhada sobre este período caótico, conhecido como a ""Crise do Terceiro Século""."
PESQUISA,"The Crisis of the Third Century, capítulo em ""The Cambridge Ancient History, Vol. 12""",Oferece uma análise detalhada e acadêmica sobre a anarquia militar e a crise econômica do período.
"Grant, Michael",A History of the Roman Empire,Um relato acessível que descreve vividamente o ciclo de assassinatos e usurpações imperiais.
"Beard, Mary",Pompeia: A Vida de uma Cidade Romana,"Um livro fascinante que reconstrói a vida quotidiana em Pompeia, revelando a sua sofisticação e as suas contradições."
Juvenal,As Sátiras,"A obra do poeta romano do início do século II é uma crítica mordaz e muitas vezes chocante à decadência moral, à corrupção e ao luxo da cidade de Roma."
"Kirk, Russell",A Mente Cauterizada,"Um dos grandes pensadores conservadores do século XX, Kirk diagnostica a perda da imaginação moral e da reverência pela tradição como a principal doença do homem moderno."
"Bloom, Allan",O Fechamento da Mente Americana,"Um livro polémico e brilhante que, já nos anos 80, denunciava como o relativismo e a falta de um currículo centrado nos grandes livros estavam a empobrecer a alma dos estudantes universitários."
"Delbrück, Hans",As Invasões Bárbaras,"Um estudo clássico da história militar, analisando a organização, as táticas e os números das tribos germânicas e dos exércitos romanos."
"Thompson, E. A.",Romans and Barbarians: The Decline of the Western Empire,"Uma obra que explora as complexas relações sociais e políticas entre romanos e bárbaros, para além dos conflitos militares."
Santo Agostinho,A Cidade de Deus (Livro V),Agostinho discute a Providência Divina mesmo nas crises e como as virtudes (ou a falta delas) dos romanos influenciaram o destino do Império.
"Heather, Peter",The Fall of the Roman Empire: A New History of Rome and the Barbarians,Heather argumenta de forma convincente que o aumento da sofisticação política e militar das tribos germânicas... foi um fator crucial para a sua queda.
"Heather, Peter",Empires and Barbarians: The Fall of Rome and the Birth of Europe,Explora em profundidade as migrações em massa e como a política de assentamentos de Roma acabou por acelerar o seu próprio colapso.
"Watson, Alaric",Aurelian and the Third Century,A biografia definitiva e mais completa sobre este imperador extraordinário e o seu impacto na crise.
"Grant, Michael",The Roman Emperors: A Biographical Guide to the Rulers of Imperial Rome,"Um excelente livro de referência para conhecer a vida e os feitos de imperadores menos conhecidos, como Aureliano e Diocleciano."
"Marcellinus, Ammianus",The Later Roman Empire,Amiano foi um soldado e historiador romano que viveu e escreveu durante este período. A sua descrição da Batalha de Adrianópolis é a principal fonte que temos...
"Heather, Peter",Empires and Barbarians: The Fall of Rome and the Birth of Europe,Oferece a análise mais completa sobre o impacto da chegada dos hunos e as migrações em cadeia que ela provocou.
"Gibbon, Edward",A História do Declínio e Queda do Império Romano,A sua descrição da corrupção dos oficiais romanos na fronteira do Danúbio é um estudo de caso clássico sobre a ganância humana em tempos de crise.
"Murray, Douglas","The Strange Death of Europe: Immigration, Identity, Islam","Um relato contundente e jornalístico sobre a crise migratória na Europa, argumentando que o continente está a cometer um suicídio cultural."
"MacDowall, Simon",Adrianópolis 378: O Crepúsculo de Roma (Osprey Publishing),"Um livro focado na batalha em si, com excelentes mapas e análises das táticas e do equipamento de ambos os exércitos."
"Matthews, John",The Roman War of Antiope,Um estudo aprofundado do reinado de Valente e do contexto político que levou à desastrosa campanha.
"Heather, Peter",The Fall of the Roman Empire: A New History of Rome and the Barbarians,O livro começa precisamente com a descrição do impacto de Adrianópolis como o evento que desencadeou a cascata de acontecimentos que levaria à queda final.
"Roberts, Andrew",A Tempestade da Guerra: Uma Nova História da Segunda Guerra Mundial,"Embora sobre um período diferente, este livro é um estudo magistral sobre a importância da moral e do impacto psicológico na guerra..."
"Ward-Perkins, Bryan",The Fall of Rome: And the End of Civilization,"Um livro que argumenta de forma contundente que a queda de Roma foi, de fato, um colapso violento e catastrófico do padrão de vida..."
"Gibbins, David",A Espada de Átila,"Embora um romance histórico, oferece uma reconstrução vívida do ambiente de medo e incerteza que pairava sobre o Império Romano no século V."
"Burns, Thomas S.","Barbarians within the Gates of Rome: A Study of Roman Military Policy and the Barbarians, ca. 375-425 A.D.",Uma análise detalhada das complexas negociações e dos conflitos entre o governo romano e líderes bárbaros como Alarico.
PESQUISA,Cartas de São Jerônimo,Ler as palavras de uma testemunha ocular do impacto psicológico do saque é uma experiência poderosa e comovente.
"Merrills, Andy; Miles, Richard",The Vandals,"Uma história completa do reino vândalo no Norte de África, mostrando que eles não eram apenas ""vândalos"", mas os construtores de um estado sofisticado e de uma poderosa marinha."
Possídio,A Vida de Santo Agostinho,"Agostinho morreu em 430 d.C., na sua cidade de Hipona, enquanto esta estava cercada pelos vândalos. O relato do seu biógrafo capta o desespero e o fim de uma era."
Santo Agostinho,A Cidade de Deus,"A leitura desta obra é desafiadora, mas os seus primeiros livros (I-III), onde ele lida diretamente com o trauma do saque, são essenciais."
Santo Eutrópio,A Agonia do Império Romano do Ocidente,"Um autor contemporâneo que descreve o caos e a desolação do século V, mostrando o pano de fundo histórico para a obra de Agostinho."
"Markus, R. A.",O Fim da Civilização Clássica,"Um estudo sobre a transição cultural e religiosa do final da Antiguidade, mostrando como o cristianismo se tornou o herdeiro do mundo clássico."
"Holland, Tom",A Sombra da Espada: A Batalha pela Conquista do Império Persa e Bizantino,"Embora focado no Império Oriental, o livro descreve brilhantemente o vácuo de poder e a paisagem religiosa do mundo no final da Antiguidade."
"Millar, Fergus",O Fim do Império Romano,"Uma coleção de ensaios acadêmicos que discutem as várias teorias sobre a queda, incluindo a ideia de uma ""transformação"" gradual em vez de um colapso súbito."
"Wickham, Chris",The Inheritance of Rome: A History of Europe from 400 to 1000,"Descreve o período pós-romano, mostrando como as estruturas de poder locais e bárbaras substituíram o governo central imperial."
"Jones, Terry",Os Bárbaros,"Uma série de documentários e um livro que, embora com um viés anti-romano, mostra de forma vívida a cultura e a sociedade dos povos germânicos antes e depois da sua cristianização."
"Dawson, Christopher",The Forging of Christendom,"Um dos maiores historiadores católicos, Dawson narra magistralmente como a Igreja Católica foi a força ativa que sintetizou os elementos romanos, germânicos e cristãos para criar a civilização europeia."
"Woods Jr., Thomas E.",Como a Igreja Católica Construiu a Civilização Ocidental,"Um livro que documenta, área por área (ciência, arte, direito, caridade), como a Igreja foi a força construtiva primária da nossa civilização."
"Tarnas, Richard","A Idade da Razão, capítulo em ""A Trajetória do Ocidente""","Embora de uma perspetiva mais secular, Tarnas descreve bem a mudança de cosmovisão da mente medieval para a moderna..."
"Southern, R. W.",O Começo da Idade Média,"Um clássico que oferece uma visão geral e acessível sobre a formação da civilização medieval, desfazendo muitos mitos."
"Scruton, Roger",Why Beauty Matters? (Por que a Beleza Importa?),"O documentário (disponível no YouTube) e o livro são a chave filosófica para este livro, explicando a beleza como uma necessidade da alma."
São Bento,A Regra de São Bento,Um documento surpreendentemente curto e prático. Lê-lo é entender a psicologia e a estrutura que moldaram a Europa por séculos.
"Woods Jr., Thomas E.",Como a Igreja Católica Construiu a Civilização Ocidental,O capítulo sobre os monges detalha as suas inovações tecnológicas e o seu impacto econômico.
"Cahill, Thomas",Como os Irlandeses Salvaram a Civilização,"Narra a história fascinante de como os monges irlandeses, na extremidade da Europa, preservaram o conhecimento clássico enquanto o continente ardia."
São Bento,A Regra de São Bento,"Leia o texto original. A sua sabedoria sobre a natureza humana, a liderança (o papel do Abade) e a vida em comunidade é atemporal."
"Dreher, Rod",The Benedict Option,"Um livro moderno que argumenta que os cristãos de hoje deveriam aprender com o exemplo de São Bento, criando comunidades de ordem e fé para resistir ao caos da cultura secular."
"Stark, Rodney","Vitória da Razão: Como o Cristianismo Gerou a Liberdade, o Capitalismo e o Sucesso do Ocidente",Stark (...) dedica capítulos a mostrar como a teologia cristã e a ética monástica criaram as condições para o desenvolvimento econômico e tecnológico.
PESQUISA,The Cistercian World: Monastic Writings of the Twelfth Century,"Uma coleção de textos que revela a espiritualidade e a mentalidade prática dos monges cistercienses, os grandes inovadores da época."
"Eco, Umberto",O Nome da Rosa,"Embora seja uma ficção, este romance policial passado num mosteiro medieval oferece a reconstrução mais vívida e detalhada da vida monástica..."
"Battles, Matthew",Palimpsesto: A história secreta da escrita no Ocidente,"Um livro fascinante sobre a história material do livro, que nos ajuda a valorizar o trabalho físico e o sacrifício por trás da preservação do conhecimento."
Eginhardo,Vida de Carlos Magno (Vita Karoli Magni),"Escrita por um contemporâneo e membro da corte, é a fonte primária mais importante sobre a vida, o caráter e as realizações de Carlos Magno."
"McKitterick, Rosamond",The Carolingian Renaissance,Uma análise acadêmica detalhada sobre o renascimento cultural e intelectual promovido por Carlos Magno.
"Le Goff, Jacques",A Civilização do Ocidente Medieval,"Uma obra-prima que descreve a mentalidade e as estruturas da Idade Média, ajudando a contextualizar o significado da coroação de Carlos Magno."
"Fried, Johannes",Charlemagne,"Uma biografia moderna e detalhada que explora a complexidade de Carlos Magno como guerreiro, administrador e patrono da cultura."
"Bullough, Donald A.",Alcuin: Achievement and Reputation,"A biografia acadêmica mais completa sobre este personagem fundamental, mas muitas vezes esquecido."
PESQUISA,Imagens da Capela Palatina de Aachen,"A capela construída por Carlos Magno é a joia arquitetônica do período, um símbolo da sua tentativa de fundir a grandiosidade romana com a espiritualidade cristã."
"Le Goff, Jacques",O Nascimento da Europa,Descreve o período após a fragmentação do Império Carolíngio e como a identidade europeia continuou a ser forjada a um nível cultural e religioso...
"Murray, Douglas",The Strange Death of Europe,Argumenta que a crise de identidade da Europa moderna (...) vem precisamente da sua recusa em afirmar as suas próprias raízes culturais e religiosas.
"Duby, Georges",A Arte da Idade Média,"Uma análise magistral de como a arte medieval, especialmente a arquitetura das catedrais, era uma expressão da teologia e da ordem social da época."
"Scruton, Roger",Why Beauty Matters? (Por que a Beleza Importa?),O documentário (disponível no YouTube) e o livro são a chave filosófica para este capítulo. Scruton argumenta que a busca pela beleza é uma necessidade humana fundamental...
"Le Goff, Jacques",A Civilização do Ocidente Medieval,O capítulo sobre a arquitetura gótica é uma excelente análise de como a catedral refletia a visão de mundo da época.
São Tomás de Aquino,Suma Teológica,"Embora seja uma leitura densa, ler a estrutura de uma única questão (...) revela a mesma arquitetura lógica e ordenada de uma catedral."
"Wolfe, Tom",De Bauhaus à Nossa Casa (From Bauhaus to Our House),"Uma crítica ácida e divertida de como a arquitetura moderna, com as suas teorias abstratas e o seu desprezo pela tradição e pelo gosto popular, tornou as nossas cidades mais feias."
"Bachelard, Gaston",A Poética do Espaço,"Um livro filosófico que explora o significado psicológico e poético da ""casa"" e dos espaços que habitamos, ajudando-nos a entender o que perdemos quando vivemos em ""não-lugares""."
"Haskins, Charles Homer",O Renascimento do Século XII,"Uma obra clássica que revelou ao mundo moderno a explosão intelectual e cultural que ocorreu na Alta Idade Média, desfazendo o mito da ""Idade das Trevas""."
Papa São João Paulo II,Fé e Razão (Fides et Ratio),"Uma encíclica que explora a relação harmoniosa entre a fé e a razão, ecoando perfeitamente a mentalidade escolástica medieval."
"Le Goff, Jacques",Os Intelectuais na Idade Média,"Descreve o nascimento desta nova classe de homens, os intelectuais, e o ambiente vibrante das universidades."
"Gilson, Étienne",A Filosofia na Idade Média,"Uma das melhores introduções ao pensamento escolástico, explicando os seus métodos e os seus grandes temas."
São Tomás de Aquino,Suma Teológica,"Não tenha medo de a explorar. Escolha um tema que lhe interesse (as virtudes, a lei, a existência de Deus) e leia apenas um artigo. A sua clareza e a sua lógica são surpreendentes."
"Chesterton, G. K.",Introdução a São Tomás de Aquino,"Talvez a melhor e mais apaixonada introdução ao pensamento do ""Doutor Angélico"", escrita com o brilhantismo característico de Chesterton."
"Robson, Ronald",A Mente de Olavo de Carvalho,Uma introdução ao pensamento do filósofo brasileiro que mais profundamente diagnosticou e combateu a hegemonia da mentalidade revolucionária e do enfeiamento intelectual nas universidades brasileiras.
"Bloom, Allan",O Fechamento da Mente Americana,"A obra que, já em 1987, previu com uma clareza assustadora como a cultura do relativismo e da política de identidade iria destruir a verdadeira missão da universidade."
"Huizinga, Johan",O Outono da Idade Média,"Uma obra clássica que explora o ideal da cavalaria e a sua expressão na cultura, na arte e na vida da Baixa Idade Média."
"Malory, Sir Thomas",Le Morte d'Arthur,"A coletânea clássica das lendas do Rei Artur e dos Cavaleiros da Távola Redonda, que, embora seja ficção, é a maior expressão literária do ideal cavaleiresco."
"Keen, Maurice",Cavalaria,"Considerado o melhor estudo histórico sobre a cavalaria medieval, as suas origens, o seu código e o seu impacto na sociedade."
PESQUISA,A Canção de Rolando,"Um poema épico francês do século XI, que é uma das primeiras e mais poderosas expressões do ideal cavaleiresco, centrado na lealdade, na honra e no sacrifício pela fé."
"Fernández-Morera, Dario",The Myth of the Andalusian Paradise,"Um livro acadêmico que usa fontes árabes e cristãs para desconstruir o mito politicamente correto da ""convivência pacífica"" na Espanha islâmica, mostrando a realidade da jihad e da subjugação."
"Marques, A. H. de Oliveira",História de Portugal,Uma obra de referência para entender o longo processo da Reconquista e o papel central da Batalha de Ourique na formação da identidade nacional portuguesa.
"Boxer, C. R.","O Império Marítimo Português, 1415-1825","A obra de referência sobre a expansão portuguesa, mostrando a complexa interação entre os motivos religiosos, militares e comerciais."
"Lewis, C.S.",A Abolição do Homem,"Um livro profético que argumenta que a rejeição da lei natural e da virtude objetiva (o Tao) leva à criação de ""homens sem peito"", o oposto do ideal cavaleiresco."
"Fernández-Morera, Darío",O Mito do Paraíso Andaluz,"Um livro acadêmico essencial que desconstrói, com base em fontes primárias (cristãs e muçulmanas), o mito politicamente correto da ""convivência pacífica"" no Al-Andalus, revelando a realidade da jihad e da subjugação."
"Lomax, Derek W.",A Reconquista,Uma das melhores e mais completas histórias sobre o longo processo de libertação da Península Ibérica.
"Kennedy, Hugh",As Grandes Conquistas Árabes,Uma história militar e política detalhada da expansão islâmica inicial.
"Fregosi, Paul",Jihad in the West: Muslim Conquests from the 7th to the 21st Centuries,Uma obra abrangente que contextualiza a conquista da Espanha dentro da longa história da jihad.
PESQUISA,The Chronicle of 754,"Escrita por um cristão moçárabe a viver sob o domínio muçulmano, é a fonte quase contemporânea mais importante sobre a conquista."
"Taha, Abdulwahid Dhanun",The Muslim Conquest and Settlement of North Africa and Spain,"Oferece a perspectiva muçulmana da conquista, baseada em fontes árabes."
"Fernández-Morera, Darío",O Mito do Paraíso Andaluz,"O livro mais importante para desconstruir esta fantasia histórica, usando fontes primárias para revelar a verdadeira natureza da vida sob o domínio islâmico."
"Cohen, Mark R.",Sob o Domínio da Meia-Lua: Judeus na Idade Média Islâmica,"Um estudo que, embora focado na experiência judaica, detalha o status legal e social dos dhimmis."
"Reston Jr., James",Guerreiros de Deus: Ricardo Coração de Leão e Saladino na Terceira Cruzada,"Embora sobre as Cruzadas, o livro descreve vividamente o choque de civilizações no Mediterrâneo."
São Tomás de Aquino,"Suma Teológica (Segunda parte da Segunda parte, Questão 40)",O artigo onde São Tomás estabelece os critérios para a guerra justa.
"Fernández-Morera, Darío",O Mito do Paraíso Andaluz,"A obra definitiva que, usando fontes primárias árabes e cristãs, desmascara a fantasia da ""convivência pacífica"" e detalha a realidade da subjugação."
"Kennedy, Hugh",Espanha Muçulmana e Portugal,"Uma história abrangente do período, útil para entender a estrutura política e social do Al-Andalus."
"Fernández-Morera, Darío",O Mito do Paraíso Andaluz,Essencial. O autor disseca as fontes primárias e expõe a falsidade da narrativa acadêmica moderna.
"Cobb, Paul",As Cruzadas de um Ponto de Vista Islâmico,"Embora focado noutro período, ajuda a entender a mentalidade islâmica medieval sobre a guerra e a relação com os ""povos do livro""."
"Stark, Rodney",God's Battalions: The Case for the Crusades,Stark dedica a primeira parte do livro a descrever em detalhe a agressão islâmica sistemática contra a Europa nos séculos que antecederam a Primeira Cruzada.
"Pirenne, Henri",A Pirenne Thesis,"A famosa tese do historiador belga de que não foram as invasões germânicas, mas sim a conquista islâmica do Mediterrâneo, que verdadeiramente acabou com o mundo antigo e deu início à Idade Média."
"Kirk, Russell",A Mente Cauterizada,Kirk analisa como a perda da imaginação moral e da base religiosa torna a mente moderna vulnerável a ideologias totalitárias.
"Bloom, Allan",O Fechamento da Mente Americana,"A obra que diagnosticou, já nos anos 80, como o relativismo estava a destruir a capacidade da universidade de ensinar sobre a verdade e o bem."
"Lomax, Derek W.",A Reconquista,"Uma das melhores e mais completas histórias sobre o longo processo de libertação da Península Ibérica, com excelente detalhe sobre os primeiros reinos da resistência."
"O'Callaghan, Joseph F.",From Islamic to Christian Conquest: The Medieval Realms of Spain,Uma obra acadêmica detalhada sobre a transição política e social durante a Reconquista.
"Corção, Gustavo","Obras (ex: ""O Século do Nada"")","Embora não seja um historiador, o pensador católico brasileiro (...) analisa a importância da luta contra as forças que dissolvem a Cristandade, um espírito perfeitamente encarnado por Carlos Martel."
"Riley-Smith, Jonathan","The Crusades, Christianity, and Islam",Contextualiza batalhas como Poitiers dentro da longa história da resposta cristã à expansão islâmica.
PESQUISA,Crônicas Asturianas (ex: Crônica de Afonso III),As fontes primárias (...) que narram a história de Pelágio e Covadonga com o tom de uma epopeia sagrada.
"Mattoso, José",A Formação de Portugal (1070-1250),"Embora focado em Portugal, este grande historiador português analisa as origens da Reconquista e a mentalidade dos reinos cristãos primitivos."
Eginhardo,Vida de Carlos Magno (Vita Karoli Magni),"A biografia descreve as campanhas de Carlos Magno na Espanha, incluindo a famosa e trágica Batalha de Roncesvales, que deu origem à ""Canção de Rolando""."
"O'Callaghan, Joseph F.",A History of Medieval Spain,Cobre em detalhe a formação da Marca Hispanica e a interação entre os reinos francos e os emergentes reinos cristãos da Ibéria.
"Stark, Rodney",God's Battalions: The Case for the Crusades,"Usando fontes primárias, Stark desmente metodicamente os mitos modernos e apresenta o caso histórico para as Cruzadas como uma guerra defensiva e justificada."
"Runciman, Steven",A History of the Crusades (3 volumes),"A obra monumental e clássica sobre o tema. Embora com um tom por vezes crítico, a sua erudição e detalhe são inigualáveis."
PESQUISA,"Sermão do Papa Urbano II em Clermont (versões de Fulcher de Chartres, Roberto, o Monge)",Ler as suas palavras é sentir a força retórica que moveu um continente.
"Asbridge, Thomas",The First Crusade: A New History,"Um relato vívido e detalhado da Primeira Cruzada, desde o chamado em Clermont até à conquista de Jerusalém."
"Barber, Malcolm",The New Knighthood: A History of the Order of the Temple,"O livro detalha como o sucesso da Primeira Cruzada e a necessidade de proteger os peregrinos levaram à criação das ordens militares, como os Templários."
PESQUISA,Chronicles of the First Crusade (tradução de Peters e Krey),"Uma coleção de relatos de testemunhas oculares da Cruzada, que nos permite ver os eventos através dos olhos de quem os viveu."
"Waterson, John",Acre 1291: The End of the Crusades,Um relato detalhado e emocionante da última grande batalha dos reinos cruzados.
"Cortesão, Jaime",Os Descobrimentos Portugueses,"Uma obra que, embora com a sua própria visão, ajuda a entender a transição do espírito cruzado do Mediterrâneo para o Atlântico."
"Read, Piers Paul",Os Templários: A Dramática História da Ordem Militar que se Tornou a Mais Poderosa e Secreta da Cristandade,"Uma narrativa envolvente e bem pesquisada, que cobre desde a fundação até à supressão da ordem."
"Barber, Malcolm",O Julgamento dos Templários,"A obra acadêmica definitiva sobre o processo fraudulento que levou à destruição dos Templários, analisando as acusações, as confissões sob tortura e as motivações políticas."
São Bernardo de Claraval,Em Louvor da Nova Cavalaria,Um texto curto e fundamental para entender a justificativa teológica e o ideal espiritual por trás dos Templários.
"Jones, Dan",The Templars: The Rise and Spectacular Fall of God's Holy Warriors,Uma história moderna e muito bem narrada da ascensão e queda da ordem.
"Barber, Malcolm",O Julgamento dos Templários,"A análise mais detalhada do processo, mostrando como as acusações eram inconsistentes e como a tortura foi o fator decisivo."
"Druon, Maurice",Os Reis Malditos (série de romances),Uma obra de ficção histórica que começa precisamente com a maldição de Jacques de Molay na fogueira e narra as desgraças que se abateram sobre a coroa francesa.
"Read, Piers Paul",Os Templários,O livro narra em detalhe o processo de supressão e a solução única encontrada por Portugal.
"Marques, A. H. de Oliveira",História de Portugal,A obra detalha o reinado de Dom Dinis e a sua importância na consolidação do reino e na criação da Ordem de Cristo.
"Lomax, Derek W.",A Reconquista,"Uma das melhores e mais completas histórias sobre o longo processo de libertação da Península Ibérica, com excelente detalhe sobre a formação dos reinos cristãos."
"Marques, A. H. de Oliveira",História de Portugal,Uma obra de referência para entender o contexto político e social da fundação de Portugal.
"Camões, Luís de",Os Lusíadas,"O poema épico nacional português narra a história de Portugal como uma sucessão de feitos heroicos guiados pela Providência, com a Batalha de Ourique como um dos seus momentos fundadores."
"Serrão, Joaquim Veríssimo",História de Portugal,Oferece uma análise histórica detalhada do reinado de Afonso Henriques e da importância de Ourique.
"Mattoso, José",D. Afonso Henriques,"Considerada a biografia definitiva do primeiro rei de Portugal, escrita por um dos maiores medievalistas portugueses."
PESQUISA,"A Fundação de Portugal, volume da ""Nova História de Portugal"" (dir. Joel Serrão e A. H. de Oliveira Marques)",Detalha o complexo contexto político da independência portuguesa.
"Barros, José Manuel de",Os Cavaleiros de Cristo: De Templários a Navegantes,Um livro focado na transição da Ordem do Templo para a Ordem de Cristo e o seu papel central nas navegações.
"Godinho, Vitorino Magalhães",A Expansão Quatrocentista Portuguesa,"Uma análise clássica sobre as motivações econômicas, políticas e sociais que impulsionaram os descobrimentos."
"Huizinga, Johan",Da Idade Média à Renascença,"Uma análise clássica da mentalidade do final da Idade Média, mostrando como os ideais de cavalaria e piedade coexistiam com as novas correntes humanistas."
"Stuart, Joseph T.",Rethinking the Enlightenment: Faith in the Age of Reason,"Um livro que desafia a narrativa de que o Iluminismo foi puramente secular, mostrando as suas complexas relações com a fé."
Papa São João Paulo II,Fides et Ratio (Fé e Razão),"Uma encíclica fundamental que diagnostica a separação entre fé e razão como a grande tragédia do pensamento moderno, uma separação que começa a ganhar força no Renascimento."
"Burckhardt, Jacob",A Civilização do Renascimento na Itália,A obra clássica do século XIX que definiu o Renascimento como o berço do individualismo moderno.
"Maquiavel, Nicolau",O Príncipe,"O produto mais extremo e cínico do humanismo florentino. Um manual sobre como adquirir e manter o poder, onde a moralidade cristã é vista como um obstáculo."
"Vasari, Giorgio",Vidas dos Artistas,"A primeira história da arte, que ajudou a criar o culto à personalidade dos grandes artistas do Renascimento, tratando-os como gênios quase divinos."
Papa São João Paulo II,Fides et Ratio (Fé e Razão),A encíclica explica de forma magistral como esta separação entre fé e razão está na raiz da crise do pensamento moderno.
"Eco, Umberto",O Nome da Rosa,"O personagem do monge franciscano, Guilherme de Baskerville, é um nominalista e representa perfeitamente esta nova forma de pensar, cética e focada no individual, em contraste com a antiga ordem tomista."
"Stone, Irving",Agonia e Êxtase,"Uma biografia romanceada de Michelangelo que, apesar da ficção, capta perfeitamente a nova mentalidade do ""artista como gênio"" em conflito com o poder."
"Wolfe, Tom",De Bauhaus à Nossa Casa (From Bauhaus to Our House),"Uma crítica demolidora a como a arquitetura moderna se tornou uma ditadura de teorias abstratas impostas por ""gênios"" que desprezam o gosto e as necessidades das pessoas comuns."
"Chesterton, G.K.",Os Limites do Iluminismo (ensaio),"Uma crítica brilhante que mostra como a razão, quando isolada de outras formas de conhecimento, torna-se uma forma de loucura."
"Dawson, Christopher (e outros)","The Church and the Age of Enlightenment, 1648-1848 (Aquila Press)","Uma análise católica do período, mostrando a complexa relação entre a Igreja e os pensadores iluministas."
"Descartes, René",Discurso do Método,"Leia a fonte primária. É um livro curto e surpreendentemente acessível, onde Descartes narra a sua jornada intelectual para a descoberta do Cogito."
Voltaire,"Cândido, ou o Otimismo",A sua obra mais famosa. Uma sátira brilhante que usa o humor e a tragédia para atacar a ideia de uma providência divina.
"Chesterton, G.K.",Ortodoxia,"Um dos livros mais importantes do século XX. O capítulo ""A loucura do universo"" é uma defesa brilhante da sanidade do senso comum e da fé contra a lógica circular dos ideólogos."
"Gilson, Étienne",O Herge Contra o Mundo Moderno,Um grande historiador da filosofia medieval que mostra como o abandono da síntese tomista levou às crises do pensamento moderno.
"Rousseau, Jean-Jacques",O Contrato Social,É crucial ler a obra original para entender o perigo das suas ideias aparentemente belas.
"Burke, Edmund",Reflexões sobre a Revolução na França,"A crítica mais poderosa já escrita contra a mentalidade revolucionária. Burke previu, em 1790, que as ideias abstratas de liberdade dos revolucionários levariam inevitavelmente ao terror e à tirania militar."
"Burke, Edmund",Reflexões sobre a Revolução na França,"Escrito em 1790, no início da revolução, é a crítica mais poderosa e profética já feita à mentalidade revolucionária. Burke previu o Terror, a tirania e o caos militar anos antes de acontecerem."
"France, Anatole",Os Deuses Têm Sede,Um romance histórico que retrata de forma brilhante o clima de paranoia e a psicologia dos revolucionários durante o auge do Terror jacobino.
"Schama, Simon",Cidadãos: Uma Crônica da Revolução Francesa,Uma narrativa detalhada e vívida que não foge da violência e da brutalidade da revolução desde os seus primeiros dias.
"Kennedy, Michael L.",The Jacobin Clubs in the French Revolution,"Analisa o papel dos ""clubes"" (as células revolucionárias) na organização e na incitação de eventos como a Queda da Bastilha."
PESQUISA (Obra coletiva),O Livro Negro da Revolução Francesa,"Um compêndio que detalha os crimes e os genocídios cometidos pela Revolução, especialmente o da Vendeia."
"Burke, Edmund",Reflexões sobre a Revolução na França,"Burke previu que a destruição da religião e da tradição levaria a um tipo de tirania nunca antes vista, e a Vendeia foi a prova trágica da sua profecia."
"Aron, Raymond",O Ópio dos Intelectuais,"Uma crítica devastadora à mentalidade de esquerda no século XX, mostrando como a ""revolução"" se tornou uma religião secular para muitos intelectuais."
"Carvalho, Olavo de",A Mentalidade Revolucionária,"Uma análise profunda sobre a psicologia do revolucionário, que, segundo o autor, vive num mundo invertido onde a destruição é vista como um ato de criação."
"Roberts, Andrew",Napoleão: Uma Vida,"Considerada a biografia definitiva de Napoleão, detalha as suas campanhas e a sua mentalidade, permitindo entender a escala da ameaça que ele representava."
"Gomes, Laurentino",1808,"Embora com um viés que por vezes romantiza a figura de Napoleão, o livro é uma reportagem histórica indispensável sobre a transferência da corte portuguesa, repleta de detalhes vívidos."
"Oman, Charles",Guerra Peninsular,A obra clássica em vários volumes sobre a brutal guerra que se seguiu à invasão francesa na Espanha e em Portugal.
"Mikaberidze, Alexander",The Napoleonic Wars: A Global History,Ajuda a contextualizar a invasão da Península Ibérica dentro da estratégia global de Napoleão.
"Lima, Oliveira",D. João VI no Brasil,"A biografia que resgata a figura de Dom João, não como a caricatura, mas como o estadista que efetivamente fundou o Brasil como nação independente."
"Gomes, Laurentino",1808,A sua descrição da viagem da corte e da transformação do Rio de Janeiro é uma narrativa jornalística vívida e repleta de detalhes.
"Boxer, C. R.","O Império Marítimo Português, 1415-1825",A obra ajuda a entender a longa duração e a mentalidade consistentemente missionária da expansão portuguesa.
"Lambert, Frank",The Founding Fathers and the Place of Religion in America,"Um estudo sobre o complexo e muitas vezes contraditório papel da religião na fundação dos EUA, útil para contrastar com a união explícita entre fé e Estado em Portugal."
"Camões, Luís de",Os Lusíadas,"O poema épico nacional português. Não é apenas literatura; é a fonte primária para entender a alma, a fé, as glórias e as angústias do povo que se lançou aos mares."
"Gomes, Ronny",The Portuguese in the Age of Discovery,Uma obra moderna e acessível que cobre os principais eventos e personagens das navegações portuguesas.
"Caminha, Pero Vaz de",A Carta de Pero Vaz de Caminha,Leia o documento fundador do Brasil na íntegra. É a janela mais pura para a mentalidade e as intenções dos homens que aqui chegaram.
"Velho, Álvaro (atribuído)",Diário da Viagem de Vasco da Gama,"O relato em primeira mão da épica viagem à Índia, detalhando os perigos e as maravilhas da jornada."
"Russell, Peter",Príncipe Henrique o Navegador,A biografia definitiva que mostra como a piedade profunda e a mentalidade cruzadista de D. Henrique foram o motor por trás do início dos descobrimentos.
"Stark, Rodney","Vitória da Razão: Como o Cristianismo Gerou a Liberdade, o Capitalismo e o Sucesso do Ocidente","Stark argumenta que a própria ideia de investimento de longo prazo e de inovação foi fomentada pela ética cristã, um contraponto à ideia de que a Igreja era ""anti-progresso""."
"Leite, Serafim",História da Companhia de Jesus no Brasil,"Uma obra monumental que documenta o trabalho extraordinário dos jesuítas no Brasil, na educação, na proteção dos indígenas e na formação da nossa cultura."
"Ferguson, Niall",O Império: Como a Grã-Bretanha Fez o Mundo Moderno,"Embora apologético, o livro é útil para entender a mentalidade e os métodos do Império Britânico, permitindo um contraste claro com o modelo português."
"Crowley, Roger",Impérios do Mar: A Batalha Final pelo Mediterrâneo,"Embora focado no conflito entre otomanos e espanhóis, o livro é uma aula sobre a mentalidade e os métodos do Império Espanhol no seu auge."
"Disney, A. R.","O Império Português, 1415-1825","Uma história abrangente e equilibrada da expansão portuguesa, permitindo uma visão geral das suas diferentes fases e características."
"Bown, Stephen R.",1494: Como uma Aventura nos Trópicos Mudou o Mundo,Um livro inteiramente dedicado ao Tratado de Tordesilhas e às suas vastas consequências geopolíticas.
"Kissinger, Henry",História das Relações Internacionais,"Ajuda a contextualizar Tordesilhas como um dos primeiros grandes atos de diplomacia global, em contraste com o sistema de equilíbrio de poder que surgiria depois."
"Todorov, Tzvetan",A Conquista da América: A Questão do Outro,"Uma análise filosófica do choque cultural entre espanhóis e indígenas, explorando as diferentes formas de perceber ""o outro""."
"Ferguson, Niall",Império: Como a Grã-Bretanha Fez o Mundo Moderno,"Embora apologético, o livro é útil para entender a mentalidade mercantil e, por vezes, racialmente excludente do Império Britânico."
"Restall, Matthew",Os Sete Mitos da Conquista Espanhola,"Um livro que, ao desconstruir os mitos sobre os espanhóis, ajuda, por contraste, a entender melhor a singularidade do modelo português."
"Leite, Serafim",História da Companhia de Jesus no Brasil,"A obra monumental que documenta, em detalhe, o trabalho civilizacional dos jesuítas, a mais pura expressão da ""missão portuguesa""."
"Gouvêa, Maria de Fátima Silva (org.)",O Brasil no Contexto 1789-1889,Uma coletânea de ensaios que ajuda a situar a história do Império do Brasil no panorama político e intelectual do século XIX.
"Torres, João Camilo de Oliveira",A Alma do Brasil,"Uma obra clássica que busca definir a identidade brasileira através das suas raízes históricas, culturais e religiosas."
"Leite, Serafim",História da Companhia de Jesus no Brasil (10 volumes),"A obra mais monumental e detalhada sobre o trabalho dos jesuítas, um tesouro de informações sobre a formação da nossa cultura."
"Barros, A. J.",O Conceito Zero: Uma Trama Internacional para a Independência da Amazônia,"Embora focado em tempos modernos, o livro resgata a importância histórica da defesa das nossas fronteiras amazônicas."
PESQUISA,Causa de Beatificação dos Protomártires do Brasil,O processo em andamento no Vaticano reuniu uma vasta documentação histórica sobre estes primeiros mártires.
"Hoornaert, Riolando (e outros)",História da Igreja no Brasil,Oferece o contexto das primeiras missões e dos primeiros conflitos religiosos no Brasil.
PESQUISA,"A Missão (Filme, 1986)","Assista ao filme com este novo olhar. Preste atenção à trilha sonora de Ennio Morricone, que capta a beleza e a tragédia da experiência jesuítica."
"Bosi, Alfredo",A Outra Margem do Ocidente,"Um ensaio profundo sobre o encontro cultural no Brasil colonial, com uma análise sensível da obra dos jesuítas."
"Barros, A. J.",O Conceito Zero: Uma Trama Internacional para a Independência da Amazônia,Essencial para conectar a defesa histórica da Amazônia com as ameaças geopolíticas de hoje.
"Holanda, Olavo de",As Muralhas dos Sertões,"Um estudo sobre as fortificações no Brasil colonial, mostrando a sua importância estratégica e a sua arquitetura."
"Holanda, Sérgio Buarque de",Raízes do Brasil,"Embora com uma visão por vezes crítica, a sua análise do ""homem cordial"" e da herança personalista portuguesa é fundamental para entender a psicologia social do Império."
"Carvalho, José Murilo de",O Império do Brasil,"Uma das obras de referência para compreender a estrutura política, social e econômica do período imperial."
"Berger, Paulo",História da Cidade do Rio de Janeiro,"Uma obra detalhada sobre a fundação e o desenvolvimento da cidade, com ênfase nos primeiros conflitos."
"Knivet, Anthony",As Incríveis Aventuras e Estranhos Infortúnios de Anthony Knivet,"Relato de um corsário inglês que viveu no Brasil no final do século XVI, oferecendo uma visão externa sobre os conflitos da época."
"Magalhães Júnior, R.","Princesa Isabel, a Redentora",Uma biografia que destaca o papel central e a motivação da princesa no processo abolicionista.
"Nabuco, Joaquim",O Abolicionismo,"Nabuco, um monarquista e abolicionista, descreve com clareza o ambiente político da época e o conflito entre os ideais morais e os interesses econômicos."
"Caldeira, Jorge",Mauá: Empresário do Império,"A biografia definitiva, que resgata a figura de Mauá como um dos maiores capitalistas do século XIX em escala mundial."
"Prado Jr., Caio",História Econômica do Brasil,"Embora de um autor marxista, a sua análise das estruturas econômicas do Império é útil para entender o ambiente em que Mauá atuou e os obstáculos que enfrentou."
"Barman, Roderick J.","Citizen Emperor: Pedro II and the Making of Brazil, 1825-1891",Uma biografia que detalha o papel central de Dom Pedro II na consolidação das instituições políticas e culturais do Brasil.
"Macaulay, Neill",The Dawn of the Brasilian Empire,"Focado no período de Dom Pedro I, mostra o esforço inicial para criar as instituições de um novo império independente."
"Vasconcellos, Eliane",Uma História da Biblioteca Nacional,"Narra a saga da Biblioteca Real, desde a sua fuga de Lisboa até se tornar a grande instituição que é hoje."
PESQUISA,"Fitzcarraldo (Filme de Werner Herzog, 1982)","Embora seja uma ficção (...), capta perfeitamente a obsessão e a ambição quase louca da época de levar a alta cultura europeia para o coração da selva sul-americana."
"Cruz, José Marques da",História do Colégio Pedro II,"Uma obra que documenta a trajetória da instituição, os seus currículos e os seus alunos ilustres."
"Bauer, Susan Wise",A Mente Bem Treinada,Um guia moderno que explica os princípios da educação clássica (Trivium/Quadrivium) que inspiraram instituições como o Colégio Pedro II.
"Carvalho, José Murilo de",O Império do Brasil,"A obra oferece uma visão panorâmica da estrutura do Estado imperial, deixando clara a sua complexidade e a sua autonomia."
"Chernow, Ron",The Founders: A História da Geração que Criou os Estados Unidos,Ler sobre a construção das instituições americanas e compará-las com as brasileiras (...) é um exercício fascinante...
"PESQUISA (Cepese, 2018)",Entre Mares: O Brasil dos Portugueses,Uma visão transatlântica essencial para entender a unidade e a simbiose do império luso-brasileiro.
"Ferreira, Fátima Sá e Melo",Rebeldes e Insubmissos: Resistências Populares ao Liberalismo (1834-1844),Ajuda a compreender a mentalidade popular de lealdade monárquica contra as abstrações liberais.
PESQUISA,Hino da Independência do Brasil (letra original de Evaristo da Veiga),"Ler (...) especialmente as estrofes omitidas que mencionam o ""Real Herdeiro Augusto"" e o ""Anjo do Brasil""."
"Rezzutti, Paulo",Leopoldina: a história não contida,Uma biografia que resgata o papel intelectual e político crucial da Imperatriz na Independência.
PESQUISA,Texto da Constituição Política do Império do Brasil (de 1824),Ler (...) especialmente o Artigo 179. A sua clareza e concisão são uma lição de direito.
"Vasconcelos, B. L. de",História Constitucional do Brasil,Uma análise clássica sobre a evolução das nossas constituições.
"Lustosa, Isabel",Dom Pedro I,"Uma biografia que explora a complexa personalidade do imperador, incluindo os seus últimos e turbulentos anos em Portugal."
"Soriano, Simão José da Luz",História da Guerra Civil e do Estabelecimento do Governo Parlamentar em Portugal,Uma fonte histórica detalhada sobre a guerra entre Dom Pedro e Dom Miguel.
"Holanda, Sérgio Buarque de",O Brasil Imperial (3 volumes),"Uma obra fundamental da nossa historiografia, que analisa a estrutura social, política e cultural do Império."
"Barman, Roderick J.",The Brazilian Empire: Myths and Histories,"Um livro que desafia muitas das narrativas convencionais sobre o Império, mostrando a sua complexidade e os seus sucessos."
"Ferreira, Fátima Sá e Melo",Rebeldes e Insubmissos: Resistências Populares ao Liberalismo (1834-1844),Uma análise que (...) enfatiza a mentalidade de lealdade monárquica do povo contra as abstrações liberais dos políticos.
"Carvalho, José Murilo de",A Formação das Almas: O Imaginário da República no Brasil,"Explora a mentalidade popular e como a figura do monarca era vista como um símbolo de justiça e de ordem, em contraste com a desconfiança em relação aos políticos."
"Carvalho, José Murilo de",D. Pedro II,"Uma biografia que, apesar do viés do autor, não consegue esconder a grandeza intelectual e moral do monarca."
"Doratioto, Francisco",Maldita Guerra,"A obra mais completa sobre a Guerra do Paraguai, que ajuda a desmentir mitos e a entender a complexidade do maior conflito da história da América do Sul."
"Magalhães Júnior, R.","Princesa Isabel, a Redentora",Uma biografia que destaca o papel central e a motivação da princesa no processo abolicionista.
"Pereira, Merval",A Última Viagem da Redentora,Narra o retorno dos restos mortais de Isabel e do Conde d'Eu ao Brasil na década de 1950 e o reconhecimento tardio do seu sacrifício.
"Lins, Ivan",O Positivismo no Brasil,A análise mais completa sobre a influência da filosofia de Comte na política e na cultura brasileira.
"Carvalho, José Murilo de",A Ideia de República no Brasil,"Mostra os diferentes projetos de república que estavam em disputa, com destaque para a visão autoritária dos positivistas."
"Carvalho, José Murilo de",O Imperador no Exílio,Um relato comovente dos últimos e melancólicos anos de Dom Pedro II em Paris.
"Castilho e Maranhão, Annita de",O Sol do Desterro: A Família Imperial no Exílio,"Um livro que se foca na vida da Princesa Isabel e da sua família após a expulsão, mostrando a sua profunda fé e o seu amor inabalável pelo Brasil."
PESQUISA,Debates e propaganda eleitoral do plebiscito de 1993 (no YouTube),"É um exercício fascinante para ver, com os seus próprios olhos, as táticas de propaganda em ação."
"Oliveira, Francisco de (e outros)",Por que o Brasil não deu certo?,"Uma coletânea de ensaios que, embora de perspetiva de esquerda, ajuda a entender o sentimento de frustração nacional que levou à convocação do plebiscito."
Lira Neto,Getúlio (trilogia),"A biografia mais completa e detalhada sobre Getúlio Vargas, essencial para compreender a sua complexa personalidade e as suas manobras políticas."
"Fausto, J. D.",Vargas and Brazil: A Political History,Uma análise mais concisa e acadêmica do impacto de Vargas na formação do Estado brasileiro moderno.
"Payne, Stanley G.","Uma História do Fascismo, 1914-1945",Um estudo comparativo que ajuda a entender a ideologia corporativista do fascismo italiano e as suas semelhanças com o modelo varguista.
"Gomes, Ângela de Castro",A Invenção do Trabalhismo,"Uma obra que analisa como o governo Vargas construiu, através da propaganda, a imagem de Getúlio como o ""pai dos trabalhadores""."
"Braga, Rubem",A Cobra Vai Fumar,"As crônicas de Braga, que acompanhou a FEB como correspondente de guerra, são um testemunho vívido e humano da experiência dos soldados brasileiros na Itália."
"McCann Jr., Frank D.",O Brasil e a Segunda Guerra Mundial,Uma análise detalhada das complexas relações diplomáticas e militares do Brasil durante a guerra.
PESQUISA,Carta Testamento de Getúlio Vargas,Ler na íntegra. É um exercício fundamental de análise de discurso político e de propaganda.
Lira Neto,Getúlio (Volume 3): Da volta ao poder pela voto popular ao suicídio,O volume final da trilogia narra em detalhe a crise final do governo Vargas e os eventos que levaram ao seu suicídio.
"Holston, James",The Modernist City: An Anthropological Critique of Brasília,"Uma análise crítica fundamental sobre como o plano utópico de Brasília falhou em criar uma verdadeira vida cívica e, em vez disso, aprofundou a segregação."
PESQUISA,"Arquitetura da Segregação (documentário, 2011)",Um filme que explora as consequências sociais do urbanismo de Brasília.
Lira Neto,JK: O Artista do Impossível,"A biografia detalha o projeto de Brasília, as suas motivações políticas e os enormes custos financeiros e sociais da sua construção."
"Schwarcz, Lilia Moritz; Starling, Heloisa M.",Brasil: Uma Biografia,Oferece um bom contexto do período desenvolvimentista e da atmosfera cultural da era JK.
"Niemeyer, Oscar",Conversa de Arquiteto,"Nas suas próprias memórias, Niemeyer deixa clara a sua visão de mundo comunista e a sua intenção de expressá-la na sua arquitetura."
"Wolfe, Tom",De Bauhaus à Nossa Casa (From Bauhaus to Our House),"Essencial para entender as raízes europeias do movimento modernista na arquitetura, o seu desprezo pelo passado e a sua arrogância ideológica."
"Edmundo, Luís",O Rio de Janeiro do Meu Tempo,"Uma crônica nostálgica que permite sentir, por contraste, a beleza e a ordem da capital imperial que foi perdida."
"Kirk, Russell",A Mente Cauterizada,"Kirk argumenta que uma sociedade que perde a sua reverência pelo passado e pelos seus ""heróis permanentes"" perde a sua própria alma."
"Debord, Guy",A Sociedade do Espetáculo,"Uma crítica filosófica sobre como a vida moderna se torna uma representação, e como as personalidades (políticos, celebridades) são transformadas em mercadorias e ídolos."
"Freedberg, David",The Power of Images: Studies in the History and Theory of Response,Um estudo sobre como as imagens e os monumentos são usados para evocar emoções e moldar a percepção pública.
PESQUISA (Obra coletiva),"O Livro Negro do Comunismo: Crimes, Terror e Repressão","Um documento essencial para entender o significado real do símbolo da foice e do martelo, não como um ideal de ""justiça social"", mas como o emblema de regimes genocidas."
"Botton, Alain de",A Arquitetura da Felicidade,Um ensaio filosófico que explora como os edifícios e os monumentos que nos rodeiam afetam o nosso humor e a nossa alma...
"Rosenn, Keith S.",Comparative Constitutional Law,Para uma análise técnica e comparativa que ajuda a entender a singularidade (e os problemas) da constituição brasileira em relação a outras do mundo.
"O'Dwyer, Conor","Brazil's Constitutional Dilemma: States' Rights, Social Justice, and the Challenge of Governance",Explora a tensão entre as promessas de direitos sociais da Constituição e a capacidade do Estado de as entregar.
"Sorj, Bernardo (org.)",A Constituição de 1988 na Vida Brasileira,Uma coletânea de ensaios que analisam o impacto da Constituição em diversas áreas da sociedade.
PESQUISA,Comparar o Artigo 5º da CF/88 com a Bill of Rights americana,"Observe a diferença de filosofia: uma lista extensa de direitos ""concedidos"" pelo Estado versus uma lista curta de proibições ao Estado."
"Hamilton, Alexander; Madison, James; Jay, John",Os Artigos Federalistas,Os ensaios que defenderam a ratificação da Constituição americana são uma aula sobre a desconfiança dos Fundadores em relação ao poder concentrado.
"Quintela, Flávio; Barbosa, Bene",Mentiram para Mim sobre o Desarmamento,"Um livro que desmente, com dados e fatos, os mitos usados para defender o Estatuto do Desarmamento no Brasil."
"Peralva, Osvaldo",O Retrato: O Comunismo no Brasil,"Escrito por um ex-membro do Partido Comunista, o livro é um relato devastador, visto por dentro, sobre os métodos, as traições e a submissão a Moscou do movimento comunista no Brasil."
"Carvalho, Olavo de",A Revolução das Tesouras (artigo),Detalha a estratégia leninista de usar tanto a força quanto a infiltração política para alcançar os seus objetivos.
PESQUISA,O teatro das tesouras (Documentário do Brasil Paralelo),Documentário (...) disponível no YouTube.
"Hamilton, Alexander; Madison, James; Jay, John",Os Artigos Federalistas,Os ensaios que defenderam a ratificação da Constituição americana são uma aula sobre a desconfiança dos Fundadores em relação ao poder concentrado e a necessidade de um povo vigilante.
"Bastiat, Frédéric",A Lei,"Um ensaio clássico que define a lei como a organização do direito natural de legítima defesa, e a sua perversão quando usada para violar a vida, a liberdade e a propriedade."
"Tocqueville, Alexis de",Democracia na América,"O observador francês notou, já no início do século XIX, como a cultura americana de autogoverno e de associação voluntária (a ""milícia"" em sentido cívico) era a base da sua liberdade."
"Halbrook, Stephen P.",The Founders' Second Amendment,"Uma análise histórica detalhada que prova, com base nos escritos dos próprios Fundadores, que a intenção da Segunda Emenda era garantir um direito individual."
PESQUISA,Artigo 179 da Constituição de 1824,Ler (...) na íntegra. É uma peça de clareza e de defesa da liberdade individual que envergonha a nossa constituição atual.
"Carvalho, José Murilo de",A Construção da Ordem: A Elite Política Imperial,"Mostra como o sistema imperial, com as suas complexas engrenagens (Poder Moderador, Conselho de Estado), buscava a estabilidade e a proteção contra os radicalismos."
"Quintela, Flávio; Barbosa, Bene",Mentiram para Mim sobre o Desarmamento,"O livro que se tornou a principal referência no Brasil para desmentir, com dados e fatos, cada um dos mitos usados para defender o Estatuto do Desarmamento."
"Rand, Ayn",A Revolta de Atlas,"A obra de ficção explora o que acontece quando o Estado, em nome do ""bem comum"", começa a esmagar os direitos individuais..."
"Miłosz, Czesław",A Mente Cativada,"Um ensaio brilhante de um prêmio Nobel que escapou do comunismo, descrevendo a psicologia da submissão intelectual a uma ideologia totalitária."
"Carvalho, Olavo de",A Nova Era e a Revolução Cultural,"Uma análise de como movimentos aparentemente díspares (ambientalismo, globalismo, etc.) convergem para um projeto de poder que visa dissolver a civilização ocidental."
"Chesterton, G. K.",O Homem que Aprendeu o Brasil (Nota: Título fictício),"Não, Chesterton não escreveu este livro. Mas ler qualquer obra dele (como Ortodoxia ou O Homem Eterno) é ter um vislumbre do que é uma verdadeira intelectualidade racional..."
"Carvalho, Olavo de",O Mínimo que Você Precisa Saber para não Ser um Idiota,Uma coletânea de artigos que serve como uma porta de entrada para o pensamento do filósofo e um treinamento de choque contra a imbecilidade coletiva.
PESQUISA,Vida e obra de Mario Ferreira dos Santos,Descobrir a sua existência é o primeiro passo para sair da caverna.
"Scruton, Roger",Why Beauty Matters? (Por que a Beleza Importa?),Reveja o documentário com este novo olhar. A crítica de Scruton à arquitetura moderna aplica-se perfeitamente ao contraste entre a nossa herança colonial e a degradação atual.
"Oliveira, Myriam Andrade Ribeiro de",Guia da Arquitetura Barroca em Minas Gerais,"Um livro para apreciar, com conhecimento de causa, a riqueza e a teologia por trás da nossa maior herança artística."
"Chesterton, G. K.",Introdução a São Tomás de Aquino,"A melhor porta de entrada para entender não apenas as ideias, mas a mentalidade de São Tomás e da era escolástica. Chesterton mostra como a lógica tomista está enraizada no mais puro senso comum."
"Gilson, Étienne",A Filosofia na Idade Média,"Uma obra de referência de um dos maiores historiadores da filosofia, que mapeia todo o desenvolvimento do pensamento escolástico."
"Adler, Mortimer; Van Doren, Charles",Como Ler Livros,"O manual definitivo que mostra o que a verdadeira educação deveria ensinar: não apenas a ler, mas a entender, a analisar e a criticar."
"Giuliano, Thomas",Pátria Educadora em Crise,Um livro contemporâneo que analisa a devastação causada pela pedagogia de Paulo Freire e seus seguidores na educação brasileira.
"Freire, Paulo",Pedagogia do Oprimido,"É preciso ler a obra original para entender a sua base marxista, a sua visão da educação como ""ato político"" e a sua linguagem de luta de classes."
"Sandel, Michael",A Tirania do Mérito,"Embora de um autor com visão diferente, o livro ajuda a entender o debate moderno sobre a meritocracia, que é o alvo principal de pedagogias como a de Freire."
Irmã Miriam Joseph,"O Trivium: As Artes Liberais da Lógica, Gramática e Retórica","A introdução do livro, de onde vem a citação sobre Comenius, é uma defesa poderosa da educação clássica contra a didática universal moderna."
PESQUISA,Relatórios e metas educacionais da UNESCO,"Leia-os com um olhar crítico. Que tipo de ""cidadão global"" eles parecem querer formar? Quais valores são enfatizados e quais são omitidos?"
"Peterson, Jordan B.",12 Regras para a Vida: Um Antídoto para o Caos,"O livro explora, de uma perspetiva psicológica e simbólica, a luta humana fundamental entre a ordem e o caos."
São Tomás de Aquino,"Suma Teológica (Primeira Parte, Questão 2, Artigo 3)","Contém as famosas ""Cinco Vias"", os argumentos racionais para a existência de Deus, incluindo a Terceira Via sobre a contingência e o ser necessário."
"Schroeder, Gerald",A Melodia Silenciosa: E a Ciência Revela a Mente de Deus,"Escrito por um físico e teólogo, o livro explora as incríveis ""coincidências"" das leis da física que permitiram o surgimento da vida..."
"Aquino, Prof. Felipe",Quem é Deus?,"Um livro que compila de forma clara e acessível os argumentos de grandes pensadores sobre a existência de Deus, conectando a ordem do universo com a necessidade de um Ordenador."
"Aquino, Prof. Felipe",Quem é Deus?,"Um livro que compila de forma clara e acessível os argumentos de grandes pensadores sobre a existência de Deus, servindo como um excelente guia."
"Schroeder, Gerald L.",A Ciência de Deus,"Escrito por um físico e teólogo, o livro explora como as descobertas da física moderna (como o Big Bang) são perfeitamente compatíveis com a noção de um Criador."
"Lewis, C.S.",A Abolição do Homem,Um livro curto e profético que argumenta que a rejeição da lei natural objetiva (o que ele chama de Tao) levará à destruição da própria humanidade.
"Strauss, Leo",Direito Natural e História,"Uma obra filosófica densa, mas fundamental, que traça a história do conceito de direito natural desde os gregos até à modernidade."
"Peterson, Jordan B.",12 Regras para a Vida: Um Antídoto para o Caos,"A primeira regra, ""Endireite as costas e arrume o seu quarto"", é a expressão perfeita da filosofia da Ordem Intencional."
"Kempis, Tomás de",Imitação de Cristo,"Um clássico da espiritualidade que é, na sua essência, um manual prático sobre como aplicar a Ordem Intencional em cada pensamento e ação para se conformar à vontade de Deus."
Santo Agostinho,Confissões,"A obra é a autobiografia de uma alma a percorrer este circuito: a admiração pela ordem da criação, a rebelião através do pecado e, finalmente, o regresso à Fonte de toda a ordem através da graça."
"Alighieri, Dante",A Divina Comédia,"O poema inteiro é uma viagem através deste circuito, do caos do Inferno à ordem purificadora do Purgatório e, finalmente, à visão da Ordem Divina perfeita no Paraíso..."
"Peterson, Jordan B.",12 Regras para a Vida: Um Antídoto para o Caos,"A leitura do livro é fundamental. Cada capítulo é uma meditação profunda sobre uma das regras, conectando psicologia, mitologia, religião e experiência clínica."
"Clear, James",Hábitos Atômicos,"Um guia prático sobre como construir pequenos hábitos que, somados, geram uma transformação massiva, complementando perfeitamente a filosofia por trás das regras."
"Cuddy, Amy",O Poder da Presença,"Uma psicóloga social que expande a ideia de Peterson, mostrando, com base em estudos, como a nossa ""linguagem corporal molda quem somos""."
"Covey, Stephen R.",Os 7 Hábitos das Pessoas Altamente Eficazes,"O Hábito 7, ""Afine o Instrumento"", é uma excelente exploração prática desta regra, focando na renovação das dimensões física, mental, social/emocional e espiritual."
"Kempis, Tomás de",Imitação de Cristo,"A espiritualidade clássica ensina que o corpo não é uma prisão a ser desprezada, mas um templo a ser cuidado para o serviço de Deus."
Aristóteles,Ética a Nicômaco,"A sua discussão sobre os diferentes tipos de amizade (por utilidade, por prazer e por virtude) é a base filosófica para esta regra."
"Lewis, C.S.",As Quatro Amores,"Uma exploração profunda da natureza da Afeição, da Amizade (Philia), do Amor Romântico (Eros) e da Caridade (Ágape)."
"Aurélio, Marco",Meditações,"O imperador estóico constantemente se autoexamina, não para se comparar com outros Césares, mas para avaliar se agiu de acordo com os seus próprios princípios e se foi melhor do que no dia anterior."
"Manson, Mark",A Sutil Arte de Ligar o F*da-se,"Embora com uma linguagem vulgar, o livro é um poderoso manifesto contra a cultura da comparação e a busca por validação externa, focando em encontrar os seus próprios valores."
"Isaacs, David",Educar na Verdade,"Um guia prático sobre como educar os filhos nas virtudes humanas, oferecendo uma alternativa sólida à permissividade moderna."
"Bennett, Art; Bennett, Laraine",O Temperamento que Deus lhe Deu,Um livro que ajuda os pais a entenderem o temperamento natural dos seus filhos (...) para os disciplinar de forma mais eficaz e amorosa.
Santo Agostinho,Confissões,A obra é um exercício monumental desta regra. Agostinho só se torna capaz de criticar as falhas do Império Romano e das heresias após um exame brutalmente honesto da desordem da sua própria alma.
"Niebuhr, Reinhold",Oração da Serenidade,"Concedei-me a serenidade para aceitar as coisas que não posso modificar, a coragem para modificar as que posso, e a sabedoria para distinguir uma da outra. Esta regra é sobre focar naquilo que podemos modificar."
"Frankl, Viktor",Em Busca de Sentido,"Um psiquiatra que sobreviveu a Auschwitz, Frankl argumenta que a principal força motriz do ser humano não é o prazer, mas a busca por um sentido para a sua vida..."
"Dostoiévski, Fiódor",Os Irmãos Karamazov,"A personagem de Aliocha encarna esta regra, escolhendo o caminho do sacrifício e do amor ao próximo, em contraste com os seus irmãos..."
"Orwell, George",1984,"A obra mostra como um regime totalitário usa a mentira sistemática (""Guerra é Paz, Liberdade é Escravidão"") para corromper a percepção da realidade e controlar a população."
Santo Agostinho,Confissões,"A jornada de Agostinho é, em grande parte, uma luta para abandonar as falsidades da sua juventude e alinhar a sua vida com a Verdade última, que ele identifica como o próprio Deus."
Platão,Diálogos,"Observe o método socrático em ação. Sócrates raramente afirma algo; ele faz perguntas, presumindo a ignorância, para guiar os seus interlocutores à verdade."
"Carnegie, Dale",Como Fazer Amigos e Influenciar Pessoas,"Um clássico que, na sua essência, ensina que a forma mais eficaz de se conectar com os outros é demonstrar um interesse genuíno em ouvi-los e em aprender com eles."
Irmã Miriam Joseph,"O Trivium: As Artes Liberais da Lógica, Gramática e Retórica","A gramática e a lógica, como apresentadas neste livro, são o treinamento fundamental para a precisão do pensamento e da fala."
"Orwell, George",Política e a Língua Inglesa (ensaio),Um texto demolidor que mostra como a linguagem imprecisa e o jargão político são usados deliberadamente para obscurecer a verdade e manipular o pensamento.
"Taleb, Nassim Nicholas",Antifrágil: Coisas que se Beneficiam com o Caos,"O livro inteiro é uma defesa da ideia de que os sistemas (incluindo os seres humanos) se fortalecem quando são expostos a estressores e à volatilidade, e não quando são superprotegidos."
"Pinker, Steven",A Tábua Rasa,"Pinker argumenta, com base na biologia evolutiva, que a aversão ao risco da parentalidade moderna ignora a necessidade inata das crianças de explorar e de se testar contra o mundo."
"Tanizaki, Jun'ichirō",O Elogio da Sombra,"Um ensaio clássico da literatura japonesa que nos ensina a encontrar a beleza não no espetacular, mas nas pequenas coisas, nas texturas, nas sombras e na pátina do tempo."
Boécio,A Consolação da Filosofia,"Escrito na prisão enquanto aguardava a sua execução, o livro é uma meditação profunda sobre como encontrar a verdadeira felicidade e a beleza não nas circunstâncias externas..."
"Carvalho, Olavo de",A Alma Imoral,"Embora não seja um livro exclusivamente sobre as 12 camadas, explora a distinção entre a personalidade (mutável) e a alma (permanente), fundamental para entender o modelo."
"Pirandello, Luigi","Um, Nenhum e Cem Mil",Uma obra de ficção que ilustra de forma genial a fragmentação da identidade e a tirania das máscaras sociais e da imagem que os outros têm de nós.
"Carvalho, Olavo de",A Mente e Outros Estupros da Razão,Coletânea de artigos que introduz muitas das ferramentas filosóficas necessárias para a autoanálise proposta no modelo das 12 camadas.
"Voegelin, Eric",Ordem e História,"Embora complexo, ajuda a entender a busca humana por ordem na própria alma como um reflexo da ordem do cosmos, um princípio que ecoa na jornada pelas 12 camadas."
"Goffman, Erving",A Apresentação do Eu na Vida de Todos os Dias,"Obra clássica da sociologia que explora como as pessoas gerem as suas personas e papéis sociais, usando o teatro como metáfora para a interação humana."
"Campbell, Joseph",O Herói de Mil Faces,"Analisa os arquétipos e papéis que as personagens desempenham nas mitologias, o que pode ajudar a compreender os ""guiões"" que seguimos."
"Girard, René",Mentira Romântica e Verdade Romanesca,"Analisa o ""desejo mimético"", a ideia de que desejamos coisas não por seu valor intrínseco, mas porque os outros as desejam, um motor fundamental da Camada 2."
"Han, Byung-Chul",Sociedade do Cansaço,"Descreve como o sujeito de desempenho moderno se autoexplora em busca de sucesso e validação, tornando-se prisioneiro da sua própria imagem."
"Voegelin, Eric",A Nova Ciência da Política,"Faz um diagnóstico brilhante das ideologias modernas como ""religiões políticas"" ou heresias gnósticas que prometem a salvação na Terra através da ação política."
"Ortega y Gasset, José",A Rebelião das Massas,"Descreve o ""homem-massa"" como alguém que se sente no direito de ter opiniões sobre tudo sem o dever de ter estudado nada, um precursor do Homem-Ideológico."
São Tomás de Aquino,Suma Teológica,A discussão sobre os talentos e dons (carismas) pode ser lida como uma base teológica para a ideia de que cada indivíduo tem uma contribuição única e divinamente inspirada para dar ao mundo.
"Greene, Robert",Maestria,Um estudo sobre como génios da história (...) alcançaram a excelência ao se conectarem profundamente com as suas inclinações naturais e se dedicarem a elas com disciplina obsessiva.
"Hock, Conrad",Os Quatro Temperamentos,"Um guia clássico e acessível que descreve as características, virtudes e defeitos de cada um dos quatro temperamentos a partir de uma perspetiva católica."
"Peterson, Jordan B.",12 Regras Para a Vida,A ênfase na biologia e na neurociência como fundamentos da personalidade humana ecoa a importância de compreender e aceitar a Camada 5.
"Jung, Carl Gustav",O Homem e seus Símbolos,"Uma excelente introdução ao conceito de ""complexos"", que são funcionalmente idênticos às subpersonalidades de Olavo de Carvalho."
"Assagioli, Roberto",Psicossíntese,O fundador da Psicossíntese desenvolveu técnicas específicas para identificar e harmonizar as diferentes subpersonalidades dentro da psique.
"DaMatta, Roberto","O que faz o brasil, Brasil?","Uma análise antropológica sobre a mentalidade do ""jeitinho"" e a dificuldade de se criar uma esfera pública baseada em regras universais, em vez de lealdades pessoais."
"Freyre, Gilberto",Casa-Grande & Senzala,"Para entender as raízes históricas de um Brasil onde as relações pessoais e familiares se sobrepõem à lei impessoal, o berço da cidadania da Camada 7."
"Bastiat, Frédéric",A Lei,"Uma obra curta e demolidora que explica como o Estado, criado para proteger a vida, a liberdade e a propriedade, se perverte e se torna o principal violador desses direitos."
PESQUISA,Biografia de empresários brasileiros de sucesso (que não se renderam a esquemas com o governo),A sua história é o testemunho da Camada 8.
"Souza, Otávio Tarquino de",História dos Fundadores do Império no Brasil,Uma coleção essencial de biografias que revela o caráter e a visão de nação dos homens que construíram um Brasil que deu certo.
PESQUISA,"Raphael Tonon, O Império do Brasil (no YouTube)","Para entender a estabilidade, a prosperidade e os princípios que regeram o Brasil durante a Monarquia, em contraste com a desordem republicana."
PESQUISA,Questões sobre a história ensinada nas escolas,Por que a história ensinada nas escolas brasileiras parece tão focada em culpas (...) e tão pouco em motivos de orgulho (...)?
PESQUISA,Reflexão sobre a memória cívica,Pense no nome de uma rua ou praça na sua cidade que homenageia um político recente. Agora pense num grande herói do Império. Qual deles você conhece melhor?
PESQUISA,Reflexão sobre o resgate histórico,Como o resgate da verdadeira história pode nos dar força e estratégia para combater a decadência atual?
"Chesterton, G. K.",Ortodoxia,"Um livro que mostra como a doutrina cristã não é uma camisa de forças, mas a única chave que destranca os paradoxos da existência e fornece um fundamento sólido para a razão e a moral."
Santo Agostinho,A Cidade de Deus,A obra definitiva sobre a história humana como o palco da luta entre a Cidade dos Homens (guiada pelo amor-próprio...) e a Cidade de Deus (guiada pelo amor a Deus).
"Peterson, Jordan B.",12 Regras Para a Vida,"Um chamado moderno à responsabilidade individual como antídoto para o caos pessoal e social. A Regra 1, ""Costas direitas, ombros para trás"", é a postura física daquele que assume uma vocação profética."
PESQUISA,Biografia de figuras como o Barão de Mauá,Um exemplo de empreendedor que lutou para modernizar o Brasil contra a resistência de uma elite política retrógrada e de um Estado hostil à iniciativa privada.
"Kempis, Tomás de",A Imitação de Cristo,"Particularmente o Livro I, que ensina a desprezar as vaidades do mundo e a ordenar toda a vida em preparação para o dia da morte e do juízo."
"Sheed, Frank",Teologia e Sanidade,"Um livro que argumenta que a sanidade consiste em ver a realidade como ela é, e a realidade última é Deus e o nosso destino eterno. A loucura é viver como se Deus não existisse."
"Peterson, Jordan B.",12 Regras Para a Vida: Um Antídoto Para o Caos,"A obra central que inspira esta jornada, combinando psicologia, mitologia, religião e neurociência para extrair regras de vida atemporais."
"Scruton, Roger",Beleza,"Scruton argumenta que a busca pela beleza é uma forma de encontrar ordem e sentido num mundo profanado, um princípio que se alinha à busca por uma vida ordenada."
"Cuddy, Amy",O Poder da Presença,"Pesquisa científica que prova como posturas de poder alteram a sua química cerebral em minutos, tornando-o literalmente mais confiante e menos reativo ao stress."
PESQUISA,"Iconografia dos heróis do Império (D. Pedro II, Duque de Caxias)","Observe as estátuas e pinturas (...). A sua postura ereta não é um acidente, mas a representação da virtude, da firmeza e do senso de dever."
São Bento,A Regra de São Bento,"Um manual milenar sobre como estruturar a vida com disciplina (oração, trabalho, estudo) para o bem da alma, tratando a si mesmo como um servo de Deus..."
"Frankl, Viktor",Em Busca de Sentido,"Mostra como, mesmo nas piores condições, assumir a responsabilidade pela própria atitude e encontrar um propósito é o que nos mantém humanos e nos permite sobreviver."
Aristóteles,Ética a Nicômaco (Livros VIII e IX),"A análise clássica sobre os três tipos de amizade (utilidade, prazer e virtude). Apenas a amizade baseada na virtude (...) é a que verdadeiramente nos eleva."
PESQUISA,"A Bíblia, Livro dos Provérbios (ex: 13:20)","Quem anda com os sábios será sábio, mas o companheiro dos tolos sofrerá o mal. Um aviso milenar sobre o poder determinante do nosso círculo social."
Santo Agostinho,As Confissões,"É a autobiografia de um homem que se compara constantemente não com os seus pares, mas com o ideal de santidade que ele foi chamado a ser..."
"Lewis, C.S.",Cristianismo Puro e Simples,A análise de Lewis sobre o orgulho como o maior dos pecados mostra como a comparação e a competição (...) estão na raiz de toda a miséria espiritual.
"Rosemond, John",Parenting by The Book,"Um psicólogo que defende métodos de educação tradicionais, baseados na autoridade e na responsabilidade, em oposição direta às teorias permissivas modernas."
PESQUISA,"A Bíblia, Livro dos Provérbios (ex: 22:6)","Ensina a criança no caminho em que deve andar, e, ainda quando for velho, não se desviará dele. A sabedoria milenar sobre a importância da formação do caráter na infância."
PESQUISA,Oração de São Francisco de Assis,"Senhor, fazei-me instrumento de vossa paz. Onde houver ódio, que eu leve o amor.... É um guia para a ação no mundo que começa com a transformação de si mesmo."
"Carvalho, Olavo de",O Mínimo que Você Precisa Saber para Não Ser um Idiota,"A obra inteira é um chamado para que o leitor ""arrume a sua casa"" intelectual, adquirindo a cultura e as ferramentas de pensamento necessárias antes de emitir opiniões sobre o mundo."
"Frankl, Viktor",Em Busca de Sentido,"Frankl (...) argumenta que a força primária do ser humano não é a busca pelo prazer, mas a busca por um significado para a sua vida, mesmo (e especialmente) no meio do sofrimento."
"Dostoiévski, Fiódor",Os Irmãos Karamázov,A lenda do Grande Inquisidor é uma meditação profunda sobre a troca da liberdade e do significado (o fardo de Cristo) pela segurança e conveniência (o pão oferecido pelo demónio).
"Solzhenitsyn, Aleksandr",O Arquipélago Gulag,"(...) Solzhenitsyn conclui que a fonte da tirania soviética foi a acumulação de pequenas mentiras no quotidiano das pessoas. O seu ensaio ""Não Vivam pela Mentira"" é um manifesto para esta regra."
São Tomás de Aquino,Suma Teológica,"Discute a mentira como um ato intrinsecamente mau, pois viola a própria finalidade da linguagem, que é comunicar a verdade que está na mente."
Platão,Diálogos,"Observe o método socrático. Sócrates raramente afirma; ele faz perguntas, partindo de uma posição de ignorância assumida, para guiar os seus interlocutores (e a si mesmo) em direção à verdade."
"Carnegie, Dale",Como Fazer Amigos e Influenciar Pessoas,"Embora seja um livro sobre relações humanas, o seu princípio central é que a forma mais eficaz de se conectar com os outros (e aprender com eles) é demonstrar um interesse genuíno em ouvi-los."
"Jung, Carl Gustav",Tipos Psicológicos,"A obra de Jung é um exercício monumental de precisão linguística para descrever as diferentes funções e atitudes da psique, dando nomes e contornos ao que antes era vago."
"Orwell, George",A Política e a Língua Inglesa,Um ensaio clássico que demonstra como a linguagem imprecisa e o jargão político são usados para obscurecer a verdade e manipular o pensamento. A clareza na fala é uma arma política.
"Taleb, Nassim Nicholas",Antifrágil: Coisas que se Beneficiam com o Caos,"Taleb argumenta que os sistemas (incluindo os seres humanos) não apenas sobrevivem ao stress e ao risco, mas precisam deles para se fortalecerem e crescerem. A superproteção cria fragilidade."
PESQUISA,Biografia dos Bandeirantes,"Homens que personificaram o confronto com o risco. Eles não tinham ""espaços seguros""; eles criaram uma nação ao aventurar-se no desconhecido..."
PESQUISA,"Documentário Roger Scruton, Beleza (Vimeo)","Uma defesa filosófica da beleza como uma necessidade humana fundamental, uma forma de nos sentirmos em casa no mundo e uma janela para o sagrado."
"Chesterton, G. K.",Ortodoxia,"Chesterton era um mestre em encontrar o maravilhoso no banal. A sua obra ensina a olhar para o mundo com os olhos de uma criança, vendo a magia e o milagre em coisas que a rotina nos fez esquecer."
PESQUISA,Relatos da Operação Lava Jato,"Um estudo de caso monumental sobre como a ausência de accountability individual, do empresário ao político, pode destruir uma nação."
"Tocqueville, Alexis de",A Democracia na América,"Para entender como uma sociedade próspera se constrói não a partir de um Estado central, mas de uma infinidade de associações locais e de um forte senso de responsabilidade cívica individual."
PESQUISA,Disciplina horária dos mosteiros beneditinos (Ora et Labora),"Um exemplo de como a estruturação rigorosa do tempo não visa a produtividade, mas a ordenação da alma e o serviço a Deus."
PESQUISA,Biografias de grandes militares (ex: Duque de Caxias),"A disciplina militar é inconcebível sem uma reverência absoluta pela pontualidade, entendida como um pilar da confiança e da ordem."
PESQUISA,Importância do juramento na cavalaria medieval,O código de honra de um cavaleiro era inteiramente baseado na santidade da sua palavra. A sua promessa era mais valiosa que a sua vida.
"Tolkien, J. R. R.",O Senhor dos Anéis,"A obra é permeada pela seriedade dos juramentos e promessas. Personagens como Aragorn e Frodo são definidos pela sua fidelidade à palavra dada, mesmo a um custo imenso."
"Baskerville, Stephen K.",The New Politics of Sex,Uma análise de como o feminismo e o Estado moderno colaboraram para minar a família tradicional e a autoridade masculina.
PESQUISA,"História dos Santos da Igreja (ex: São Jorge, São Miguel Arcanjo)",Arquétipos da masculinidade combativa a serviço de Deus e da proteção dos inocentes.
"Abib, Monsenhor Jonas","Sim Sim, Não Não",Um livro que desmascara o relativismo moral como a grande tentação moderna e chama a uma vida de adesão clara e inequívoca à verdade de Cristo.
"Lewis, C.S.",A Abolição do Homem,"Uma defesa filosófica da existência de uma lei moral objetiva e universal (o ""Tao""), que é a base de todas as civilizações e que o modernismo tenta abolir."
Papa São João Paulo II,Teologia do Corpo,"Uma catequese profunda sobre o amor humano como um dom de si, em oposição à visão utilitarista do outro como um objeto para o prazer."
PESQUISA,"A Bíblia, Primeira Carta de São Paulo aos Coríntios, Capítulo 13","A descrição definitiva do amor como paciente, bondoso, que não busca os próprios interesses, que tudo suporta — a essência do amor sacrificial."
"Carr, Nicholas",A Geração Superficial: O que a Internet Está Fazendo com Nossos Cérebros,Uma análise fundamental sobre como a tecnologia digital está reconfigurando nossa capacidade de concentração e pensamento profundo.
"Han, Byung-Chul",No Enxame: Perspectivas do Digital,"Uma crítica filosófica sobre como a comunicação digital nos transforma em uma sociedade da indignação e do narcisismo, destruindo o respeito e a reflexão."
"Goleman, Daniel",Foco: A Chave para a Excelência,"Uma exploração, baseada na neurociência, dos três tipos de foco (interno, no outro e externo) e de como nossa capacidade de atenção é o bem mais valioso e ameaçado que possuímos."
"Kempis, Tomás de",A Imitação de Cristo,"Muitos de seus conselhos são, na essência, um guia para ordenar os pensamentos, afastando as distrações do mundo para focar a alma em Deus."
"Adler, Mortimer","Como Falar, Como Ouvir",Um guia prático sobre a aplicação da lógica e da retórica na comunicação cotidiana.
Aristóteles,Retórica e Órganon,"As obras fundadoras da lógica e da retórica no Ocidente. Embora densas, são a fonte original de onde brota todo este conhecimento."
Platão,Fédon e Górgias,"Nestes diálogos, Platão contrasta a retórica dos sofistas (que buscam a persuasão a qualquer custo) com a dialética do filósofo (que usa a palavra para buscar a verdade)."
Quintiliano,Institutos de Oratória,"O manual mais completo da antiguidade sobre a formação do orador perfeito, que, para ele, deveria ser um ""homem de bem, perito na arte de falar""."
São Tomás de Aquino,Suma Teológica,"Um exemplo monumental de uma mente com um ""SSD"" perfeitamente ordenado. Aquino é capaz de acessar e interligar a filosofia de Aristóteles, as Escrituras e a tradição da Igreja..."
"Carvalho, Olavo de",O Jardim das Aflições,"Uma demonstração do que é ter um SSD mental curado. O autor transita entre filosofia, história, religião e política com uma agilidade que só é possível para quem limpou o lixo..."
"Voegelin, Eric",A Nova Ciência da Política,"Voegelin diagnostica as ideologias modernas (marxismo, progressismo) como ""religiões políticas"" ou ""gnosticismo"". São sistemas que distorcem a realidade..."
"Chesterton, G. K.",Ortodoxia,"Chesterton ensina a olhar para o mundo com ""olhos limpos"", a redescobrir o espanto e a maravilha da realidade que as lentes gastas do cinismo e do materialismo nos impedem de ver."
"Wilson, James Q.; Kelling, George L.",Broken Windows: The police and neighborhood safety (artigo),O artigo original de 1982 que introduziu a teoria e revolucionou o policiamento e a criminologia nos Estados Unidos.
"Bratton, William J.",Turnaround,"A autobiografia do chefe de polícia que aplicou a Teoria das Janelas Quebradas em Nova Iorque nos anos 90, resultando numa queda drástica da criminalidade."
"Sowell, Thomas",Ação Afirmativa ao Redor do Mundo,"...o livro mostra como políticas que ignoram a ordem natural e a meritocracia (...) criam ""janelas quebradas"" na estrutura da sociedade, com consequências desastrosas."
Plutarco,Vidas Paralelas,"Ao comparar as vidas dos grandes homens de Grécia e Roma, vemos um padrão: a ascensão está sempre ligada à imposição de ordem e disciplina, e a queda, à tolerância com a decadência..."
"Freyre, Gilberto",Casa-Grande & Senzala,"Para entender as raízes históricas de uma cultura onde as relações pessoais e a ""lei do mais forte"" frequentemente se sobrepõem à lei impessoal e ao bem público..."
PESQUISA,Autos e reportagens da Operação Mãos Limpas (Itália),Um paralelo histórico de como uma sociedade inteira pode ser consumida pela corrupção quando a tolerância com pequenas ilegalidades se torna a norma.
"Clear, James",Hábitos Atômicos,"O livro demonstra como pequenas mudanças de hábito, os ""1% melhores a cada dia"", são a chave para grandes transformações. É a lógica inversa das janelas quebradas..."
PESQUISA,A Filocalia,"Uma coleção de textos de monges cristãos orientais sobre a ""guarda do coração"" e a ""vigilância dos pensamentos"". É o manual definitivo para ser o vigia da própria mente..."
"Aurelius, Marcus",Meditações,"O diário de um imperador romano que era, em essência, um Vigia da Ordem. Suas anotações são um exercício constante de autoinspeção e de ""conserto"" dos próprios pensamentos..."
"Willink, Jocko; Babin, Leif",Disciplina é Liberdade,"Um manual prático, escrito por ex-comandantes dos Navy SEALs, sobre como a disciplina nos menores detalhes da vida (...) é o alicerce para a liberdade e a eficácia..."
"Peterson, Jordan B.",12 Regras Para a Vida (Regra 6),Deixe sua casa em perfeita ordem antes de criticar o mundo. A base filosófica para o efeito-cascata da ordem.
"Burke, Edmund",Reflexões sobre a Revolução na França,"Burke defende a importância das ""pequenas pelotarias"" (família, comunidade local, igreja) como as verdadeiras escolas de virtude cívica e os pilares da ordem social..."
PESQUISA,Disciplina dos espartanos ou dos legionários romanos,Culturas que entendiam que a força no campo de batalha era forjada na disciplina implacável e na tolerância zero com a fraqueza nos treinos.
"Musashi, Miyamoto",O Livro dos Cinco Anéis,O lendário samurai ensina que o caminho do guerreiro exige um polimento constante e rigoroso da técnica e do espírito.
"Newport, Cal",Minimalismo Digital,"Um guia prático para retomar o controle sobre a tecnologia em sua vida, usando-a como uma ferramenta para seus objetivos, e não como um fim em si mesma."
"Pascal, Blaise",Pensamentos,"Pascal observou (...) que ""toda a infelicidade dos homens provém de uma só coisa: não saberem ficar quietos no seu quarto""."
"Solzhenitsyn, Aleksandr",Não Vivam pela Mentira,"Um ensaio poderoso onde Solzhenitsyn argumenta que a recusa individual em participar da mentira, mesmo em coisas pequenas, é a arma mais potente contra a tirania."
PESQUISA,"A Bíblia, Evangelho de João 8:32","E conhecereis a verdade, e a verdade vos libertará. A liberdade interior está intrinsecamente ligada a uma vida fundamentada na verdade."
"Simon, Yves",A Tradição do Direito Natural,"Uma obra que explica como a lei moral não é uma invenção humana, mas está inscrita na natureza da realidade."
PESQUISA,História de vida de Aristides de Sousa Mendes,"O cônsul português que (...) deliberadamente desobedeceu a ordens ""legais"" mas imorais de seu governo para salvar milhares de vidas."
"Bonhoeffer, Dietrich",Resistência e Submissão,Cartas da prisão de um pastor que se recusou a se omitir diante do mal do nazismo. Uma meditação profunda sobre o custo da graça e o dever de agir.
"Alighieri, Dante",A Divina Comédia,"No Inferno de Dante, os lugares mais sombrios são reservados (...) para os ""ignavos"", os omissos, aqueles que em vida não foram nem bons nem maus..."
"Sarah, Cardeal Robert",A Força do Silêncio: Contra a Ditadura do Ruído,Uma profunda meditação sobre como o silêncio interior e exterior é essencial para a vida espiritual e para o encontro com Deus...
Santo Agostinho,Confissões,A jornada de Agostinho é a de uma alma que busca a paz. (...) só a encontra quando finalmente ordena sua vida e silencia suas paixões para ouvir a voz de Deus.
São Tomás de Aquino,"Suma Teológica, ""Tratado da Lei"" (Parte I-II, Q. 90-97)","A fonte primária para o entendimento da hierarquia das leis (Eterna, Natural, Humana) que exploraremos."
"Kreeft, Peter",A Summa of the Summa,"Uma versão editada e comentada da Suma de São Tomás de Aquino, tornando-a mais acessível para o leitor moderno."
"Aquino, Felipe",Quem é Deus?,"Um livro que compila e organiza os argumentos de diversos pensadores, cientistas e personalidades da história sobre a busca racional por Deus."
"Feser, Edward",As Cinco Provas da Existência de Deus,"Uma defesa filosófica moderna e rigorosa dos argumentos clássicos, incluindo as Cinco Vias de São Tomás de Aquino, demonstrando sua validade contínua."
Santo Agostinho,A Cidade de Deus,"Nesta obra, Agostinho interpreta toda a história humana como uma manifestação da Providência Divina (a Lei Eterna em ação)..."
PESQUISA,"A Bíblia, Livro de Jó",Uma meditação poética sobre a vastidão e a incompreensibilidade da Sabedoria Divina (a Lei Eterna) em contraste com a limitada compreensão humana.
"Lewis, C.S.",A Abolição do Homem,"Uma defesa apaixonada da existência de uma lei moral objetiva e universal, que ele chama de ""Tao"", e um alerta profético sobre as consequências de tentarmos ""abolir"" essa natureza."
Papa São João Paulo II,Encíclica Veritatis Splendor,"Uma exploração profunda da Lei Natural como o fundamento da liberdade e da dignidade humana, em oposição às filosofias do relativismo moral."
"Thoreau, Henry David",A Desobediência Civil,Um ensaio clássico que argumenta sobre o dever moral de não cooperar com leis e governos injustos.
Sófocles,Antígona,"Uma das maiores peças da dramaturgia ocidental, que encena o conflito trágico entre a lei humana (o decreto do rei Creonte) e a lei divina/natural (o dever de Antígona...)."
Platão,A República (Livros IV e IX),"A fonte clássica da analogia da alma como uma cidade, com a descrição detalhada da alma justa (ordenada) e da alma tirânica (desordenada)."
"Pieper, Josef",As Virtudes Fundamentais,"Uma exploração profunda das quatro virtudes cardeais (prudência, justiça, fortaleza e temperança) como os pilares que sustentam a ordem correta da alma."
"Voegelin, Eric",A Nova Ciência da Política,"Uma análise profunda de como a desordem social e os movimentos totalitários modernos são, na verdade, manifestações de uma desordem espiritual na alma humana."
"Corção, Gustavo",A Descoberta do Outro,"Um clássico do pensamento católico brasileiro que explora como a ordem social e o amor ao próximo só podem ser construídos a partir da ordenação do ""eu"" em direção a Deus."
"Sheed, Frank",Teologia e Sanidade,"Um livro que argumenta de forma brilhante que a verdadeira sanidade consiste em ver a realidade a partir da perspectiva de Deus, que é a perspectiva da eternidade."
PESQUISA,"A Bíblia, Livro do Eclesiastes","Uma meditação poética e por vezes brutal sobre a vaidade de todas as buscas terrenas (riqueza, saber, prazer) quando não estão ordenadas para Deus."
"Frankl, Viktor",Em Busca de Sentido,"O testemunho de um psiquiatra que descobriu, no meio do horror do Holocausto, que a busca por um sentido é a maior força da vida humana."
Papa São João Paulo II,Carta Apostólica Salvifici Doloris (Sobre o Sentido Cristão do Sofrimento Humano),"Um documento profundo sobre como o sofrimento, unido ao de Cristo, adquire um valor redentor."
Santo Agostinho,Confissões,O livro é o relato de uma alma em busca da felicidade. Agostinho mostra como a buscou em todas as coisas criadas (...) e como cada uma delas o decepcionou...
"Lewis, C.S.",O Peso da Glória,"Um sermão que explora o desejo humano por uma alegria e uma beleza que este mundo não pode satisfazer, argumentando que esses desejos são, na verdade, nossa ""saudade de casa""..."
Irmão Lourenço da Ressurreição,A Prática da Presença de Deus,Um pequeno clássico espiritual que ensina como transformar as tarefas mais mundanas e triviais do dia a dia em atos de amor e comunhão com Deus...
PESQUISA,"A Bíblia, Segunda Carta de São Paulo aos Coríntios 4:17-18","Pois a nossa leve e momentânea tribulação produz para nós um eterno peso de glória, imensurável... ...porque as que se veem são temporais, e as que não se veem são eternas."
Santo Agostinho,Confissões,"O maior manual já escrito sobre a inspeção da própria alma, o diagnóstico de sua desordem e o caminho para a sua reordenação em Deus."
Platão,A República,"A obra clássica que nos dá o mapa da alma ordenada (Ordo Animae), comparando-a a uma cidade justa e bem governada."
PESQUISA,"A Bíblia, Livro dos Provérbios 4:23","Sobre tudo o que se deve guardar, guarda o teu coração, porque dele procedem as fontes da vida."
"Scruton, Roger",Beleza,"Uma obra que nos ensina a fazer a ""curadoria"" do nosso olhar, buscando a beleza como um antídoto para a profanação do mundo moderno e um alimento para a alma."
Platão,Fedro,"O diálogo que contém a famosa alegoria da alma como uma biga, com um cocheiro (Razão) a tentar controlar dois cavalos, um bom (Vontade) e um rebelde (Apetites)."
"Goleman, Daniel",Inteligência Emocional,"(...) o livro oferece ferramentas práticas para o primeiro passo do domínio de si: a autoconsciência, a capacidade de reconhecer e nomear os próprios sentimentos."
"Sartre, Jean-Paul",O Existencialismo é um Humanismo,"(...) Sartre captura brilhantemente a angústia e a responsabilidade da decisão. Para ele, ""o homem não é nada mais do que aquilo que ele faz de si mesmo""."
PESQUISA,História de Abraão na Bíblia (Gênesis 12 e 22),"Abraão é o arquétipo do homem de decisão. Ele ""corta fora"" sua terra, sua parentela e (...) está disposto a cortar o futuro em obediência a Deus..."
"ten Boom, Corrie",O Refúgio Secreto,"O testemunho de uma sobrevivente dos campos de concentração nazistas que (...) tomou a decisão de perdoá-lo, descrevendo o ato como a liberação final."
"Lewis, C.S.",Cristianismo Puro e Simples,Lewis faz a distinção crucial entre perdoar a ação (o que somos chamados a fazer) e fingir que a ação não foi errada (o que não somos chamados a fazer).
PESQUISA,"A Bíblia, Parábola do Credor Incompassivo (Mateus 18:21-35)","A mais poderosa lição de Cristo sobre o perdão, mostrando a hipocrisia de quem, tendo sido perdoado de uma dívida impagável, recusa-se a perdoar uma dívida insignificante."
"Kowalska, Santa Faustina",Diário: A Misericórdia Divina na Minha Alma,"Um mergulho na profundidade do mistério da misericórdia de Deus, que nos ama e perdoa não por nossos méritos, mas apesar de nossas misérias."
PESQUISA,Catecismo da Igreja Católica (Parágrafos 1422-1498),"A seção completa sobre o ""Sacramento da Penitência e da Reconciliação"", que explica sua instituição, seus efeitos e sua necessidade."
"Vianney, São João Maria (o Cura d'Ars)",Sermões,"Os escritos do padroeiro dos padres de paróquia, que passou a vida no confessionário, revelam uma profunda compreensão da beleza e do poder transformador do Sacramento da Reconciliação."
"Sheed, Frank",Teologia e Sanidade,"Sheed argumenta que a sanidade é simplesmente ver a realidade como ela é. E a realidade última é que somos criaturas feitas por Deus e para Deus, e nosso destino é a eternidade."
PESQUISA,"A Bíblia, Apocalipse de São João","(...) o livro do Apocalipse é a grande revelação da ordem final, onde toda a justiça será restaurada e cada ato, bom ou mau, receberá sua recompensa ou punição eterna."
PESQUISA,Impacto da corrupção no desenvolvimento social e econômico do Brasil,-
PESQUISA,Neopatrimonialismo e a persistência das elites no Brasil,-
PESQUISA,Lista de bens de Sérgio Cabral apreendidos pela Lava Jato,-
PESQUISA,Quanto rende R$ 100 milhões em fundos de investimento,...para ter uma ideia da renda passiva gerada pela corrupção.
PESQUISA,Decisões do STF que anularam condenações da Lava Jato,-
PESQUISA,Lista de ministros do STF indicados por Lula e Dilma,...para entender as conexões políticas por trás das decisões.
PESQUISA,Calculadora de salário líquido CLT,...para simular o custo real de um funcionário para uma empresa.
PESQUISA,Impostômetro,...para ver em tempo real a quantidade de impostos arrecadados no Brasil.
PESQUISA,Índice de Liberdade Econômica Heritage Foundation Brasil,...para ver a classificação do país.
PESQUISA,Custo Brasil: o que é e como afeta as empresas,-
PESQUISA,Lula discurso café da manhã (YouTube),...e compare vídeos de diferentes épocas para ver a repetição da mesma promessa.
PESQUISA,Argentina Kirchner bolsas populismo,...para ver o resultado final de décadas de políticas de dependência estatal: inflação de três dígitos e pobreza generalizada.
PESQUISA,Ranking 'Doing Business' Banco Mundial Brasil,"...para ver a posição vergonhosa do Brasil em indicadores de facilidade de abrir empresas, pagar impostos, etc."
PESQUISA,História de empreendedores brasileiros que se mudaram para os EUA,...para ler relatos em primeira mão sobre a diferença entre os dois ambientes de negócios.
PESQUISA,Antonio Gramsci e o conceito de hegemonia cultural,-
PESQUISA,O que é o Foro de São Paulo e quais partidos fazem parte,-
PESQUISA,Olavo de Carvalho A mentalidade revolucionária,...para encontrar aulas e textos que dissecam esta forma de pensar.
PESQUISA,Agenda 2030 e a mitigação da soberania individual,...para entender as conexões globais deste projeto de controle.
PESQUISA,Críticas à Constituição de 1988 por economistas liberais,-
PESQUISA,História da inflação no Brasil antes do Plano Real,-
PESQUISA,Número de servidores públicos no Brasil 1988 vs hoje,-
PESQUISA,Custo da burocracia para empresas no Brasil,-
PESQUISA,A Constutição do Império do Brasil,-
PESQUISA,A Constituição Americana,-
PESQUISA,Reportagens sobre hiperinflação no Brasil anos 80 e 90 (YouTube),-
PESQUISA,Inflação mensal Brasil governo Sarney,-
PESQUISA,Plano Cruzado e o congelamento de preços,-
PESQUISA,Fiscais do Sarney e o sumiço da carne nos supermercados,-
PESQUISA,Escândalo da compra de votos para a reeleição de FHC,-
PESQUISA,Críticas e suspeitas sobre as privatizações no governo FHC,-
PESQUISA,"Criação das agências governamentais por FHC, o que elas na verdade são?",-
PESQUISA,Como funcionava o esquema dos Anões do Orçamento,-
PESQUISA,Lista de parlamentares envolvidos no escândalo dos Anões do Orçamento e quais foram punidos,-
PESQUISA,Ideologia do desenvolvimentismo no Brasil,-
PESQUISA,Críticas ao modelo de substituição de importações,-
PESQUISA,Dívida externa e inflação durante o governo JK,-
PESQUISA,Custo da construção de Brasília valores corrigidos,-
PESQUISA,Críticas à arquitetura e urbanismo de Brasília,-
PESQUISA,Simbolismo socialista na obra de Oscar Niemeyer,-
PESQUISA,Criação de empresas estatais durante o regime militar,-
PESQUISA,O milagre econômico brasileiro e suas contradições,-
PESQUISA,Viktor Frankl A última das liberdades humanas,...para ler sobre a capacidade de escolher a própria atitude em qualquer circunstância.
PESQUISA,"Edmund Burke e a sociedade como um contrato entre os mortos, os vivos e os que hão de nascer",...para entender sua responsabilidade histórica.
PESQUISA,Frédéric Bastiat 'O que se vê e o que não se vê',"O ensaio clássico sobre os custos ocultos de todas as ações governamentais, a vacina perfeita contra o mito do ""gratuito""."
PESQUISA,Thomas Sowell e a falácia do custo zero,-
PESQUISA,A propaganda política durante o Estado Novo e o DIP,-
PESQUISA,O culto à personalidade de Getúlio Vargas,-
PESQUISA,Propaganda do Estado Novo Getúlio Vargas (YouTube),...para ver e ouvir os materiais produzidos pelo DIP.
PESQUISA,Como o DIP controlava a imprensa na Era Vargas,-
PESQUISA,Custo de um funcionário para a empresa no Brasil CLT,-
PESQUISA,Flexibilização das leis trabalhistas e geração de empregos em outros países,-
PESQUISA,História da Primeira República Brasileira,-
PESQUISA,Oligarquias na República Velha,-
PESQUISA,A figura do coronel no interior do Brasil,-
PESQUISA,A relação entre coronelismo e o jeitinho brasileiro,-
PESQUISA,História e críticas à Consolidação das Leis do Trabalho (CLT),-
PESQUISA,Instituto Mises Brasil,...para artigos que analisam a legislação trabalhista brasileira sob a ótica da liberdade econômica.
PESQUISA,Taxa de juros do rotativo do cartão de crédito no Brasil,-
PESQUISA,Weekly vs Monthly pay pros and cons,...para entender os debates sobre os modelos de pagamento em outros países.
PESQUISA,O 13º salário é realmente um benefício?,-
PESQUISA,Como o custo do 13º salário é embutido nos preços,-
PESQUISA,Custo de demissão de um funcionário no Brasil,-
PESQUISA,Indústria do processo trabalhista no Brasil,-
PESQUISA,Rendimento do FGTS vs Inflação nos últimos 10 anos,...para comprovar a perda do poder de compra.
PESQUISA,Simulador de juros compostos,"...e faça sua própria simulação, comparando a rentabilidade do FGTS (3% ao ano) com a de um investimento conservador (8-10% ao ano)."
PESQUISA,O que é um 401(k) e como funciona,-
PESQUISA,A crise e o déficit do sistema de aposentadorias do INSS,-