Jornada_id,Icon,Title,subtitle,content,nivel_id,licao_ordem,keywords,Biblio,Question,pontos_quizz,bonus_nivel
1,key,Conceitos de “O que é?”,O Alicerce da jornada Synapsys,"Bem-vindo ao início da sua jornada. Antes de escalarmos uma montanha, precisamos aprender a caminhar e a confiar no chão que pisamos. Antes de construirmos um edifício, precisamos entender a natureza da pedra e a função do alicerce. Esta primeira etapa, ""O que é?"", é precisamente isso: a fundação de todo o entendimento.

Partimos de um princípio fundamental: o saber é a condição essencial para a liberdade. Em um mundo saturado de ruído, opiniões disfarçadas de fatos e narrativas projetadas para o manipular, a capacidade de perguntar ""O que isto realmente é?"" torna-se um ato de rebelião. É o primeiro passo para se libertar das correntes invisíveis do pensamento alheio que nos são impostas diariamente pela comunicação social, pelas redes sociais e até por instituições de ensino que, como veremos, têm um projeto intencional para criar uma crise de identidade.

O nosso objetivo aqui não é dar-lhe respostas prontas. É muito maior do que isso. Queremos forjar em si as ferramentas para que você mesmo as possa encontrar. Vamos estabelecer o caminho de fundação do entendimento, construindo a sua capacidade de assimilar informações, conjecturar hipóteses, relativizar o que é secundário e, o mais importante, estabelecer relações claras entre pensamento e ação, fala e simbologia, fatos e as premissas que os sustentam.

Ao final desta jornada, você não terá apenas aprendido novos conceitos; você terá aprendido a pensar. Dominará a dialética — a arte do diálogo, da pergunta, da investigação — necessária ao processo de saber quem você é e qual o seu lugar no mundo.",1,1,"fundamentos, entendimento, saber, lógica, raciocínio, dialética, jornada, princípio","A Vida Intelectual por A.-D. Sertillanges: Um guia clássico e indispensável sobre como ordenar a mente e a vida para a busca da verdade.

Confissões de Santo Agostinho: A jornada de uma das maiores mentes da história em sua busca incansável pela Verdade, mostrando que a busca pelo conhecimento é inseparável da busca por Deus.","Pense numa crença forte que tem sobre a História do Brasil. Consegue articular por que acredita nela e de onde essa crença veio? Foi de um professor, de um livro, de um documentário?

Na última semana, houve alguma situação em que se sentiu confuso ou manipulado por uma informação que recebeu? O que faltou para que pudesse analisá-la com mais clareza?

Qual a diferença entre ""saber"" algo e ter uma ""opinião"" sobre algo?",,
1.2,book,Base do entendimento,Construindo o marco zero do pensamento,"Todo grande edifício começa com uma pedra fundamental, um marco zero a partir do qual todas as medidas são tomadas e todas as paredes são erguidas. Esta seção é o nosso marco zero. O objetivo aqui é estabelecer um entendimento claro sobre os instrumentos e as ferramentas que usaremos ao longo de toda a Jornada Synapsys.

Vivemos numa guerra. Uma guerra que não é travada com tanques e fuzis, mas com palavras, símbolos, narrativas e ideias. Nesta guerra, a mente desarmada é o primeiro território a ser conquistado. Você já se sentiu exausto pelo volume de informações contraditórias? Já sentiu que a sua opinião é moldada por manchetes e vídeos curtos, em vez de uma análise profunda? Isso não é um acidente. É o resultado de uma estratégia para o manter apático e confuso.

O nosso objetivo, portanto, é armá-lo. Queremos que você construa, a partir deste ponto, um verdadeiro castelo argumentativo: uma fortaleza de pensamento tão bem fundamentada que seja capaz de resistir aos ataques das falácias, de discernir a verdade no meio do engano e de se tornar um farol de clareza para si e para os outros. Este castelo não é construído com emoções ou achismos, mas com a argamassa da lógica e os tijolos da realidade.

Para isso, começaremos pelos elementos mais básicos da comunicação e do pensamento, as fundações do seu castelo, resgatando uma sabedoria que foi intencionalmente removida da nossa educação.",1,2,"base, entendimento, princípios, marco zero, castelo argumentativo, guerra cultural, ferramentas, tese","O Trivium: As Artes Liberais da Lógica, Gramática e Retórica por Irmã Miriam Joseph: A obra definitiva para entender a estrutura clássica do pensamento que formou a civilização ocidental e que foi a base da educação de elite durante séculos.

Como Vencer um Debate sem Precisar Ter Razão de Arthur Schopenhauer: Essencial não para usar as táticas, mas para aprender a identificá-las e a se defender delas no dia a dia.","Você considera-se mais um ""consumidor de informações"" ou um ""analista de informações""? Qual a diferença?

""Castelo argumentativo"" é uma metáfora. Que outras metáforas poderiam descrever uma mente bem estruturada? E uma mente confusa?

Se a guerra de hoje é travada com ideias, quais diria que são as ""armas"" mais comuns usadas contra si no dia a dia (na publicidade, no noticiário, nas redes sociais)?",,
1.3,book,Simbologia,A gramática da comunicação não-verbal,"Antes da primeira palavra escrita, antes do primeiro discurso, houve o símbolo. Um gesto, uma pintura na parede de uma caverna, a forma de uma nuvem, uma liturgia. O ser humano é, por natureza, um animal simbólico. Nós comunicamos e compreendemos a realidade não apenas através de definições de dicionário, mas de uma vasta rede de significados que transcendem a palavra falada.

A simbologia é o estudo desses significados. Pense na Cruz da Ordem de Cristo nas velas das caravelas portuguesas. Aquele não era um mero desenho decorativo. Era um símbolo carregado de séculos de história da Reconquista, da luta pela fé e da missão de ""dilatar a fé e o império"". Ignorar esse símbolo é ignorar a verdadeira motivação por trás da fundação do Brasil.

No seu dia a dia, a batalha continua. Um meme na internet pode carregar mais ironia e crítica política do que um parágrafo inteiro. O punho cerrado erguido, um símbolo clássico de movimentos revolucionários marxistas, é hoje usado de forma banal, muitas vezes por pessoas que desconhecem a sua carga histórica de violência e tirania.

O objetivo aqui é fundamentar em si um entendimento crucial que os gregos chamavam de Logos. Para eles, Logos não era apenas ""palavra"", mas também ""razão"", ""lógica"", ""a própria estrutura inteligível da realidade"". Havia uma unidade intrínseca entre a palavra correta, o significado verdadeiro e a realidade que ela descrevia.

Compreender isso é entender que a correta aplicação dos símbolos e o respeito aos seus significados profundos não são meros detalhes académicos. São as premissas indispensáveis de qualquer tentativa de construir uma narrativa, seja ela para o bem — para edificar a verdade — ou para o mal — para manipular e destruir. Quando um símbolo sagrado é banalizado ou um símbolo de tirania é transformado em moda, uma batalha pela percepção da realidade está a ser travada.",1,3,"simbologia, símbolos, logos, significado, comunicação, narrativa, verdade, memes, ritos","O Poder do Mito de Joseph Campbell: Uma exploração fascinante de como mitos e símbolos arquetípicos moldam as culturas e a psique humana.

Sinais e Símbolos: Um Guia Ilustrado Para Suas Origens e Significados por Miranda Bruce-Mitford: Um excelente guia de referência visual para entender o vocabulário universal dos símbolos.","Liste 5 símbolos que encontrou no seu dia hoje (logotipos de empresas, sinais de trânsito, emojis, gestos). O que cada um comunicou a si instantaneamente? Qual a história por trás deles?

Pense num símbolo que teve o seu significado alterado ou corrompido ao longo do tempo (por exemplo, a suástica, que era um símbolo de boa sorte). Como essa mudança de significado aconteceu e qual o seu impacto?

Se tivesse que criar um símbolo para representar a herança verdadeira do Brasil, que elementos usaria, sabendo o que sabe sobre a sua fundação?",,
1.4,book,Língua,A arquitetura visível do pensamento,"Construindo sobre o alicerce da simbologia, chegamos à ferramenta simbólica mais poderosa e sofisticada que a humanidade já desenvolveu: a língua, falada e escrita. A língua não é apenas um conjunto de sons e letras; ela é a arquitetura visível do pensamento de um povo. É o veículo da cultura, da história, da filosofia e da fé. A precisão da sua linguagem determina a precisão do seu pensamento.

E é precisamente por ser tão poderosa que a língua se tornou o principal campo de batalha da nossa guerra cultural. O que vemos hoje não é uma evolução natural, mas um projeto deliberado de desconstrução, uma herança direta de métodos educacionais como os de Paulo Freire, que, sob o pretexto de ""libertar"", muitas vezes desconstroem a capacidade do aluno de pensar com rigor. Este projeto manifesta-se de várias formas, e você precisa se tornar um perito em identificá-las:

O Rebaixamento de Uso: Observe como a linguagem pública se tornou empobrecida. A substituição da precisão pela gíria, do argumento complexo pelo slogan simplório. Isso não é inofensivo. Limitar a linguagem de uma pessoa é limitar a sua capacidade de pensar pensamentos complexos.

O Sequestro de Significados: Esta é uma tática central. Palavras com significados profundos, forjados por séculos de teologia e filosofia, são esvaziadas e reapropriadas. A Caridade, que na sua origem cristã é o amor a Deus sobre todas as coisas e ao próximo por amor a Deus, é rebaixada para ""assistencialismo estatal"". A Misericórdia, que é o perdão divino, é distorcida para significar tolerância com o erro. O Amor, a mais sublime das virtudes, é reduzido a um sentimento egoísta.

A Etiquetagem Comportamental: Esta é a artilharia pesada da guerra cultural. O uso de termos como ""fascista"" ou ""discurso de ódio"" de forma indiscriminada, não para descrever uma realidade histórica, mas para silenciar oponentes. Esta tática, além de caluniar o presente, reescreve o passado, banalizando o horror real do Holocausto. Cria-se uma narrativa onde o criminoso é tratado como vítima, o terrorista como ""combatente da resistência"", e o cidadão que defende a sua pátria e a sua cultura — a herança de heróis como D. Pedro II ou a Princesa Isabel — é taxado de retrógrado ou colonial, extrativista e outros tantos adjetivos terríveis.

O nosso objetivo aqui é claro: mostrar a relevância da linguagem, resgatar a dignidade das palavras e treiná-lo para identificar e resistir a estas táticas. Uma mente ordenada exige uma linguagem ordenada.",1,4,"língua, linguagem, desconstrução, sequestro de significado, narrativa, guerra cultural, logos, pautas, revisionismo","1984 por George Orwell: A ficção distópica que melhor descreveu como a manipulação da linguagem (a ""Novilíngua"") é a ferramenta fundamental para o controlo do pensamento e a tirania.

A Mente de Olavo de Carvalho por Ronald Robson: Uma introdução ao pensamento do filósofo brasileiro que mais profundamente analisou e denunciou a guerra cultural e a manipulação da linguagem no Brasil.

Política e a Língua Inglesa (ensaio) por George Orwell: Um texto curto e direto sobre como a linguagem imprecisa e o jargão político são usados para obscurecer a verdade.","Escolha uma palavra (ex: ""amor"", ""justiça"", ""liberdade"", ""tolerância""). Tente definir o seu significado original, talvez com raízes na filosofia clássica ou teologia, e compare com a forma como é comumente usada hoje na comunicação social. Houve uma mudança?

Preste atenção a um debate ou noticiário hoje. Quantas vezes ouviu um rótulo (""fascista"", ""comunista"", ""negacionista"") ser usado em vez de um argumento contra a ideia da pessoa?

Como a linguagem que usa no seu dia a dia (gírias, abreviações) afeta a clareza do seu próprio pensamento?",,
1.5,book,Gramática,A engenharia da clareza e da intenção,"Se a língua é o conjunto de materiais de uma construção, a gramática é a planta, a física e a engenharia que garantem que o edifício não desmorone. Ela é a estrutura lógica do pensamento tornada visível. Muitos veem a gramática como um conjunto de regras arbitrárias e chatas. Isso é um erro. A gramática é a arte de usar a linguagem com a máxima eficiência para alcançar um objetivo: a clareza da intenção.

A relação entre a gramática que usamos e a forma como o nosso cérebro processa a informação é direta. Uma frase mal estruturada gera um pensamento mal estruturado. Uma ambiguidade gramatical abre a porta para a manipulação. É por isso que daremos especial atenção à gramática clássica e à etimologia, a arqueologia das palavras. A etimologia é uma ferramenta poderosa. Saber que a palavra ""decisão"" vem do latim decidere, que significa ""cortar fora"", muda completamente a sua percepção. Uma decisão não é uma preferência; é o ato de ""cortar fora"" todas as outras possibilidades para seguir um único caminho.

A gramática de cada língua reflete a alma de um povo. Em mandarim, a ação (o verbo) frequentemente precede tudo, e o sujeito é secundário; isso revela uma cosmovisão onde o coletivo e a ação se sobrepõem ao indivíduo. A estrutura gramatical do português, herdada do latim, permite uma riqueza de expressão e uma precisão lógica que devemos aprender a dominar.

O objetivo aqui é armá-lo para a leitura em seus múltiplos níveis, como ensinou o grande educador Mortimer Adler na sua obra ""Como Ler Livros"". Ele propõe quatro níveis:

Elementar: Apenas descodificar as palavras.

Inspecional: Entender a estrutura do livro e do que ele trata.

Analítico: A ""mastigação"" do livro, onde você entende os argumentos do autor.

Sintópico: Ler vários livros sobre o mesmo tema e formar a sua própria análise.
A gramática é o bisturi que permite essa dissecação. Ela é a ferramenta indissociável da Lógica (Dialética) e da Retórica.

A intenção deve sempre preceder o fim. Cada mensagem que formula — seja uma frase, um e-mail, um livro — precisa comunicar indubitavelmente a sua intenção de forma clara e indiscutível. A gramática não é uma camisa de força; ela é a armadura que protege a sua mensagem da ambiguidade e garante que a sua intenção se transforme em entendimento.",1,5,"gramática, lógica, retórica, estrutura, pensamento, clareza, Mortimer Adler, etimologia, intenção","Como Ler Livros por Mortimer Adler e Charles Van Doren: O manual definitivo sobre a arte da leitura. A leitura deste livro é, em si, um treinamento para a mente.

Gramática Metódica da Língua Portuguesa de Napoleão Mendes de Almeida: Uma gramática clássica, rigorosa e excelente para quem deseja aprofundar o conhecimento da estrutura lógica do português.

Um bom Dicionário Etimológico (como o de Antônio Geraldo da Cunha): Uma ferramenta fascinante para explorar a história e o verdadeiro significado das palavras.","Pegue num parágrafo de um jornal ou site de notícias. Tente identificar o sujeito, o verbo e o objeto de cada oração. O texto é claro e direto ou usa uma estrutura que obscurece o agente da ação (ex: ""decisões foram tomadas"" em vez de ""o diretor tomou as decisões"")?

Pense numa palavra que usa com frequência. Pesquise a sua etimologia. O significado original mudou a sua percepção sobre a palavra?

Qual dos quatro níveis de leitura de Adler pratica com mais frequência? Em qual nível gostaria de melhorar?",,
1.6,book,Lógica ( a Dialética),A arte de pesar a verdade,"Se a Gramática é a engenharia que garante que a sua ponte de comunicação não desmorone, a Lógica é a ciência que garante que essa ponte leve a um destino verdadeiro. A Lógica, ou Dialética como a praticavam os gregos, é a arte de pensar corretamente. É o motor do seu castelo argumentativo.

Muitos associam a lógica à matemática, e há uma relação, pois ambas buscam a verdade através de estruturas rigorosas. Mas aqui, vamos entendê-la de outra forma: como a arte de navegar a realidade através de perguntas e respostas, afirmações e negações. Onde ela começou? Com homens como Sócrates, que caminhava pelas ruas de Atenas fazendo perguntas simples que desmascaravam as contradições no pensamento dos homens mais poderosos. Ele nos ensinou que o primeiro passo para o saber é reconhecer a própria ignorância.

O princípio mais fundamental da dialética é a contraposição. Para entender o que uma coisa é, precisamos entender o que ela não é. Para definir ""justiça"", precisamos contrastá-la com ""injustiça"". Para definir ""homem"", precisamos entender o que o diferencia de um animal ou de um anjo. O pensamento se move nesta tensão: ""aquilo"" é ""isto"" ou ""não isto"". Sem essa distinção, caímos num pântano de confusão onde tudo pode significar qualquer coisa, que é precisamente o objetivo de muitas narrativas modernas.

Para aplicar isso, usamos o método dos Sofistas, aprimorado por Platão e Aristóteles: isolar e agrupar. Pense num conceito complexo como ""democracia"".

Isole os conjuntos: O que compõe essa ideia? ""Voto"", ""liberdade de expressão"", ""direitos individuais"", ""governo da maioria"", ""proteção das minorias"".

Reconstrua por agrupamentos dialéticos: Agora, analise cada peça. ""Governo da maioria"" pertence ao grupo ""democracia""? Sim. Mas se esse governo da maioria decidir suprimir a ""proteção das minorias"", ele ainda pertence ao grupo ""democracia"" ou se moveu para o grupo ""tirania da maioria""? A liberdade de expressão pertence ao grupo ""democracia""? Sim. Mas se essa liberdade for usada para incitar a violência, ela permanece no mesmo grupo ou cruza uma fronteira?

Este é o processo do pensamento lógico. É uma depuração constante, separando o ouro da escória, o essencial do acidental, até que se chegue ao fim objetivado: a verdade sobre o que se observa. Este instrumento não é um luxo intelectual; é a principal ferramenta para se libertar da escravidão de ser governado pelas conclusões dos outros.",1,6,"lógica, dialética, razão, argumento, premissa, conclusão, Sócrates, Platão, Aristóteles, verdade","Organon de Aristóteles: A obra fundadora da lógica ocidental. É um material denso, mas ler trechos da ""Analítica"" ou dos ""Tópicos"" é ir direto à fonte.

Diálogos de Platão (especialmente ""A República"", ""Fedro"" e ""O Sofista""): Veja a dialética em ação. Observe como Sócrates, através do diálogo, força seus interlocutores a examinar suas próprias premissas e a buscar definições verdadeiras.

Iniciação à Lógica de G. K. Chesterton: Um texto mais acessível que mostra como a lógica está intrinsecamente ligada ao senso comum e à percepção da realidade.","Pegue uma afirmação comum que ouve todos os dias (ex: ""A tecnologia nos conecta mais""). Usando a dialética, qual é a contraposição? Qual é a antítese dessa ideia? (ex: ""A tecnologia nos isola mais""). Quais argumentos sustentam cada lado?

Pense no conceito de ""liberdade"". Tente isolar os seus componentes. ""Fazer o que eu quero"" é um deles? Se sim, esse componente pertence também ao conceito de ""escravidão aos desejos""? Como a lógica ajuda a purificar a nossa definição de liberdade?

Observe uma discussão política. O debate foca em definir os termos e analisar as premissas (lógica) ou em atacar a pessoa e usar rótulos (falácia)?",,
1.7,book,Retórica,A arte de lutar pela verdade no mundo,"Se a Gramática é a sua armadura e a Lógica, a sua espada, a Retórica é a arte de lutar. É aqui que os princípios fundamentais que aprendemos – Simbologia, Língua, Gramática e Lógica – deixam de ser teoria e se tornam a sua aplicação prática no campo de batalha do dia a dia. A Retórica é o culminar do Trivium, o momento em que o saber se transforma em poder.

O foco da retórica aqui é o cunho prático extremo. O objetivo é desenvolver em você a capacidade de argumentação para defesa e/ou ataque a premissas, onde quer que elas apareçam: numa manchete de jornal, numa frase de um professor, num conceito académico, num post viral nas redes sociais, numa conversa de família.

A retórica não é, como muitos pensam hoje, a arte de ""falar bonito"" ou de manipular com discursos vazios. Em sua origem clássica, com Aristóteles e Cícero, a retórica era a faculdade de descobrir, em qualquer situação, os meios disponíveis de persuasão em direção à verdade. Ela é a articulação plena de todas as ferramentas que você adquiriu:

Você usa a Simbologia e a Língua para escolher as palavras e imagens que ressoam com a sua audiência, respeitando seus significados verdadeiros.

Você usa a Gramática para construir seus argumentos de forma clara, precisa e inquestionável.

Você usa a Lógica para garantir que a sua argumentação seja válida, que suas premissas sustentem sua conclusão e para identificar as fraquezas e falácias no argumento do seu oponente.

Isso transforma a sua percepção do mundo. Uma notícia deixa de ser uma ""verdade"" e passa a ser uma peça retórica: Quem escreveu? Com que intenção (informar, persuadir, manipular)? Que palavras foram escolhidas e quais foram omitidas? A lógica interna se sustenta?

O objetivo final é elevar o jogo do seu duelo argumentativo. Seja numa reunião de trabalho, numa discussão sobre política ou na reflexão sobre a sua própria fé, você deixará de ser um espectador passivo das ideias e se tornará um participante ativo. Você aprenderá a interpelar, a dissociar conceitos, a perceber as intenções ocultas e a articular seus próprios pensamentos com uma força que só a união da clareza, da lógica e da linguagem pode oferecer.

A retórica, assim entendida, não é apenas uma habilidade; é a expressão de uma mente ordenada que não tem medo de buscar a verdade e de defendê-la no mundo.",1,7,"retórica, argumentação, persuasão, discurso, Trivium, defesa, ataque, premissas, aplicação","Retórica de Aristóteles: O tratado fundamental sobre o tema. Aristóteles disseca os três pilares da persuasão: Logos (o apelo à razão), Pathos (o apelo à emoção) e Ethos (o caráter e a credibilidade de quem fala).

Da Educação do Orador de Quintiliano: Uma obra monumental romana que trata a retórica como o ápice da formação de um homem bom e sábio, capaz de liderar e influenciar a sociedade para o bem.

Como Falar, Como Ouvir de Mortimer Adler: Um guia prático e moderno sobre como aplicar os princípios da retórica na comunicação diária, transformando conversas em diálogos produtivos.","Assista a um discurso de um político ou de um CEO. Tente identificar os três apelos de Aristóteles: Onde ele usa a lógica (Logos)? Onde ele tenta evocar emoções (Pathos)? Como ele tenta construir sua própria credibilidade (Ethos)?

Pense numa discussão recente que teve onde não conseguiu expressar seu ponto de vista de forma eficaz. Faltou clareza gramatical, força lógica ou a capacidade de se conectar com a outra pessoa?

A retórica pode ser usada para o mal? Qual a diferença fundamental entre a retórica (persuasão para a verdade) e a propaganda (manipulação para o poder)?",,
2,brain,Primeiros pensamentos,Forjando a sua cosmovisão,"Com as ferramentas da Gramática, da Lógica e da Retórica em seu arsenal, você está pronto para o próximo passo: a aplicação. Esta seção, ""Primeiros pensamentos"", é o seu campo de treino. Aqui, vamos criar a sua capacidade de analisar cadeias de ação, causa e consequência, de formular hipóteses e de as refutar, construindo bibliotecas mentais que lhe permitirão forjar a sua própria cosmovisão, em vez de aceitar passivamente a que lhe é imposta.

O objetivo maior é libertá-lo das cadeias mentais: dos modelos pré-fabricados, dos vieses cognitivos, do afastamento da realidade, da adoção cega de ideologias e da manipulação por conceitos falaciosos. O seu castelo de ideias foi construído por outros para o manter prisioneiro. Chegou a hora de o demolir e de construir a sua própria fortaleza, fundada na rocha da realidade.",2,1,"cosmovisão, pensamento crítico, vieses, falácias, manipulação, ideologia, realidade, liberdade mental",,,,
2.1,book,Relações de significados,A realidade como árbitro da verdade,"A aplicação perfeita das ferramentas do Trivium resulta na correta interpretação dos significados e das intenções. A primeira tática de quem quer manipular é subverter o significado das palavras para subverter o seu pensamento.

Veja exemplos do dia a dia:

O que é um coach? A palavra significa ""treinador"". Um técnico de futebol é um coach. Mas o termo foi sequestrado para descrever, muitas vezes, personalidades da internet que vendem fórmulas de sucesso sem substância. A subversão do significado esvazia o conceito original de disciplina e trabalho duro.

O que é fascismo? E socialismo? Termos com definições históricas e filosóficas precisas são transformados em meros insultos para atacar oponentes, impedindo qualquer debate racional sobre os méritos ou deméritos de sistemas políticos.

""Um feto não é vida humana."" Esta afirmação, para ter validade, precisa de ser testada contra a realidade. Se não é vida humana no útero, que tipo de vida é? Uma planta? Uma semente? Um animal de outra espécie? Mas como pode um ser humano gerar uma planta no seu ventre? A biologia nos mostra que, desde a conceção, existe um ser com um código genético humano único, distinto da mãe. Ignorar este fato não o altera.

Para combater esta subversão, utilizamos duas ferramentas lógicas poderosas: a hipérbole do pensamento e a estratificação ao ridículo. Elas consistem em levar a premissa do seu oponente à sua consequência lógica final para testar se ela se sustenta.

Vejamos a questão de género:

Premissa apresentada: ""Uma pessoa pode escolher o seu género independentemente da sua biologia.""

Aplicação da estratificação ao ridículo: Se a autoidentificação é o único critério da realidade, então um homem de 1,70 m pode identificar-se como tendo 1,90 m e exigir que todos o tratem como tal? Uma pessoa de 40 anos pode identificar-se como tendo 15 e exigir matricular-se no ensino básico? Um humano pode identificar-se como um gato e exigir ser tratado como um?

A realidade não se curva aos nossos modelos mentais. Um gato macho não se transforma numa fêmea capaz de gerar gatinhos. Da mesma forma, um ser humano nascido com cromossomas XX ou XY tem uma realidade biológica que não é alterada por sentimentos ou declarações. Este é o objetivo deste instrumento: criar em si a capacidade de encadear significados, usando a realidade como o árbitro final, para que possa refutar, de forma rápida e automática, qualquer narrativa que atente contra ela.",2,2,"significado, subversão, realidade, lógica, hipérbole, ridículo, coach, socialismo, fascismo, gênero","O Jardim das Aflições de Olavo de Carvalho: Uma obra densa que disseca a estrutura da mentalidade revolucionária e a sua necessidade de subverter a linguagem e a realidade para impor a sua utopia.

A Realidade da Realidade (ensaio) por G. K. Chesterton: Chesterton defende com brilhantismo que o senso comum e a aceitação da realidade objetiva são os fundamentos da sanidade mental.","Pegue numa palavra que foi ""sequestrada"" recentemente (ex: ""narrativa"", ""empoderamento"", ""sustentabilidade""). Qual era o seu significado original e qual o significado que a ideologia dominante tenta impor-lhe hoje?

Tente aplicar a ""estratificação ao ridículo"" a uma afirmação politicamente correta que ouve com frequência. Quais são as consequências lógicas se levar essa afirmação ao seu extremo?

""A realidade é aquilo que, quando deixamos de acreditar nela, não desaparece."" (Philip K. Dick). Como esta frase o ajuda a distinguir entre um modelo mental e a verdade?",,
2.2,book,fatos,O terreno firme da realidade,"O primeiro passo para construir o seu castelo argumentativo é encontrar um terreno firme. Esse terreno é o fato. Um fato é a expressão de uma realidade que existe independentemente da sua vontade, da sua ideologia ou dos seus sentimentos.

Um fato não é uma opinião nem uma teoria. Por exemplo: em qualquer lugar na Terra, se você soltar uma pedra, ela cairá em direção ao solo. Isso é um fato. É observável, repetível e verificável.

A explicação para porquê a pedra cai é uma teoria científica. Através de séculos de observação, modelagem e testes, chamamos a essa força ""gravidade"". A nossa compreensão da gravidade evoluiu (de Newton para Einstein) e pode continuar a evoluir, mas a teoria não muda o fato: a pedra continua a cair. A teoria é o mapa; o fato é o território.

O objetivo deste tópico é treiná-lo a usar um bisturi mental para separar os fatos das camadas de interpretação que tentam obscurecê-los. A guerra cultural moderna é, em grande parte, uma guerra contra os fatos. Você ouvirá frases como ""a sua verdade"" e ""a minha verdade"", uma forma de relativismo que sugere que não existe uma realidade objetiva. Isso é uma armadilha.

Quando confrontado com uma afirmação, a primeira pergunta do pensador crítico é: ""Isto é um fato?"".

""A monarquia no Brasil foi um período de grande estabilidade."" Isto pode ser analisado com base em fatos: duração dos governos, número de conflitos armados, estabilidade da moeda, etc.

""A Princesa Isabel era uma mulher piedosa e a sua fé foi fundamental para a abolição."" Podemos investigar os seus diários, cartas e testemunhos históricos. Isto é uma busca por fatos.

""O Brasil foi fundado sobre um genocídio indígena."" Esta afirmação deve ser confrontada com os fatos da miscigenação, da integração de tribos aliadas e da nobreza indígena, como Arariboia, que recebeu terras e comendas da Coroa.

Aprender a isolar o fato é aprender a encontrar o chão. Sem fatos, qualquer argumento é apenas uma nuvem de fumo, uma opinião a flutuar no vazio, sem nada que a sustente. A sua liberdade mental começa com o seu compromisso com a realidade tal como ela se apresenta.",2,3,"fatos, realidade, objetividade, ciência, gravidade, premissa, opinião, relativismo, verdade","O Mundo Assombrado pelos Demónios: A Ciência como uma Vela no Escuro por Carl Sagan: Um clássico na defesa do pensamento cético e da verificação de fatos contra a superstição e a pseudociência.

A Revolta de Atlas por Ayn Rand: Uma obra de ficção que explora filosoficamente a ideia de que a realidade (A é A) é absoluta e que a recusa em reconhecer fatos objetivos leva ao colapso da sociedade.","Pegue numa manchete de notícia de hoje. Qual é o fato central que a notícia relata? E quais são as camadas de interpretação, adjetivos ou especulações que o jornalista adicionou ao redor desse fato?

Pense num debate histórico (ex: Descobrimento ou Invasão do Brasil?). Quais são os fatos indiscutíveis sobre os quais ambos os lados deveriam concordar antes de começar a debater as suas interpretações?

Como a cultura dos ""verificadores de fatos"" (fact-checkers) nas redes sociais por vezes se torna, ela mesma, uma forma de impor uma opinião disfarçada de fato?",,
2.3,book,Opiniões,O campo de batalha das interpretações,"Se os fatos são o terreno firme, as opiniões são as diferentes paisagens que cada pessoa constrói sobre esse mesmo terreno. Uma opinião é uma expressão de sentimento, crença, julgamento ou interpretação sobre um fato. Elas são intrínsecas à história humana; não existe transmissão de informação sem que a cosmovisão de quem a transmite a influencie de alguma forma.

O problema não é a existência de opiniões. O livre debate de ideias, onde diferentes opiniões se confrontam em busca da verdade, é o motor do desenvolvimento de uma civilização. O problema, e aqui reside o campo de batalha, é a opinião disfarçada de fato.

Esta é talvez a tática mais comum e eficaz na guerra cultural. Uma opinião é apresentada com a autoridade de um fato inquestionável, com o objetivo de encerrar o debate antes que ele comece.

fato: A Revolução de 1964 ocorreu.

Opinião disfarçada de fato: ""O golpe militar de 1964 foi o período mais sombrio da história brasileira."" Esta é uma interpretação, uma opinião. Outra opinião, baseada em outros fatos, poderia ser: ""A Revolução de 1964 foi uma reação necessária para impedir a implementação de uma ditadura comunista no Brasil."" Ambas são opiniões que interpretam um conjunto de fatos.

O seu trabalho como pensador crítico é dissecar qualquer afirmação e separar os seus componentes. Quando um colunista, um político ou um influenciador digital lhe apresenta uma narrativa, ele está a tecer uma teia com fios de fatos e fios de opiniões carregadas de intenção. A sua tarefa é identificar quais são os fios de cada tipo.

A relevância de entender o papel das opiniões é dupla:

Para se defender: Você aprende a não aceitar a interpretação de outra pessoa como a realidade última. Você questiona: ""Esta é a única forma de interpretar estes fatos? Quais são os vieses desta pessoa? Qual é a sua intenção oculta?""

Para argumentar: Você aprende a construir as suas próprias opiniões de forma honesta, fundamentando-as sobre o terreno sólido dos fatos e deixando claro quais são as suas premissas e a sua linha de raciocínio.

Entender a diferença entre fatos e opiniões é o que lhe permite navegar no debate de ideias sem se afogar. É o que lhe dá a capacidade de ouvir uma opinião contrária sem se sentir ameaçado, analisando a sua estrutura, e de apresentar a sua própria opinião não como um dogma, mas como uma conclusão racionalmente fundamentada.",2,4,"opiniões, vieses, narrativas, interpretação, cosmovisão, intenção, debate, ideias, liberdade de expressão","Os Erros do Ocidente de Roger Scruton: Uma coleção de ensaios onde o filósofo conservador disseca as opiniões dominantes da esquerda moderna, mostrando as suas premissas filosóficas e os seus erros factuais.

O Conflito de Visões por Thomas Sowell: Sowell argumenta brilhantemente que os debates políticos não são sobre políticas, mas sobre visões de mundo (opiniões fundamentais) opostas e irreconciliáveis sobre a natureza humana.","Leia a coluna de opinião de um jornal ou blogue. Tente separar frase por frase: o que é um fato verificável e o que é o julgamento ou a interpretação do autor?

Pense numa opinião forte que você tem. Quais são os fatos concretos sobre os quais você a construiu? Você seria capaz de apresentar esses fatos a alguém que discorda de si?

Por que é que a frase ""temos que respeitar todas as opiniões"" é, em si mesma, uma opinião perigosa e ilógica? (Dica: deveríamos respeitar a opinião de que 2+2=5 ou a opinião de que um genocídio é justificável?). O que deveríamos respeitar, então?",,
2.4,book,Premissas,A fundação oculta de todo argumento,"Chegamos a uma das ferramentas mais poderosas do seu arsenal. Após aprender a separar fatos de opiniões, vamos agora escavar mais fundo, até à fundação de qualquer argumento: a premissa.

O que é uma premissa? É a base, a suposição, a verdade aceite (ou imposta) sobre a qual todo um argumento é construído. Muitas vezes, ela não é dita de forma clara. Fica oculta, implícita. Aprender a identificar a premissa de uma fala, de uma manchete ou de uma teoria é como encontrar a viga mestra de um edifício: se ela for falsa ou fraca, todo o edifício desmorona, não importa quão imponente pareça.

Vamos usar um exemplo simples: ""Ao jogar uma pedra para o alto, ela irá cair.""
Esta afirmação parece um fato simples, mas ela se apoia numa série de premissas implícitas:

Premissa 1: Estamos num planeta com um campo gravitacional significativo (como a Terra).

Premissa 2: A ""pedra"" é feita de um material mais denso que o ar.

Premissa 3: Não há outra força maior atuando sobre a pedra (como um vento de furacão ou um motor de foguete).

Se qualquer uma destas premissas for falsa (se estivermos no espaço, se a ""pedra"" for de isopor, etc.), a conclusão (""ela irá cair"") torna-se falsa.

Agora, aplique este mesmo princípio a argumentos complexos. Quando uma notícia ou um político afirma que ""o Estado deve intervir na economia para garantir a justiça social"", qual é a premissa oculta? A premissa é que o Estado é um agente moralmente superior e mais competente do que os indivíduos para alocar recursos e definir o que é justo. Se você não aceita esta premissa, todo o argumento a favor da intervenção perde a sua força.

O seu objetivo, como um pensador treinado, é deixar de reagir às conclusões e passar a analisar as premissas. Antes de debater se a ""pedra vai cair"", pergunte: ""Onde estamos? Do que é feita a pedra?"". Antes de debater se ""o Estado deve intervir"", pergunte: ""Qual é a natureza do Estado? Ele é inerentemente bom e sábio?"".

Este é o poder de olhar para as fundações. Muitas vezes, você descobrirá que os argumentos mais ferozes e as ideologias mais complexas estão construídos sobre premissas tão frágeis que um simples olhar crítico é suficiente para as derrubar.",2,5,"premissas, argumento, lógica, conclusão, fundamento, análise, falácia, retórica, discurso","Lógica para Todos de Mortimer J. Adler: Um livro fantástico que ensina, de forma acessível, a estrutura de um argumento, a identificar premissas maiores e menores, e a avaliar a validade de uma conclusão.

O Mínimo que Você Precisa Saber para não Ser um Idiota de Olavo de Carvalho: Uma compilação de textos que, em grande parte, se dedica a expor as premissas ocultas e muitas vezes absurdas por trás das narrativas políticas e culturais dominantes.","Pegue uma manchete de um portal de notícias. Qual é a conclusão que a manchete quer que você aceite? Agora, tente identificar qual é a premissa (a ideia não dita) na qual essa conclusão se baseia.

Pense num debate comum na sociedade (ex: legalização das drogas, políticas de cotas, etc.). Quais são as premissas fundamentais de cada lado do debate sobre a natureza humana, a liberdade e o papel do Estado?

""A educação é a solução para a pobreza."" Esta é uma conclusão. Quais são as premissas implícitas nesta frase? (Dica: pense na natureza da educação oferecida, na responsabilidade individual, etc.).",,
2.5,book,Ciência,"Um caminho para o saber, não o destino da verdade","Este ponto é crítico. Numa era que idolatra a ""ciência"" como a fonte de toda a verdade, é fundamental entender o que ela realmente é, quais são os seus poderes e, igualmente importante, quais são os seus limites.

A ciência não é um conjunto de fatos imutáveis. Ela não é um oráculo da verdade. A ciência é um método, um processo rigoroso e disciplinado de observação, experimentação, comparação e representação da realidade física, sempre dentro de premissas pré-estabelecidas.

Uma qualidade inerente e nobre da ciência é a sua evolução. O que se sabia ontem é a base para o novo saber de hoje, que por sua vez será a base para as novas conclusões de amanhã. A ciência avança precisamente porque está disposta a corrigir os seus erros e a refinar as suas teorias.

Exemplo concreto: Durante muito tempo, a ciência ensinou que a matéria tinha 3 estados: sólido, líquido e gasoso. Isto era a ""verdade científica"". Depois, descobriu-se o plasma. A ciência evoluiu. Mais tarde, a física quântica, operando em temperaturas próximas do zero absoluto, descobriu o Condensado de Bose-Einstein e o Condensado fermiônico. Em condições de calor e densidade extremas, descobriu-se o Plasma de quarks-glúons.

A ciência de hoje reconhece pelo menos 7 estados da matéria. A ciência de ontem estava ""errada""? Não. Ela estava incompleta, como a ciência de hoje certamente está. Ela é um mapa do território físico que se torna cada vez mais detalhado, mas nunca será o próprio território.

Por isso, a ciência não pode ser o bastião final da verdade. Nela está contida a humildade do desconhecido e a necessidade constante de novas descobertas. Além disso, o seu método limita-se ao que é material e mensurável. A ciência pode descrever o mecanismo do amor no cérebro com hormonas e neurotransmissores, mas não pode dizer nada sobre a experiência do amor, a sua natureza como virtude ou o seu significado último.

É aqui que a filosofia e a teologia entram. A ciência não contém em si as vias de ascese para o conhecimento da alma, da moralidade e de Deus. A Terceira Via de São Tomás de Aquino, por exemplo, que nos leva a Deus a partir da observação do movimento e da contingência no mundo, é um caminho da razão que começa onde a ciência física termina.

A ciência é um caminho (um pathos) nobre e essencial para o desenvolvimento humano, mas não é a única estrada, nem leva a todos os destinos. A verdadeira ordem do saber consiste em dar à ciência o que é da ciência, e à filosofia e à fé o que é da filosofia e da fé, sem confundir os mapas com o Tesouro.",2,6,"ciência, método científico, verdade, fato, teoria, evolução, filosofia, fé, razão, paradigma","A Estrutura das Revoluções Científicas de Thomas S. Kuhn: Um livro fundamental que introduziu o conceito de ""mudança de paradigma"" e mostrou como a ciência avança através de crises e revoluções, e não de forma linear e cumulativa.

Fé e Razão (Fides et Ratio) de Papa São João Paulo II: Uma encíclica brilhante que explora a relação harmoniosa entre a fé e a razão, mostrando que ambas são como ""duas asas sobre as quais o espírito humano se eleva à contemplação da verdade"".

O Credo do Cientista de Werner Heisenberg (em ""A Parte e o Todo""): O grande físico quântico reflete sobre os limites da ciência e a sua relação com a filosofia e a religião.","Pense na frase ""a ciência diz..."". Quem é ""a ciência""? Um cientista? Um grupo? Um consenso temporário? Como esta frase é usada retoricamente para encerrar um debate?

A ciência pode nos dizer como construir uma bomba atómica. Ela pode nos dizer se devemos construí-la ou usá-la? Que outro tipo de saber é necessário para responder a esta segunda pergunta?

Se a ciência está em constante evolução, por que é que o ""consenso científico"" de hoje é muitas vezes apresentado como uma verdade absoluta e inquestionável, e quem discorda é rotulado de ""negacionista""?",,
3,shield,Conceitos fundamentais,Ferramentas mentais para a batalha de ideias,"Com a base do entendimento solidificada, avançamos agora para o arsenal tático. Esta seção irá expor os processos mentais de desconstrução e análise que você aplicará no dia a dia. Se as lições anteriores lhe deram a matéria-prima (o entendimento da linguagem e da lógica), agora vamos ensiná-lo a forjar as armas.

O objetivo é encadear estas etapas para que você possa construir uma visão integral de qualquer objeto que analise, seja uma afirmativa, uma notícia ou um modelo mental complexo. O fim deste conteúdo deve habilitá-lo a conduzir uma jornada mental analítica para refutar ou confirmar argumentos, libertando-o do conformismo.

Esta é a sua libertação das cadeias da manipulação. Ao dominar estas ferramentas, você se tornará imune à injeção de conceitos falaciosos, às armadilhas retóricas e a todas as formas de influência que buscam ocupar o seu castelo de ideias sem a sua permissão.",3,1,"análise, desconstrução, refutação, confirmação, cosmovisão, modelos mentais, falácias, interação",,,,
3.1,book,Observação da verdade,O bisturi para separar a realidade da narrativa,"A primeira e mais fundamental ferramenta é a observação da verdade. Ela funciona como um bisturi afiado, um corte preciso que separa a realidade como ela se demonstra das camadas de ruído que a encobrem — premissas ocultas, opiniões disfarçadas, análises infantis e outras falácias.

A maioria das pessoas consome informações como quem bebe um copo de água turva: engole tudo de uma vez, a água e a sujeira. A observação da verdade é o ato de pausar e filtrar. É olhar para uma afirmação e perguntar: ""O que aqui é a realidade observável e o que é a interpretação, a narrativa ou a emoção adicionada?""

Exemplo: Você lê uma manchete: ""Ativistas corajosos interrompem evento para protestar contra a destruição do planeta.""

Aplicação do bisturi:

Realidade observável (Verdade): Um grupo de pessoas invadiu e interrompeu um evento. (Isto é o que as câmaras mostram, o fato bruto).

Narrativa adicionada: O uso das palavras ""ativistas corajosos"" e ""destruição do planeta"" não são fatos, são interpretações carregadas de opinião. A palavra ""corajoso"" busca criar admiração. ""Destruição do planeta"" é uma hipérbole que visa criar pânico e justificar a ação.

Conclusão da observação: O fato é a invasão. A narrativa é a de heroísmo. São duas coisas distintas.

Praticar a observação da verdade é treinar a sua mente para não aceitar o ""pacote completo"" de uma mensagem. É desenvolver o hábito de desmontar a comunicação, separando o osso da carne, o fato da ficção. É o primeiro passo para ver o mundo como ele é, e não como os outros querem que você o veja.",3,2,"verdade, realidade, observação, corte, premissas, opiniões, falácias, comunicação, análise","A Conquista do Óbvio de G. K. Chesterton: Em seus ensaios, Chesterton mestralmente aplica este princípio, mostrando como as verdades mais simples e óbvias são obscurecidas por filosofias complexas e desonestas.

Meditations de Marco Aurélio: O imperador estóico pratica constantemente a arte de descrever os eventos para si mesmo de forma objetiva, despindo-os de julgamentos emocionais para ver a sua verdadeira natureza.","Pegue uma notícia de hoje. Escreva numa coluna o fato central e observável. Noutra coluna, liste todos os adjetivos, advérbios e interpretações que o jornalista usou para ""colorir"" esse fato.

Lembre-se de uma discussão que teve recentemente. Consegue agora identificar um momento em que a conversa se afastou dos fatos e se tornou um debate de narrativas e emoções?

Como a velocidade das redes sociais dificulta a prática da ""observação da verdade""?",,
3.2,book,Expor ao ridículo,A hipérbole como teste de validade,"Após isolar uma ideia com o bisturi da observação, a próxima ferramenta é um teste de stresse: expor ao ridículo. Esta é a hipérbole aplicada ao pensamento. É o processo de pegar a premissa ou o argumento do seu oponente e levá-lo à sua consequência lógica mais extrema para ver se ele se sustenta ou se desmorona sob o próprio peso do absurdo.

Esta técnica é devastadoramente eficaz porque muitas ideias modernas só sobrevivem num ambiente protegido de ""boas intenções"" e recusa em pensar nas suas consequências práticas. Expor ao ridículo é tirar a ideia desse ambiente seguro e jogá-la no mundo real.

Exemplo 1: A premissa ""Toda propriedade é roubo.""

Aplicação da ferramenta: ""Excelente ideia. Então, se eu pegar seu celular agora, não estou roubando, estou apenas recuperando o que é de todos, certo? E o seu almoço, posso comê-lo? Afinal, ele não é realmente seu. Ou a sua TV, seu carro, sua casa, sua cama... Percebe onde isso pode chegar? ""

Resultado: A aplicação da premissa à realidade imediata e pessoal expõe a sua total inviabilidade e hipocrisia.

Exemplo 2: A premissa ""Não devemos julgar nenhuma cultura.""

Aplicação da ferramenta: ""Concordo. Então, a cultura dos Astecas, que praticava sacrifícios humanos em massa, não pode ser julgada como inferior à nossa? A cultura espartana, que atirava bebés com deficiência de um penhasco, é apenas 'diferente'? Se uma cultura praticar canibalismo, devemos abster-nos de qualquer julgamento moral?""

Resultado: O exagero expõe a fragilidade da premissa. A verdade é que nós julgamos culturas constantemente com base na lei moral natural. A premissa do ""não julgamento"" é, ela mesma, um julgamento contra a moralidade.

Usar esta ferramenta não é ser desonesto; é ser radicalmente honesto com as implicações de uma ideia. É uma forma de dizer: ""Se o que você diz é verdade, então estas consequências absurdas também deveriam ser verdadeiras. Como não são, a sua premissa original deve ser falsa."" É um instrumento poderoso para desmascarar ideologias frágeis.",3,3,"hipérbole, ridículo, exagero, premissa, argumento, falácia, ideia, proposição, fragilidade, lógica","Cândido, ou o Otimismo de Voltaire: Uma sátira brilhante que usa a hipérbole e o ridículo para atacar a filosofia otimista de Leibniz, mostrando como a ideia de que ""vivemos no melhor dos mundos possíveis"" se torna absurda quando confrontada com o sofrimento real.

Cartas de um Diabo a seu Aprendiz de C.S. Lewis: Lewis usa a ironia e a perspectiva de um demónio para expor as fragilidades e os absurdos do pensamento humano moderno.","Pegue numa premissa comum do ""politicamente correto"" (ex: ""Todas as opiniões têm o mesmo valor""). Tente aplicar a ferramenta de ""expor ao ridículo"". A que conclusões absurdas chega?

Por que é que o humor e a sátira são tão temidos por regimes totalitários e ideólogos?

Qual a diferença entre ""expor ao ridículo"" um argumento e fazer um ataque ad hominem (atacar a pessoa em vez da ideia)?",,
3.3,book,Entender o “porquê”,A busca pelos motivadores ocultos,"Uma vez que você observou a verdade e testou a validade de um argumento, a próxima camada da análise é estratégica: entender o ""porquê"". Um argumento raramente existe no vácuo. Ele é uma ferramenta usada por alguém para alcançar um objetivo. Entender o ""porquê"" é identificar os motivadores por trás da mensagem.

Esta é a fase do detetive. Você precisa separar os motivadores em níveis:

O ""porquê"" declarado: A razão que a pessoa dá para o seu argumento. Ex: ""Defendo a política X para ajudar os pobres.""

O ""porquê"" oculto: A verdadeira intenção, que pode ser muito diferente.

Para encontrar os motivadores ocultos, você precisa investigar:

Circunstância e meio: Quem está falando e onde? Um político falando para empresários dirá o mesmo quando falando para sindicalistas?

Desejo de objetivo: Qual é o resultado final desejado? Ajudar os pobres ou, talvez, aumentar o poder do Estado e criar dependência?

Intenção de manipulação: A linguagem usada é neutra ou carregada de apelos emocionais e palavras-gatilho?

Fatores de viés: A pessoa tem um viés ideológico conhecido? Ela beneficia de alguma forma (financeira, social) se a sua ideia for aceite?

Repetição de doutrina: O argumento é original ou é a repetição exata de um slogan ou de uma cartilha de um partido ou movimento?

Exemplo: Um influenciador digital defende apaixonadamente uma nova regulação económica.

Análise do ""porquê"": Você descobre que ele recebe financiamento de uma empresa que seria a principal beneficiada por essa regulação. O ""porquê"" declarado (""é para o bem do país"") é ofuscado por um ""porquê"" oculto muito mais poderoso (interesse financeiro).

Aprender a perguntar ""porquê"" é o que o move de um analista de argumentos para um analista de estratégias. Você deixa de olhar apenas para o que é dito e passa a entender por que é dito, por quem é dito e para quem é dito. Esta habilidade é crucial para navegar num mundo onde a maioria da comunicação não é um diálogo honesto em busca da verdade, mas uma operação de influência.",3,4,"porquê, motivação, intenção, argumento, análise, viés, militância, doutrina, manipulação, objetivo","O Príncipe de Nicolau Maquiavel: A obra clássica sobre a separação entre as motivações declaradas e as ações reais no exercício do poder. Maquiavel é um mestre em analisar o ""porquê"" por trás da política.

Psicologia das Massas e Análise do Eu de Sigmund Freud: Um estudo profundo sobre os motivadores irracionais que levam os indivíduos a agir de certas maneiras quando estão em grupo.","Escolha uma organização ou movimento (uma ONG, um partido político, um grupo ativista). Qual é a sua missão declarada (o ""porquê"" oficial)? Agora, investigue as suas fontes de financiamento e as consequências reais das suas ações. Encontra um ""porquê"" oculto?

Pense em si mesmo. Quando você argumenta a favor de algo, quais são os seus verdadeiros ""porquês""? São sempre tão nobres como você os apresenta?

Como a militância ideológica pode anular a capacidade de uma pessoa de ter um ""porquê"" próprio, tornando-a apenas um repetidor de doutrinas?",,
3.4,book,Relacionar significados,Criando o mapa mental da realidade,"Esta ferramenta é a sua capacidade de criar associações mentais rápidas, de construir um mapa relacional que conecta uma palavra ou ideia ao seu verdadeiro contexto, às suas origens e às suas possíveis distorções. É uma forma de encadeamento lógico intuicional que lhe permite avaliar uma informação em segundos.

Quando você ouve uma palavra ou conceito, a sua mente treinada não deve recebê-lo de forma isolada. Ela deve acionar imediatamente um mapa de pré-requisitos e associações.

Exemplo: A palavra ""igualdade""

Mente não treinada: Ouve ""igualdade"" e associa a um sentimento vago de ""justiça"" e ""bondade"". Aceita qualquer política proposta em nome da ""igualdade"".

Mente treinada (seu mapa mental):

Origem: De que igualdade estamos falando? A igualdade perante Deus e a lei, um pilar da civilização cristã e do direito natural? Ou a igualdade de resultados, uma premissa do socialismo/comunismo?

Contexto: Quem está usando a palavra? Um defensor da liberdade individual ou um ideólogo que vê o mundo como uma luta de classes opressoras?

Distorção: A busca pela igualdade de resultados (socialismo) já foi tentada? Sim. Qual foi o resultado histórico? Milhões de mortos e tirania. A minha mente conecta a palavra, na sua versão distorcida, a fatos históricos.

Senso comum vs. endoutrinação: O senso comum diz que as pessoas são diferentes em talentos e esforços, logo, os resultados serão diferentes. A endoutrinação diz que qualquer diferença de resultado é prova de ""injustiça sistémica"".

Percebe? ""Relacionar significados"" é a sua defesa automática. É a criação de um sistema imunitário mental que identifica instantaneamente um ""vírus"" (uma palavra distorcida) e aciona todos os anticorpos (contexto histórico, lógico, filosófico) para o neutralizar antes que ele infete o seu pensamento. O objetivo é que este processo se torne tão rápido e natural que você consiga ""ler"" as intenções e as falácias por trás de um discurso em tempo real.",3,5,"significados, mapa mental, contexto, origem, distorção, senso comum, manipulação, endoutrinação, vocabulário","A Rebelião das Massas de José Ortega y Gasset: Uma análise brilhante de como o ""homem-massa"" moderno vive de slogans e ideias pré-fabricadas, sem conexão com a origem histórica e o verdadeiro significado dos conceitos.

Um Dicionário de Citações, Máximas e Pensamentos: Ter um repertório de sabedoria acumulada (um ""mapa mental"" da civilização) é uma ferramenta poderosa para relacionar significados e contextos.","Crie um pequeno ""mapa mental"" para a palavra ""progresso"". Quais são as suas origens? Quais as distorções comuns? A que fatos históricos ela se conecta (positivos e negativos)?

Quando ouve a expressão ""justiça social"", que significados e contextos a sua mente relaciona automaticamente?

Como a leitura de biografias de grandes personalidades da história (como D. Pedro II ou Churchill) ajuda a construir este repertório de significados e contextos?",,
3.5,book,Destilar o veneno,Isolando a essência tóxica de uma ideia,"Chegamos à fase final da análise: destilar o veneno. Este é o resultado direto de ""entender o porquê"" e ""relacionar significados"". É o ato de separar a essência tóxica de um argumento de toda a sua embalagem sedutora (boas intenções, linguagem emotiva, apelo à moralidade).

Muitas ideologias e narrativas são como uma bebida envenenada: 99% é água açucarada e corante para a tornar atrativa, mas 1% é veneno puro. A maioria das pessoas bebe tudo. O seu trabalho é destilar a bebida, evaporar toda a água e o açúcar, e isolar a gota de veneno para a expor à luz.

Como se faz isso? Extraindo a ideia central ou a premissa irredutível do argumento.

Exemplo 1: Uma longa e emotiva defesa de políticas identitárias.

Embalagem: Discurso sobre ""diversidade"", ""inclusão"", ""reparação histórica"", ""luta contra a opressão"".

Destilação: Você pergunta: ""Qual é a ideia central que sustenta tudo isto?"".

O veneno isolado: A premissa de que a característica mais importante de um ser humano não é o seu caráter, as suas ações ou a sua alma imortal, mas sim a sua pertença a um grupo racial ou sexual. E que a história não é a história de indivíduos, mas uma luta de poder perpétua entre estes grupos.

Resultado: Uma vez exposta, esta premissa se revela desumanizante e racista em sua essência. O veneno foi destilado.

Exemplo 2: Uma defesa da liberação total das drogas.

Embalagem: Discurso sobre ""liberdade individual"", ""falência da guerra às drogas"", ""tratamento como questão de saúde"".

Destilação: Qual é a premissa irredutível?

O veneno isolado: A ideia de que a liberdade é a ausência de quaisquer restrições e que o indivíduo é soberano sobre o seu próprio corpo, sem considerar as consequências devastadoras do vício para o próprio indivíduo, para a sua família e para toda a sociedade. A premissa é um individualismo radical que ignora a natureza social e relacional do ser humano.

Tornar o veneno inócuo é expô-lo. É extrair a sua essência na forma de uma única frase ou pensamento e perguntar: ""É nisto que realmente acreditamos? É este o fundamento sobre o qual queremos construir uma vida ou uma sociedade?"". Na maioria das vezes, a simples exposição da premissa tóxica é suficiente para a refutar.",3,6,"veneno, argumento, ideia, ideologia, separação, essência, proposição, premissa, intenção","Os Intelectuais de Paul Johnson: Johnson aplica magistralmente este método, analisando a vida e as ideias de grandes intelectuais (Rousseau, Marx, Sartre) e mostrando como as suas grandiosas teorias para a humanidade muitas vezes escondiam premissas venenosas que se refletiam na sua desastrosa vida pessoal.

A Tábua Rasa de Steven Pinker: Pinker argumenta contra a premissa de que a mente humana é uma ""folha em branco"", mostrando como esta ideia venenosa está na raiz de muitas políticas sociais e educacionais fracassadas.","Pegue num movimento ou ideologia que admira. Tente aplicar a ""destilação do veneno"". Existe alguma premissa central que, se isolada, se revela problemática? (Este é um exercício difícil de honestidade intelectual).

Agora faça o mesmo com uma ideologia que detesta. Consegue isolar a sua premissa central numa única frase?

Por que é que as ideologias totalitárias precisam sempre de uma ""embalagem"" de propaganda e sentimentalismo para vender as suas ideias venenosas?",,
3.6,book,Determinar a lógica,Refazendo os passos do argumentador,"Após destilar o veneno de uma ideia, a sua tarefa é agir como um investigador criminal. Você deve determinar a lógica do argumento, refazendo os passos que levaram o seu criador àquela conclusão. Não basta saber que a conclusão é falsa; um mestre do pensamento entende como se chega a ela.

Este processo exige que você assuma temporariamente a perspectiva do argumentador, mas com o olhar crítico de quem procura as falhas no processo. O objetivo é criar um mapa claro e irrefutável do caminho mental que construiu o objeto que você analisa.

Como fazer isso?

Identifique a Conclusão (A Tese): Qual é a afirmação final que está a ser defendida? Ex: ""A monarquia era um sistema atrasado.""

Procure os Fatos Apresentados: Que evidências são usadas para suportar a tese? Ex: ""Não havia indústria como na Inglaterra.""

Exponha as Premissas (Ocultas e Declaradas): Quais são as crenças fundamentais que sustentam o argumento? Ex: A premissa oculta é que o único modelo de progresso é o industrialismo inglês, e que qualquer outra forma de sociedade é, por definição, ""atrasada"".

Mapeie a Sequência Lógica: Como o argumentador conecta os fatos às premissas para chegar à conclusão? Ex: Fato (Indústria incipiente) + Premissa (Progresso = Indústria) = Conclusão (Monarquia = Atraso).

Ao reconstruir este caminho, você não ataca a conclusão diretamente. Você expõe a fragilidade da rota. Talvez a premissa seja falsa (existiam outras formas de progresso?). Talvez a conexão lógica seja fraca (a falta de indústria era uma decisão política para evitar os males sociais que a Inglaterra sofreu?).

Dominar esta técnica transforma-o de um simples debatedor num verdadeiro anatomista de ideias. Você não apenas refuta; você demonstra, passo a passo, a anatomia do erro.",3,7,"lógica, reconstrução, argumento, tese, investigador, processo, fato, análise, cadeia de pensamento","Introdução à Lógica de Irving M. Copi: Um manual universitário clássico, excelente para entender a estrutura formal dos silogismos e dos argumentos dedutivos e indutivos.

As Aventuras de Sherlock Holmes de Arthur Conan Doyle: A ficção é um ótimo treino. Observe como Holmes não apenas resolve o crime, mas reconstrói a lógica do criminoso, passo a passo.","Pegue num artigo de opinião com o qual discorda. Tente mapear a lógica do autor: qual é a sua tese, quais fatos ele usa e quais são as suas premissas ocultas?

Por que é que é mais poderoso demonstrar a falha na lógica de um argumento do que simplesmente gritar uma contra-argumentação?

Aplique esta técnica a um erro que você mesmo cometeu no passado. Consegue reconstruir a sequência de pensamentos falhos que o levaram àquela decisão?",,
3.7,book,Definição das premissas,O ataque à fundação do castelo de areia,"Esta rota nasce diretamente da anterior. Ao determinar a lógica de um argumento, você inevitavelmente encontrará a sua fundação: a definição das premissas. Já tocámos neste ponto, mas agora vamos transformá-lo numa arma de ataque e defesa.

Lembre-se: derrubadas as premissas, como um castelo de areia, não existe ideia, conceito, tese, fala, argumento ou discurso que sobreviva.

O seu foco numa discussão não deve ser a ""decoração"" do argumento (as palavras bonitas, os apelos emocionais), mas sim a sua fundação. A obtenção das premissas fundamentais é a chave de tudo.

Como identificar premissas na prática?
Pergunte ""porquê"" repetidamente, como uma criança curiosa.

Afirmação: ""Precisamos de mais leis para regular a internet.""

Você pergunta: ""Porquê?""

Resposta: ""Para proteger as pessoas de 'fake news' e do discurso de ódio.""

Você pergunta: ""Porquê?"" (Isto é, o que o leva a crer que esta é a solução?)

Resposta: ""Porque as pessoas não são capazes de discernir a verdade sozinhas e precisam de uma autoridade para as proteger.""

Premissa fundamental exposta: A premissa oculta é que o cidadão comum é um incapaz mental e que uma elite (governo ou agência) é moral e intelectualmente superior para decidir o que é verdade.

Uma vez que a premissa é exposta à luz, o debate muda. A discussão deixa de ser sobre a ""internet"" e passa a ser sobre uma questão muito mais profunda: a natureza da liberdade, da capacidade humana e do poder do Estado. É muito mais difícil defender a premissa (""as pessoas são idiotas e precisam de um tutor"") do que a conclusão superficial (""precisamos de leis"").

Treine-se para ser um caçador de premissas. Em qualquer conversa, notícia ou discurso, a sua mente deve estar a perguntar: ""Qual é a crença fundamental e não declarada que sustenta tudo o que esta pessoa está a dizer?"". Ao encontrar e, se necessário, ao demolir essa fundação, todo o resto cairá por si.",3,8,"premissas, argumento, lógica, conclusão, fundamento, análise, falácia, retórica, discurso","Ação Humana de Ludwig von Mises: Um tratado monumental de economia que é, na sua essência, um exercício sobre como construir um sistema de pensamento complexo a partir de uma única premissa fundamental e irrefutável (o ""axioma da ação"").

Ortodoxia de G. K. Chesterton: Chesterton defende o Cristianismo argumentando que as suas premissas sobre o homem (nobre e decaído ao mesmo tempo) são as únicas que correspondem à realidade que observamos.","Qual é a premissa fundamental por trás do sistema educacional moderno no Brasil, influenciado por figuras como Paulo Freire?

Quando alguém diz ""temos que seguir a ciência"", qual é a premissa oculta sobre a natureza da ""ciência"" que está a ser apresentada? (Dica: reveja a lição 1.2.5).

Analise uma publicidade. Qual é a premissa que ela vende sobre o que lhe trará felicidade ou realização?",,
3.8,book,Contraposto opositor lógico,A arte socrática de usar o argumento do oponente contra ele mesmo,"Qualquer afirmação ideológica, factóide ou de opinião abre sempre espaço para um contraposto opositor lógico. Esta é uma técnica socrática avançada. Em vez de atacar o argumento do seu oponente com uma força externa (os seus próprios argumentos), você entra no argumento dele e usa a sua própria lógica interna para o implodir.

A técnica funciona através de perguntas estratégicas que expõem uma contradição ou forçam o interlocutor a uma conclusão que ele não deseja.

Exemplo 1 (Argumento Moral):

Afirmação: ""Você não deve impor a sua moralidade a mim.""

Contraposto Opositor: ""Interessante. Essa sua frase, 'você não deve impor a sua moralidade', é uma regra moral que você está a tentar impor a mim?""

Resultado: A própria afirmação viola a regra que ela prega, expondo a sua contradição interna.

Exemplo 2 (Argumento de Valor):

Afirmação: ""Você mata a vida humana no ventre (aborto) em detrimento de um cachorro?""

Contraposto Opositor: Esta já é uma forma de contraposto. Ela força a pessoa que defende o aborto mas se diz defensora dos animais a confrontar a hierarquia de valores implícita nas suas posições. A pergunta expõe uma possível inconsistência lógica e moral.

Exemplo 3 (Argumento Simples):

Afirmação: ""O dinheiro é a raiz de todo o mal.""

Contraposto Opositor: ""Você não gostaria de ter muito dinheiro?""

Resultado: Se a pessoa diz ""sim"", a sua afirmação inicial é enfraquecida. Se diz ""não"", você pode encadear com mais perguntas que exploram a sua lógica: ""Por que não? O que faria se o recebesse como herança? Doá-lo-ia? Mas se ele é mau, por que o passaria adiante?"".

O contraposto opositor é uma ferramenta de enfraquecimento. Ele não precisa de refutar o argumento de forma definitiva; ele apenas introduz a dúvida, expõe a contradição e força o seu interlocutor a defender as fundações instáveis do seu próprio pensamento. É a arte de vencer o duelo fazendo com que o oponente se fira com a sua própria espada.",3,9,"contraposto, oposição, lógica, argumento, desconstrução, Sócrates, pergunta, porquê, enfraquecimento","Apologia de Sócrates de Platão: O relato da defesa de Sócrates no seu julgamento. É uma aula magna sobre como usar perguntas e contrapostos para expor a ignorância e a inconsistência dos seus acusadores.

Manual para uma Vida Feliz (Enchiridion) de Epicteto: A filosofia estóica está repleta de contrapostos lógicos para testar as nossas próprias impressões e desejos.","""Todo o poder emana do povo."" Tente formular um contraposto opositor lógico para esta famosa afirmação democrática.

Quando alguém diz ""o amor é amor"", sugerindo que todas as formas de relacionamento são moralmente equivalentes, que pergunta de contraposto você poderia fazer para testar a lógica desta afirmação?

O contraposto funciona melhor em conversas ao vivo ou por escrito? Porquê?",,
3.9,book,Multi aplicação esdrúxula,A realidade como a espada samurai contra o delírio,"Chegamos à ferramenta final e mais devastadora: a multi aplicação esdrúxula. Aqui, aplicamos a premissa ou o veneno que destilamos a situações anamórficas — distorcidas, exageradas, mas logicamente consistentes com a ideia original — para demonstrar a sua completa insustentabilidade no mundo real. É aqui que a realidade corta a dimensão imaginativa do delírio como uma espada samurai.

Esta é a ferramenta definitiva para desprovar a ideologia de género, que se baseia na premissa de que a autoidentificação subjectiva tem primazia sobre a realidade biológica objectiva.

Premissa a ser testada: ""A identidade de uma pessoa é aquilo que ela declara ser.""

Multi aplicação esdrúxula:

Aplicação 1 (Biologia): Se a autoidentificação define a realidade, então um gato macho que se ""identifica"" como fêmea deveria ser capaz de gerar gatinhos. Um homem que se ""identifica"" como mulher deveria ser capaz de gestar um bebé ou de lactar. Como a realidade biológica impede categoricamente estas coisas, a premissa é demonstrada como falsa. Um homem pode disfarçar-se de mulher, mas nunca se tornará uma.

Aplicação 2 (Anomalia): Se a autoidentificação é o único critério, não há limite lógico. Uma pessoa pode identificar-se como uma árvore, um unicórnio ou um transformer. A sociedade deve validar estas ""identidades""? Se não, porquê? Se sim, em que ponto a identidade subjectiva se torna uma disfunção mental evidente, uma loucura? Esta ferramenta expõe que a ideologia de género não possui um princípio limitador, abrindo as portas para o absurdo total.

Aplicação 3 (Realidade Objectiva): O louco não tem o poder de impor a sua loucura à realidade. Se você se identificar como trilionário, a sua conta bancária não mudará. Se se identificar como um helicóptero de guerra, não sairá a voar e a disparar foguetes. A realidade tem um poder de veto impiedoso.

A multi aplicação esdrúxula é a demonstração prática de que certas ideias não são apenas erradas; elas são uma declaração de guerra contra a realidade. E nessa guerra, a realidade sempre vence.

Para o ajudar a identificar as falhas estruturais nos argumentos que levam a estas conclusões absurdas, é útil conhecer alguns tipos de falácias que servem de alicerce para muitos delírios modernos. Pense nelas como erros de engenharia no castelo de ideias do seu oponente:

A Analogia Fraca é uma das mais comuns. Ela acontece quando se comparam coisas superficialmente semelhantes, mas ignorando diferenças chave que invalidam a comparação. É como dizer que um carro é um ""cavalo de metal"" só porque corre rápido. A analogia parece inteligente, mas tente alimentá-lo com feno! Esta falácia é refutada ao expor que semelhanças parciais não provam uma identidade ou equivalência real.

Outra falha comum é a Composição Parcial, que ocorre quando se assume que as características de uma parte definem a natureza do todo. Por exemplo, se os seres humanos têm água no corpo, isso significa que somos ""poças ambulantes""? Obviamente não. Esta falácia é desarmada ao mostrar que o contexto, a estrutura e o propósito mudam completamente a natureza da coisa.

Por fim, temos o Non Sequitur, que em latim significa ""não se segue"". Acontece quando a conclusão de um argumento simplesmente não segue logicamente as premissas. É um salto no raciocínio. Por exemplo: ""Choveu, logo o meu time vai vencer o jogo"". Não há qualquer conexão lógica entre os dois eventos. Identificar um non sequitur é crucial, pois desarma argumentos que simplesmente pulam os passos do raciocínio, esperando que você não perceba o abismo lógico entre um ponto e outro.",3,10,"aplicação, esdrúxulo, anamórfico, hipérbole, falácia, realidade, gênero, biologia, loucura, delírio","A Loucura das Massas de Douglas Murray: Uma análise demolidora de como as políticas de identidade (LGBT, feminismo, raça) se baseiam em premissas que não resistem ao escrutínio da realidade e da lógica.

A Abolição do Homem de C.S. Lewis: Um livro profético que argumenta que a rejeição da lei natural e da realidade objetiva levará, em última análise, à desumanização do próprio homem.","A premissa ""a beleza é subjectiva"" é muito comum. Tente aplicar a ""multi aplicação esdrúxula"". Se a beleza é completamente subjectiva, então não há diferença objectiva entre uma sinfonia de Mozart e o som de unhas a arranhar um quadro negro?

Como esta ferramenta pode ser usada para analisar argumentos económicos, como a ideia de que o governo pode imprimir dinheiro infinitamente sem consequências?

Por que é que a aceitação social de uma ""loucura"" (uma premissa desligada da realidade) é tão perigosa para uma civilização?",,
4,lightbulb,A evolução do pensamento,Resgatando a arquitetura do saber que lhe foi roubada,"Após forjar as ferramentas e aprender as táticas do pensamento, chegamos a uma questão fundamental: como estas peças se encaixam? De onde elas vêm? Prepare-se, pois esta seção não é apenas uma aula de história. É um resgate. Vamos explorar como o saber foi organizado e transmitido ao longo da história, criando uma verdadeira arquitetura do conhecimento, e como essa arquitetura lhe foi deliberadamente negada.

O objetivo é demonstrar quão interligadas estão as funções do aprendizado: a absorção, a conexão, o uso prático e a replicação. Você entenderá que o estudo, em sua forma clássica, não era um acúmulo caótico de informações, mas uma jornada ordenada, um caminho de ascese intelectual projetado para formar não apenas um profissional, mas um ser humano completo.

Ao final, você perceberá que a educação moderna, especialmente no Brasil, não é apenas falha; ela é um projeto de demolição que o privou de uma herança de sabedoria construída por milénios. Esta seção é o mapa para você reclamar essa herança e entender a magnitude do que foi perdido.",4,1,"aprendizado, estudo, pensamento, trivium, quadrivium, artes liberais, saber, conhecimento, civilização",,,,
4.1,book,O Trivium,As três estradas para a verdade,"Vamos começar com uma pergunta direta: o que você realmente aprendeu na escola sobre como pensar? Ensinaram-lhe a memorizar fórmulas de Bhaskara, as capitanias hereditárias e a classificação das orações subordinadas. Mas ensinaram-lhe a estruturar um argumento, a identificar uma falácia num discurso de um político, a expressar as suas próprias ideias com clareza e poder?

Eu tive o privilégio de estudar num tempo diferente, numa instituição que ainda guardava os ecos de uma educação de verdade, o Colégio Pedro II, no Rio de Janeiro no final dos anos 80 e começo dos anos 90. Lá, a ênfase não era apenas no ""o quê"", mas no ""como"". A estrutura importava. A lógica era a espinha dorsal de tudo. O que eu não sabia na época é que esta educação era um resquício de um modelo muito mais antigo e poderoso: o Trivium.

O nome, em latim, significa ""o lugar onde três estradas se encontram"". Estas três artes, que formaram as maiores mentes da civilização ocidental por 1.500 anos, são os estágios para se dominar qualquer assunto:

A Gramática: É a arte de reunir e ordenar os fatos, de definir os termos. Responde à pergunta ""O que é isto?"". Antes de poder discutir sobre ""democracia"", você precisa saber o que a palavra significa, a sua história, as suas partes. Esta é a fase de absorção do conhecimento bruto.

A Lógica (ou Dialética): É a arte de analisar as relações entre esses fatos, de construir argumentos válidos e de identificar contradições. Responde à pergunta ""Isto é verdade ou mentira?"". É aqui que você pega os fatos da gramática e os testa, os questiona, os conecta.

A Retórica: É a arte de comunicar a verdade descoberta de forma bela e persuasiva. Responde à pergunta ""Como devo comunicar isto?"". É o momento de aplicar todo o seu conhecimento de forma eficaz no mundo.

Perceba que isto não é uma lista de matérias; é um processo. É o caminho natural do aprendizado. O sistema moderno de ensino atrofia este processo. Ele bombardeia-o com fatos desconexos (uma caricatura da Gramática), ignora quase por completo a Lógica e substitui a Retórica por uma mistura de opinião sentimental e militância ideológica. O resultado é a produção em massa de pessoas que sabem algumas coisas, mas não sabem o que fazer com elas. O Trivium cria um pensador soberano; o sistema atual cria um recitador de informações dependente.",4,2,"trivium, gramática, lógica, retórica, artes liberais, pensamento, verdade, conhecimento, estrutura","O Trivium: As Artes Liberais da Lógica, Gramática e Retórica de Irmã Miriam Joseph: A obra definitiva. Um estudo profundo e completo que é, em si, um curso sobre como pensar.

A Mente Bem Treinada de Susan Wise Bauer: Um guia prático moderno sobre como aplicar os princípios da educação clássica e do Trivium na formação dos seus filhos ou na sua própria autoeducação.","Analise a sua própria educação. Houve uma ênfase equilibrada nas três artes do Trivium, ou uma foi privilegiada em detrimento das outras (por exemplo, muita gramática de regras, mas pouca lógica ou retórica)?

Por que é que uma pessoa que domina apenas a retórica, sem a gramática (clareza) e a lógica (verdade), pode ser perigosa?

Como a estrutura de uma conversa ou de um debate muda quando os participantes dominam as três artes do Trivium?",,
4.2,book,O Quadrivium,As quatro estradas para a ordem do cosmos,"Agora, uma pergunta ainda mais provocadora. Seja honesto: você estudou grego, latim, filosofia, alemão, francês, geometria descritiva e música no primeiro grau? Parece uma formação de elite inatingível, reservada a príncipes europeus de séculos passados?

E se eu lhe contar que nem faz tanto tempo assim, nós ainda estudávamos deste jeito no Brasil? Eu estudei. No Colégio Pedro II, estas matérias não eram ""extras"", eram a base. Elas eram os resquícios de um modelo de educação ainda mais completo, o herdeiro do Trivium: o Quadrivium.

Se o Trivium nos ensina a ordenar o nosso mundo interior (o pensamento), o Quadrivium nos ensina a descobrir a ordem no mundo exterior (o cosmos). O nome significa ""o lugar onde quatro estradas se encontram"", e estas estradas são as artes matemáticas, que revelam a estrutura lógica e harmoniosa da criação: Aritmética (o número em si), Geometria (o número no espaço), Música (o número no tempo) e Astronomia (o número no espaço e no tempo).

Este conjunto, o Trivium mais o Quadrivium, formava as Sete Artes Liberais. Esta era a base da Universidade medieval. O conceito de ""universidade"" nasce aqui: um lugar para estudar o universal, as verdades que governam toda a realidade. E no Brasil, quem trouxe esta visão e a aplicou com uma eficácia espantosa foram os Jesuítas. A educação jesuíta formou por séculos uma elite intelectual e moral, ensinando desde a gramática latina até à filosofia e à teologia.

Então, o que aconteceu? Este modelo, que foi mantido em graus variados nos EUA, na Europa e no mundo ocidental, foi deliberadamente abolido, apagado e destruído no Brasil pelo MEC e por ideólogos da educação. O golpe final foi dado por figuras como Paulo Freire, cujo método representa a inversão perfeita do ideal clássico. Em vez de elevar o aluno à grandiosade do conhecimento acumulado pela civilização, o seu método reduz o conhecimento ao microcosmo do aluno, ao seu universo vocabular limitado. Em vez de dar ao pobre as chaves do castelo do saber, a sua pedagogia tranca-o na sua própria cela de ignorância, assegurando de o manter lá, inapto, imbecilizado e ingênuo para sempre.

A tradição do Didaskaleion, dos Capitulares de Carlos Magno, do saber Pitagórico e Aristotélico foi trocada por uma pedagogia da mediocridade que o treinou para ser um militante, e não um sábio.",4,3,"quadrivium, aritmética, geometria, música, astronomia, artes liberais, universidade, Paulo Freire, MEC","A República de Platão (Livro VII): Contém a famosa Alegoria da Caverna e a descrição da educação do filósofo-rei, que é a base para as Artes Liberais.

Ratio Studiorum: O documento que codificou o sistema de educação jesuíta. Pesquisar sobre ele é entender o nível de rigor e de integração do conhecimento que já tivemos no Brasil.

Pátria Educadora em Crise de Thomas Giuliano: Um livro contemporâneo que analisa a devastação causada pela pedagogia de Paulo Freire e seus seguidores na educação brasileira.","Por que é que o estudo da matemática e da música era considerado essencial para a formação de um filósofo ou de um teólogo na Idade Média? O que esta visão nos diz sobre a sua compreensão da realidade?

Se a educação que recebeu não seguiu a estrutura do Trivium e do Quadrivium, o que foi colocado no lugar? Quais eram os objetivos dessa outra forma de ""educação""?

Pesquise sobre a vida de um bandeirante ou de um diplomata do Império do Brasil. O nível de cultura, o domínio de línguas e a capacidade de raciocínio deles surpreendem-no, considerando que viveram há séculos? O que isso nos diz sobre o que perdemos?",,
4.3,book,Lógica complexa,A razão em movimento: do conhecido ao desconhecido,"Vamos agora desdobrar o entendimento da lógica para um nível mais profundo. No Trivium, aprendemos a lógica como a arte de estruturar um argumento. Agora, vamos entender como a própria razão opera para gerar conhecimento novo. Este é o processo em que a razão age sobre si mesma, movendo-se do que já é conhecido para o que ainda é desconhecido. É a mecânica do génio, que a educação clássica visava cultivar.

A filosofia clássica, especialmente a aristotélico-tomista, ensina que a nossa razão (ou intelecto) tem três atos fundamentais:

A Simples Apreensão (Inteligência dos Incomplexos): É o primeiro ato da mente. É quando o nosso intelecto ""vê"" e compreende a essência de uma coisa, formando um conceito. Quando você olha para várias cadeiras diferentes e o seu intelecto abstrai o conceito universal de ""cadeira"", ele está a realizar esta operação. Você entende o que uma cadeira é.

O Juízo (Composição e Divisão): É o segundo ato da mente. Aqui, o intelecto pega dois conceitos que já apreendeu e os une ou os separa, formando uma proposição que é ou verdadeira ou falsa. Por exemplo, você pega os conceitos ""homem"" e ""mortal"" e os compõe na afirmação: ""O homem é mortal."" (um juízo verdadeiro).

O Raciocínio: É aqui que a mágica acontece. Este é o terceiro ato da mente, o movimento do intelecto. A razão pega dois ou mais juízos que já sabe serem verdadeiros (as premissas) e, a partir da relação entre eles, chega a uma nova verdade (a conclusão) que antes não conhecia. O exemplo clássico é o silogismo:

Premissa 1 (Juízo conhecido): ""Todo tirano que subverte a lei natural é um mau governante.""

Premissa 2 (Juízo conhecido): ""O governante X subverteu a lei natural.""

Conclusão (Nova verdade descoberta): ""Logo, o governante X é um mau governante.""

Você nunca precisou de um ""especialista"" para lhe dizer a conclusão. A sua própria razão, operando logicamente sobre o que já conhecia, produziu um novo saber, um novo julgamento. Esta é a dignidade e o poder do pensamento humano. Não somos meros receptores de dados sensoriais; somos capazes de, através da lógica, transcender a experiência imediata e alcançar verdades universais. Entender este processo é entender o motor da filosofia, da ciência e de todo o avanço do conhecimento humano. A educação moderna, ao focar na memorização, atrofia este terceiro e mais importante ato da mente.",4,4,"lógica complexa, razão, intelecto, incomplexos, composição, silogismo, dedução, indução, saber","Suma Teológica de São Tomás de Aquino (Primeira Parte, Questão 85): Uma análise profunda e detalhada sobre os modos do conhecimento intelectual.

Comentário ao ""Da Interpretação"" de Aristóteles de São Tomás de Aquino: Uma obra dedicada a explicar o segundo ato da mente, o juízo e a proposição.","Tente formular um silogismo simples sobre um tema do seu dia a dia. Identifique claramente as duas premissas e a conclusão que deriva delas.

Quando você tem uma ""intuição"" ou um ""insight"" sobre um problema, isso é um ato da razão? Tente decompor o processo: quais foram os conhecimentos prévios (premissas) que a sua mente pode ter combinado para chegar àquela nova conclusão?

Por que é que a capacidade de raciocinar (ir do conhecido ao desconhecido) é a base de toda a capacidade de planeamento, estratégia e inovação?",,
5,templar_shield,De onde surge o Brasil?,A epopeia de uma civilização,"Até agora, forjámos as armas do pensamento. Aprendemos a lógica, a gramática, a retórica. Agora, vamos usar este arsenal para a batalha mais importante: o resgate da nossa própria identidade. E para isso, precisamos de responder à pergunta fundamental: De onde surge o Brasil?

A resposta que lhe deram na escola é, muito provavelmente, uma mentira. Uma mentira bem construída, repetida por gerações, que nos diz que nascemos da ganância, da exploração e do acaso. Uma narrativa que pinta os nossos antepassados como vilões e a nossa história como uma sucessão de vergonhas. O objetivo desta narrativa é claro: criar em si uma crise de identidade, um desprezo pelas suas próprias raízes, para o tornar um cidadão apático, sem orgulho e facilmente manipulável.

A verdade é imensamente maior, mais nobre e mais heróica. O Brasil não é um acidente. É o resultado de uma saga de mil anos, a continuação de uma epopeia da civilização ocidental e cristã. É uma história de santos e guerreiros, de navegadores e missionários, de uma luta constante para construir a ordem e dilatar a fé num mundo hostil.

Nesta seção, vamos viajar no tempo. Vamos regressar à realidade medieval, entender o espírito das Cruzadas e da Reconquista, testemunhar o nascimento de Portugal e o rasgar dos oceanos. Vamos desconstruir os mitos e apresentar as personalidades e os fatos que a história oficial fez questão de apagar. Prepare-se para descobrir que a sua herança é muito mais rica e digna do que alguma vez imaginou.",5,1,"Brasil, história, civilização, ocidente, Portugal, fé, monarquia, identidade, resgate","História de Portugal de Alexandre Herculano: Uma obra monumental e clássica, essencial para entender a formação do espírito português, as suas lutas e a sua vocação.

A Formação da Civilização Ocidental de Christopher Dawson: Um livro fundamental para compreender que a base da nossa civilização não é primariamente económica ou política, mas religiosa e cultural.","Qual é a primeira imagem ou sentimento que lhe vem à mente quando pensa na ""História do Brasil""? É um sentimento de orgulho, vergonha, indiferença? Porquê?

Liste três ""heróis"" do Brasil que aprendeu na escola. Agora, pesquise sobre eles em fontes que não sejam os livros didáticos. A história que encontra é a mesma?

Se a história de um povo define a sua identidade, que tipo de identidade a história ""oficial"" tenta construir para o brasileiro?",,
5.1,shield,O Berço Medieval,A luta pela Ordem num mundo em chamas,"Para entender a origem de Portugal e, consequentemente, do Brasil, não podemos começar em 1500. Precisamos de recuar quase mil anos, a um mundo forjado a ferro, fogo e fé: a Idade Média. Após a queda do Império Romano do Ocidente no século V, a Europa mergulhou num período de caos. As estruturas políticas ruíram, as estradas tornaram-se perigosas, o conhecimento antigo perdeu-se. No meio desta desordem, uma única instituição permaneceu de pé, como uma fortaleza: a Igreja Católica.

Foi a Igreja que preservou a filosofia grega e o direito romano nos seus mosteiros. Foram os monges que ensinaram os povos bárbaros a cultivar a terra e a organizar a sociedade. Foi a fé cristã que deu a um continente fragmentado uma identidade comum: a Cristandade.

Esta nova civilização, no entanto, nasceu sob ameaça. No século VII, o Islã expandiu-se de forma explosiva a partir da Arábia, conquistando vastos territórios cristãos no Norte de África e no Médio Oriente, incluindo a Terra Santa. Em 711, atravessaram o Estreito de Gibraltar e conquistaram quase toda a Península Ibérica.

A Cristandade estava cercada. É neste contexto de cerco e de perseguição que nascem dois movimentos fundamentais:

As Cruzadas: Ao contrário da propaganda moderna que as pinta como ""guerras de agressão"", as Cruzadas foram, na sua essência, uma resposta defensiva. Foram expedições militares convocadas pelo Papa para proteger os peregrinos cristãos que eram atacados e mortos a caminho de Jerusalém e para tentar recuperar os territórios que haviam sido cristãos durante séculos. Ordens como os Templários surgiram como uma elite militar-monástica, monges-guerreiros cuja missão era proteger os fiéis.

A Reconquista: Na Península Ibérica, a luta foi ainda mais longa e existencial. Durante quase 800 anos, os pequenos reinos cristãos que resistiram no norte da península lutaram para reconquistar o seu próprio território das mãos dos mouros. Esta não era uma guerra política; era uma guerra de sobrevivência civilizacional.

É deste cadinho de fé e luta, deste espírito de cruzada e reconquista, que nascerá uma nação forjada para o combate e destinada à expansão. Uma nação chamada Portugal. O Brasil não nasceu da ganância de mercadores, mas do espírito de guerreiros que lutavam há séculos pela Cruz.",5,2,"idade média, cruzadas, reconquista, templários, Roma, cristandade, fé, ordem, civilização","As Cruzadas Vistas pelos Árabes de Amin Maalouf: Oferece uma perspectiva diferente e importante para entender a complexidade do conflito, embora deva ser lido com um olhar crítico.

God's Battalions: The Case for the Crusades de Rodney Stark: Um trabalho académico que desmente muitos dos mitos modernos sobre as Cruzadas, usando fontes históricas para mostrar a sua natureza primariamente defensiva.","Compare a imagem que você tinha das Cruzadas e da Idade Média (""Idade das Trevas"") com a descrição de uma civilização que lutava pela sua sobrevivência. De onde veio a sua imagem original?

A ideia de um ""monge-guerreiro"" como um Templário parece-lhe contraditória? O que esta figura nos diz sobre a mentalidade medieval e a relação entre fé e ação?

Se a Europa não tivesse resistido militarmente, qual seria a configuração religiosa e cultural do mundo ocidental hoje?",,
5.2,shield,"Portugal, a Lança da Cristandade",O nascimento de uma nação predestinada,"No meio da longa e árdua Guerra da Reconquista na Península Ibérica, surge um herói que personifica a alma da futura nação portuguesa: Dom Afonso Henriques. Ele não era apenas um senhor feudal a lutar por terras; ele era um guerreiro da fé que, segundo a tradição, teve uma visão de Cristo antes da Batalha de Ourique, prometendo-lhe a vitória e um reino. Em 1139, ele funda o Reino de Portugal.

Portugal nasce, portanto, como uma lança apontada contra os inimigos da fé. A sua missão original não era ser mais um reino europeu, mas ser a vanguarda da Cristandade. É por isso que ordens como os Templários encontram em Portugal um refúgio e um papel central. Mesmo após a sua supressão no resto da Europa, em Portugal eles são reformados como a Ordem de Cristo, e é a sua cruz que estampará as velas das caravelas.

Enquanto Portugal se forjava na luta, o resto da Europa passava por uma transformação profunda. O chamado ""Renascimento"" e o ""Iluminismo"" são frequentemente apresentados como a ""saída da escuridão"" da Idade Média. Esta é uma simplificação perigosa. Embora tenham trazido avanços nas artes e nas ciências, estes movimentos também plantaram as sementes da desordem ao colocar o homem no centro de tudo, substituindo a teologia e a filosofia clássica por um humanismo que, no seu extremo, levaria à Revolução Francesa.

A Revolução Francesa, vendida como um marco da ""liberdade, igualdade e fraternidade"", foi na verdade um banho de sangue, o primeiro grande genocídio da era moderna. Os Jacobinos, sentados à esquerda no parlamento, guilhotinaram nobres, padres e camponeses em nome de uma utopia abstrata. Ela não foi uma revolução do povo, mas de uma elite intelectual que desprezava a fé e a tradição. As guerras Napoleónicas que se seguiram foram a tentativa de exportar esta revolução para toda a Europa, afogando o continente em conflito.

É neste mundo caótico, onde a Europa se consumia em guerras ideológicas, que Portugal, protegido pela sua fé e pela sua localização geográfica, se volta para o mar. A missão da Reconquista em terra estava completa. Agora, a missão continuaria no oceano. As Grandes Navegações não foram primariamente uma aventura comercial; foram a continuação da Cruzada por outros meios.",5,3,"Portugal, Afonso Henriques, reconquista, templários, navegações, renascimento, iluminismo, revolução francesa","História dos Templários de Marion Melville: Um relato detalhado sobre a história da ordem, incluindo o seu papel crucial em Portugal.

Reflexões sobre a Revolução na França de Edmund Burke: Escrito no início da revolução, é uma crítica profética e demolidora que previu o terror e a tirania que resultariam da destruição da ordem tradicional.","A ideia de uma nação nascer de uma missão divina parece-lhe estranha hoje? O que as nações modernas colocam no lugar dessa missão?

Por que é que movimentos que prometem um ""paraíso na Terra"" (como a Revolução Francesa ou o Comunismo) frequentemente acabam em violência e tirania em massa?

Se Portugal tivesse sido absorvido pela Espanha durante a Reconquista, como a história da América do Sul seria diferente?",,
5.3,shield,As Grandes Navegações,A Cruzada sobre as Ondas,"Após forjar a sua identidade na Reconquista, Portugal voltou-se para o mar. Mas porquê? A história que lhe contaram na escola provavelmente resume-se a uma única palavra: ouro. Uma busca gananciosa por riquezas. Esta é uma mentira infantil que serve para rebaixar um dos maiores feitos da história humana a uma mera transação comercial. A verdade, como sempre, é infinitamente mais complexa e nobre.

Pense nisto: se você precisa de ter fé para montar uma empresa, imagine para montar um país inteiro. O que motivou estes homens a lançarem-se em cascas de noz de madeira num oceano desconhecido, enfrentando monstros marinhos, fome, sede e a morte certa? Foi um desejo mesquinho por metal amarelo? Ou foi algo maior?

Nos documentos oficiais da Coroa Portuguesa, a motivação é explícita e dupla. Eles usam o termo: ""dilatar a nossa santa fé e fazer comércio"". Note a ordem. A missão espiritual vem primeiro. As navegações eram entendidas como uma nova cruzada. A luta contra os mouros tinha terminado em terra; agora, ela continuaria sobre as ondas, levando o Evangelho a povos que nunca o tinham ouvido.

O centro nevrálgico desta operação não era um banco, mas um mosteiro: o Convento de Cristo, em Tomar. Era lá que a antiga Ordem dos Templários, reformada como Ordem de Cristo, formava os líderes desta expansão. Eles não formavam meros marinheiros, mas homens de fibra, treinados em teologia, estratégia militar, economia e navegação. Homens como Pedro Álvares Cabral.

Quer uma prova irrefutável da prioridade destes homens? Olhe para a primeira ação de Cabral ao avistar a terra que seria o Brasil. Diante de privações, após semanas no mar, a primeira coisa que o capitão ordena não é a tomada de posse em nome do Rei, não é a busca por riquezas. A primeira coisa que ele pede é que se reze uma missa.

A carta de Pero Vaz de Caminha descreve o espanto: para tudo, vamos primeiro agradecer a Deus. Os índios aproximam-se, observam, e imitam os gestos dos portugueses, ajoelhando-se. Para aqueles homens, aquele momento não era uma descoberta geográfica; era um ato litúrgico, o encontro de dois mundos sob o olhar de Deus.

Claro que o comércio era fundamental. Como vimos, nenhuma grande obra se faz sem recursos. Era preciso financiar as esquadras, pagar os homens (muitas vezes adiantado, pois não havia garantia de retorno), equipar os navios. Era um investimento de altíssimo risco. Sem uma motivação sobrenatural, sem uma visão de fé, nenhum homem sensato arriscaria a vida e a fortuna numa empreitada tão incerta.

Para entender a magnitude do que eles fizeram, pense no equivalente hoje. Pense num Elon Musk com a SpaceX, a mirar em Marte. A narrativa não é apenas sobre ""fazer negócios no espaço"". É sobre tornar a humanidade uma espécie multiplanetária, sobre preservar a consciência e a vida. É um projeto civilizacional. As Grandes Navegações foram o ""programa espacial"" do século XV. Foi a criação máxima de Deus, o Homem, a usar a sua inteligência e coragem para conquistar o último domínio desconhecido, o oceano, movido por um ideal que transcendia a mera existência terrena. O Brasil não foi um acidente comercial. Foi um dos capítulos mais gloriosos desta epopeia da fé.",5,4,"navegações, cruzada, Ordem de Cristo, fé, comércio, Cabral, missa, evangelização, SpaceX, herança","A Carta de Pero Vaz de Caminha: Leia o documento fundador do Brasil na íntegra. É um texto curto e revelador. Observe a prioridade dada aos assuntos da fé e o olhar de maravilhamento, e não de cobiça, sobre a nova terra e o seu povo.

Príncipe Henrique o Navegador de Peter Russell: Uma biografia detalhada sobre o homem que foi o grande arquiteto das navegações portuguesas, mostrando a sua profunda piedade e a sua visão cruzadista.

Os Lusíadas de Luís de Camões: A epopeia nacional portuguesa. É uma obra de poesia, mas que capta perfeitamente o espírito heróico, trágico e missionário das navegações.","Se a motivação principal dos portugueses fosse apenas ""roubar o ouro"", por que é que eles gastariam imensos recursos a construir igrejas, mosteiros, cidades e a criar gramáticas para as línguas indígenas, como fez São José de Anchieta?

Compare o método de expansão português, baseado na miscigenação e na evangelização (com todos os seus defeitos e virtudes), com o método inglês na América do Norte, baseado na separação e no extermínio sistemático das tribos indígenas. Por que é que esta comparação raramente é feita na escola?

A fé é hoje vista como uma motivação válida para grandes feitos históricos, ou a análise moderna tenta reduzir tudo a fatores económicos e de poder? Por que é que isso acontece?",,
5.4,shield,A Alma do Brasil: Miscigenação e Integração,A mentira do genocídio e a verdade da aliança,"Uma das narrativas mais venenosas e persistentes que lhe ensinaram é a de que o Brasil foi fundado sobre um genocídio, que os portugueses chegaram aqui para dizimar os indígenas. Se isto fosse verdade, a pergunta óbvia é: de onde veio a vasta maioria do povo brasileiro? A realidade, visível no rosto da nossa gente, desmente esta mentira.

O grande sociólogo Gilberto Freyre, em sua obra-prima Casa-Grande & Senzala, identificou a verdadeira força de Portugal no Brasil: a miscigenação. Ao contrário de outras colonizações, como a inglesa, que se baseou na segregação e no extermínio, a expansão portuguesa deu-se em grande parte pelos casamentos e pelas alianças.

Longe de serem vítimas passivas, muitos líderes indígenas viram na aliança com os portugueses e na fé cristã uma oportunidade de ascender a uma civilização maior. As histórias são extraordinárias:

Caramuru (Diogo Álvares): Um náufrago português em Salvador, prestes a ser devorado por uma tribo canibal. Ao usar um arcabuz para se defender, é visto como um Deus, o ""filho do trovão"". Ele não se torna um tirano; casa-se com a filha do cacique, Paraguaçu, que se torna a primeira cristã da sua tribo, batizada na França com a Rainha Catarina de Médici como madrinha. O primeiro casal do Brasil moderno é um português e uma indígena.

Tibiriçá: O grande cacique de São Paulo que se aliou aos jesuítas, protegeu a recém-nascida vila e deu a sua filha, Bartira, em casamento a João Ramalho. A Rainha Sílvia da Suécia é uma das suas descendentes. O sangue indígena brasileiro corre num trono europeu.

Arariboia (Martim Afonso): Um herói da fundação do Rio de Janeiro. Liderou os seus guerreiros para expulsar os invasores franceses, movido pela fé, após ter uma visão de São Sebastião em batalha. Em reconhecimento, o Rei de Portugal não lhe deu espelhos; deu-lhe a mais alta comenda da coroa, a Cruz da Ordem de Cristo, e o elevou à nobreza.

Claro que houve conflitos, abusos e violência, como em toda a história humana. Mas a narrativa central não é a de um genocídio, mas sim a de um encontro complexo que forjou uma nova civilização. A prova disso é você.",5,5,"miscigenação, integração, genocídio, Arariboia, Tibiriçá, Caramuru, Gilberto Freyre, heróis indígenas","Casa-Grande & Senzala de Gilberto Freyre: A obra fundamental para entender a formação miscigenada e patriarcal da sociedade brasileira.

A Fundação do Brasil de Pedro Calmon: Um relato histórico detalhado que narra as primeiras décadas da colonização, destacando as alianças e os conflitos.","Se a história oficial fosse a de heróis indígenas católicos que fundaram cidades e se tornaram nobres, como isso mudaria a sua percepção sobre a identidade brasileira?

Por que é que a narrativa do ""genocídio"" e da ""exploração"" é mais útil para certas ideologias políticas do que a história real da miscigenação e da aliança?

Pesquise a história da sua própria família. Existem raízes indígenas, portuguesas, africanas? Como a sua história pessoal reflete a história do Brasil?",,
5.5,shield,"O Mito do ""Roubaram Nosso Ouro""",Entendendo a economia de um império,"Juntamente com a mentira do genocídio, vem o grito de guerra dos ignorantes: ""Os portugueses roubaram nosso ouro!"". Esta frase revela um desconhecimento profundo sobre economia, logística e a própria história. Vamos desconstruir este mito.

Primeiro, a logística. A ideia de encher navios de madeira com barras de ouro e atravessar um oceano infestado de piratas é uma fantasia. O peso afundaria as caravelas e o risco de roubo seria altíssimo. piratas, deserção, falsas alianças e corrupções das potências mundiais certamente tornaram isso impossível, o risco sequer compesava. O comércio principal entre Brasil e Portugal, como hoje entre nações, era de artigos de luxo e de alto valor agregado, que têm uma margem de lucro alta e são mais fáceis de transportar.

Segundo, os custos. Fundar uma civilização num território continental e selvagem custa uma fortuna. Construir cidades, fortes, igrejas, estradas, administrar a justiça e defender as fronteiras exigia um investimento colossal. Para onde foi a maior parte do ouro extraído em Minas Gerais? Ficou em Minas Gerais. A prova está aí, para quem quiser ver, na opulência das igrejas barrocas de Ouro Preto e Mariana, na arquitetura de Vila Rica, uma cidade que, no século XVIII, era mais rica e próspera que a Nova Iorque da mesma época.

Terceiro, a economia. O sistema jurídico da época, as Ordenações Filipinas, promovia uma economia ágil e descentralizada. O poder estava nos municípios. A carga tributária era baixíssima para os nossos padrões. A famosa ""Inconfidência Mineira"" foi uma revolta contra uma proposta de imposto de 20% (o ""quinto""). Hoje, 20% seria considerado um paraíso fiscal, e nós pagamos o dobro ou o triplo disso sem nos revoltarmos.

Um amigo meu, a brincar, disse uma vez: ""Todo o ouro que dizem que Portugal levou equivale a um ou dois dias de produção da Vale."" A narrativa do ""roubo"" serve para criar uma mentalidade de vítima, para nos fazer crer que a nossa pobreza é culpa de um pecado original histórico, e não das péssimas decisões e da corrupção sistémica que vieram depois, especialmente com a República.",5,6,"ouro, economia, império, Vila Rica, prosperidade, imposto, Vale, descentralização, municipalismo","Cultura e Opulência do Brasil por suas Drogas e Minas de André João Antonil (pseudónimo de um jesuíta italiano): Um relato detalhado, escrito em 1711, sobre a economia do açúcar e do ouro no Brasil, mostrando a sua complexidade e a riqueza que gerava internamente.

O Continente de Érico Veríssimo: Embora seja ficção, a saga da família Terra Cambará no Rio Grande do Sul ilustra de forma magistral o poder do municipalismo e a formação de elites locais que construíram o Brasil longe do poder central.","Visite (mesmo que virtualmente) as igrejas barrocas de Minas Gerais. Aquela riqueza toda foi construída para ser ""levada para Portugal"" ou para glorificar a Deus e demonstrar o poder e a prosperidade local?

Se um político hoje propusesse um imposto único e fixo de 20% sobre a renda, como o ""quinto"", ele seria visto como um opressor ou um libertador económico?

A mentalidade de que ""alguém levou o nosso ouro"" nos torna mais ou menos responsáveis pelo nosso próprio futuro económico?",,
5.6,shield,"Império, não colônia",A verdadeira estrutura do Brasil português,"A palavra ""colônia"" é talvez a maior distorção histórica que nos foi imposta. Quando a ouvimos, imaginamos um território explorado, sem direitos, governado por estrangeiros para o benefício exclusivo da metrópole. Esta descrição pode servir para algumas colônias inglesas ou belgas na África, mas ela não se aplica à relação entre Portugal e o Brasil.

A verdade é que o termo ""colônia"" raramente era usado na época. O Brasil não era visto, nem juridicamente nem culturalmente, como uma possessão inferior. A sua evolução de status prova isso:

Principado do Brasil: Um termo que equiparava o Brasil ao País de Gales em relação à Inglaterra. O herdeiro do trono português era o ""Príncipe do Brasil"", assim como o herdeiro britânico é o ""Príncipe de Gales"". Isto denota uma união, não uma subjugação.

Reino Unido de Portugal, Brasil e Algarves: Em 1815, Dom João VI eleva o Brasil à condição de Reino Unido, tornando o Rio de Janeiro a capital de um império tricontinental. Um império cuja capital estava na ""colônia""? A ideia é absurda.

A prova mais concreta desta unidade era a lei. As Ordenações Manuelinas e depois as Filipinas, que eram o código legal do reino, vigoravam igualmente em Lisboa e em Salvador. O que era crime lá, era crime aqui. Os direitos e deveres eram os mesmos. Não havia uma diferença de nomenclatura. Ninguém se dizia ""brasileiro"" em oposição a ""português"". Falava-se de ""portugueses de Além-Mar"" ou ""portugueses do Brasil"". Eram todos súbditos do mesmo rei, sob a mesma lei.

A ideia de um Brasil ""colônia"" só foi popularizada no século XIX, justamente pelos mesmos grupos liberais e positivistas que queriam destruir a monarquia. Era uma ferramenta de propaganda, necessária para criar uma narrativa de ""libertação"" e justificar a ruptura que eles desejavam.

A realidade é que o Brasil era a joia da coroa, a parte mais importante e rica do império, para a qual convergiam os maiores investimentos e as maiores atenções. Éramos o centro, não a periferia.",5,7,"império, colônia, principado, Reino Unido, Ordenações, lei, identidade, português de além-mar, nação","Pesquisar sobre as Ordenações Filipinas: Ler sobre a sua estrutura jurídica, que vigorou no Brasil até 1916, é entender a profundidade e a estabilidade do sistema legal que herdámos.

1808 de Laurentino Gomes: Embora o autor não partilhe da nossa cosmovisão, o livro é uma excelente reportagem sobre a transferência da corte portuguesa para o Rio de Janeiro e a subsequente transformação do Brasil no centro do império.","Se o Brasil era apenas uma ""colónia de exploração"", por que é que a Coroa Portuguesa investiu tanto na criação de universidades, bibliotecas, teatros e jardins botânicos no Rio de Janeiro?

Um amigo seu de Macau disse-lhe: ""Eu sou português da China e você é português do Brasil."" Como esta frase resume a verdadeira identidade do antigo império?

Como a ideia de sermos ""ex-colónia"" afeta a nossa autoestima nacional e a nossa forma de nos relacionarmos com o mundo hoje?",,
5.7,shield,A Vinda da Família Real,A manobra de génio que enganou Napoleão,"A vinda da Família Real para o Brasil em 1808 é retratada na filmografia e nos livros didáticos como uma fuga covarde. Dom João VI é pintado como um glutão indeciso a comer coxinhas de frango enquanto fugia com o rabo entre as pernas. Esta é uma caricatura grotesca que serve para humilhar a nossa história. A verdade é que esta foi uma das manobras geopolíticas mais geniais e heterodoxas da história.

Vamos ao contexto: Napoleão Bonaparte era o senhor da Europa. Tinha derrotado todos os grandes exércitos do continente. A única nação que lhe resistia era a Inglaterra, protegida pelo seu poder naval. Napoleão então decreta o Bloqueio Continental, proibindo qualquer país europeu de comerciar com os ingleses, sob pena de invasão.

Portugal, o mais antigo aliado da Inglaterra, encontra-se numa situação impossível. Se rompesse com a Inglaterra, a sua marinha seria destruída. Se não rompesse, o exército de Napoleão invadiria. O que fazer?

A solução de Dom João VI foi de uma audácia impensável para a mente convencional de Napoleão: ele não escolheu nem um lado nem o outro. Ele moveu o eixo do seu império. Com a escolta da marinha inglesa, ele transferiu toda a corte, o tesouro e o aparato estatal para a parte mais rica e segura do seu reino: o Brasil.

Napoleão ficou furioso. No seu diário, ele lamentaria ter sido enganado ""pelo idiota do Bragança"". O fato é que Dom João, o ""idiota"", foi o único monarca europeu que Napoleão não conseguiu nem capturar nem vergar. Enquanto os reis de Espanha eram humilhados e feitos prisioneiros, o rei de Portugal governava livremente a partir do Rio de Janeiro, a nova capital de um império global.

Esta decisão não foi um improviso. A ideia de mover a capital para o Brasil já era discutida há séculos, pois era evidente que este território continental, rico e protegido, era o futuro do mundo lusófono. A ameaça de Napoleão foi apenas o catalisador que transformou o plano em realidade. A vinda da Família Real não foi uma fuga; foi a mais profunda e estratégica afirmação da vocação do Brasil como centro de uma grande civilização.",5,8,"Dom João VI, família real, Napoleão, guerras napoleónicas, Rio de Janeiro, império, estratégia, Portugal","D. João VI no Brasil de Oliveira Lima: Considerada a biografia definitiva do monarca, resgata a sua figura como um estadista astuto e visionário, responsável por modernizar o Brasil.

Napoleão: Uma Vida de Andrew Roberts: Uma biografia monumental que, embora focada no imperador francês, permite entender a escala do seu poder e, por contraste, a genialidade da manobra portuguesa.","Compare a atitude de Dom João VI com a dos outros reis europeus que se submeteram a Napoleão. O que a sua decisão nos diz sobre o seu caráter e a sua visão estratégica?

Imagine o impacto cultural e psicológico de, da noite para o dia, a sua cidade se tornar a capital de um império europeu. Como isso transformou o Rio de Janeiro e o Brasil?

A capacidade de encontrar uma ""terceira via"" heterodoxa para um problema aparentemente sem solução (como fez Dom João) é uma característica que ainda vê no povo brasileiro hoje?",,
5.8,shield,O Início da Decadência: Marquês de Pombal,O déspota que declarou guerra à alma do Brasil,"Se a vinda da Família Real foi um sopro de esperança, ela veio remediar uma ferida profunda que já tinha sido aberta na alma do Império. O Brasil próspero, descentralizado e com a melhor educação das Américas começou a ruir décadas antes, por obra de um homem: Sebastião José de Carvalho e Melo, o Marquês de Pombal.

Pombal era primeiro-ministro do rei Dom José I, um monarca fraco e playboy que delegou o governo ao seu ministro. E Pombal era um homem obcecado por poder, imbuído das novas ideias anticlericais e centralizadoras da maçonaria e do iluminismo radical. Ele via a ordem tradicional portuguesa – a força dos municípios, a influência da nobreza e, acima de tudo, o poder educativo da Igreja – como obstáculos ao seu projeto de um estado absoluto e secular.

As suas ações foram devastadoras para o Brasil:

A Expulsão dos Jesuítas (1759): Esta foi a sua obra-prima de destruição. As escolas jesuítas, como vimos, eram sinónimo de excelência. De um dia para o outro, Pombal expulsou a ordem, fechou as escolas e confiscou os seus bens. O Brasil ficou órfão de um sistema educacional. O hiato de conhecimento e a crise de formação de elites que vivemos hoje começaram aqui.

A Centralização do Poder: Pombal combateu ferozmente o municipalismo, a força dos governos locais. Ele queria concentrar todo o poder em Lisboa, nas suas mãos. Isso criou a tradição burocrática e centralizadora que se tornou uma das nossas maiores maldições.

A Perseguição Brutal: Pombal não hesitava em usar o terror. Quando a família Távora, uma das mais nobres de Portugal, se opôs a ele, ele acusou-os falsamente de uma tentativa de regicídio e executou-os publicamente com uma crueldade medieval. Quando o missionário jesuíta Padre Malagrida, um homem com fama de santidade que havia trabalhado 30 anos no Brasil, o criticou, Pombal manipulou a Inquisição para o condenar por heresia e o executou no garrote vil, queimando o seu corpo em praça pública.

O reinado de Pombal foi um cancro. Ele suprimiu a arquitetura manuelina em favor de um estilo ""chã"" (reto e sem alma), atacou os valores tradicionais e plantou as sementes da crise que levaria à Revolução do Porto e, eventualmente, à fratura do império. Muitos dos problemas que enfrentamos hoje — um estado inchado, uma educação deficiente e um desprezo pela nossa herança — são heranças diretas deste déspota.",5,9,"Marquês de Pombal, despotismo, jesuítas, educação, maçonaria, centralização, Malagrida, Távora, decadência","O Marquês de Pombal e a Supressão da Companhia de Jesus de Justo L. González: Um estudo sobre as motivações políticas e ideológicas por trás da expulsão dos jesuítas.

A Missão (Filme de 1986): Embora ficcional e retratando as missões na fronteira com o Paraguai, este filme capta de forma brilhante o espírito do trabalho jesuíta com os indígenas e a brutalidade das forças políticas (representadas por Pombal) que os destruíram.","Por que é que o primeiro passo de todo o tirano ou revolucionário é atacar o sistema educacional?

A figura de Pombal, um ""modernizador"" que usa a violência do Estado para impor o ""progresso"", encontra paralelos na história do Brasil ou do mundo no século XX?

Se os jesuítas não tivessem sido expulsos, como você imagina que a sociedade, a cultura e a política no Brasil do século XIX teriam se desenvolvido?",,
5.9,shield,A Independência como Contenção de Danos,O Grito que salvou a Monarquia,"Chegamos a 1822. O Sete de Setembro. A data é celebrada como o nascimento de uma nação livre, o grito heroico de um povo que se liberta do jugo português. Esta é uma meia-verdade, e por isso, uma mentira inteira. A Independência do Brasil não foi primariamente um ato de libertação, mas uma contenção de danos.

Para entender, precisamos de olhar para Portugal. Em 1820, estoura a Revolução Liberal do Porto, liderada pelas mesmas forças maçónicas e jacobinas (inspiradas na Revolução Francesa) que já minavam a monarquia. Eles forçam o regresso de Dom João VI a Portugal, não como rei soberano, mas como refém de uma constituição liberal que visava destruir a tradição e o poder da Coroa e da Igreja. As Cortes em Lisboa queriam rebaixar o Brasil novamente à condição de simples província, desfazendo todo o progresso alcançado.

Neste cenário, o que Dom Pedro I faz no Brasil não é um ato de rebeldia contra o seu pai ou contra Portugal, mas um ato de lealdade à monarquia. Ele percebe que o governo em Portugal foi sequestrado por revolucionários. A Independência foi a única manobra possível para salvar a monarquia e a herança dos Bragança no seu território mais importante, o Brasil, impedindo que este caísse na mesma balbúrdia.

Por que não comemoramos a data com o mesmo fervor que a narrativa oficial exige? Porque ela é o símbolo de uma fratura trágica. Não celebramos a amputação de um membro para salvar o corpo. Foi um ato necessário, talvez, mas nascido de uma crise, da perda do controlo sobre a metrópole. O sonho de um império tricontinental, com capital no Rio de Janeiro, morreu ali. A Independência não foi um ato de maldade, mas o resultado de uma falha anterior: a incapacidade de suprimir a rebelião revolucionária no Porto.",5,10,"independência, Dom Pedro I, Revolução do Porto, contenção de danos, monarquia, Portugal, jacobinos, maçonaria","História dos Fundadores do Império do Brasil de Otávio Tarquino de Sousa: As biografias detalhadas escritas por este grande historiador são essenciais para entender as motivações e o caráter dos homens que viveram este período.

1822 de Laurentino Gomes: Novamente, apesar da visão do autor, o livro oferece uma excelente compilação de fatos e do contexto da época, que pode ser lida com o ""filtro"" da verdadeira história.","Se a Independência foi uma ""contenção de danos"", quem ou o quê era o ""dano"" a ser contido?

Compare esta visão da Independência com a narrativa de ""libertação contra a opressão"" que aprendeu na escola. Qual delas parece mais consistente com os fatos históricos que apresentamos?

A decisão de Dom Pedro I foi mais benéfica para o Brasil ou para Portugal a longo prazo?",,
5.10,shield,As Duas Faces de Dom Pedro I,O herói do Brasil e o algoz de Portugal,"A figura de Dom Pedro I é uma das mais trágicas e complexas da nossa história. No Brasil, ele é o Imperador, o herói da Independência. Mas a sua história não termina aqui. Após abdicar do trono brasileiro em favor do seu filho, ele regressa a Portugal, onde a sua atuação será desastrosa.

Em Portugal, o seu irmão, Dom Miguel, liderava a resistência tradicionalista e católica contra a Revolução Liberal do Porto. Era uma guerra civil entre os defensores da monarquia tradicional portuguesa e os revolucionários que queriam impor uma constituição maçónica.

E de que lado Dom Pedro luta? Tragicamente, ele alia-se aos liberais, aos maçons e a todos os inimigos da Coroa para derrotar o seu próprio irmão. Independentemente do argumento jurídico sobre quem era o herdeiro legítimo, o fato é que Dom Pedro escolheu o lado da revolução para tomar o poder.

Ao vencer Dom Miguel, Dom Pedro (agora Pedro IV de Portugal) entrega o país nas mãos dos seus piores inimigos. O seu ministro, que ficou conhecido como ""Mata-Monges"", promove uma perseguição religiosa brutal. Em 1834, ele suprime todas as ordens religiosas em Portugal. Hospitais e escolas geridos pela Igreja entram em ruína. A Ordem de Cristo, a mesma que fundou o Brasil, é fechada.

Dom Pedro I salvou a monarquia no Brasil, mas, por ironia do destino, foi o instrumento que destruiu a monarquia tradicional em Portugal, abrindo caminho para um século de instabilidade, corrupção (a época do ""devorismo"") e decadência, que culminaria no assassinato do rei em 1908 e na proclamação de uma república maçónica em 1910. A história de Dom Pedro I é a história de um homem que, talvez intoxicado por ideias liberais, acabou por destruir a própria herança que um dia salvou.",5,11,"Dom Pedro I, Dom Miguel, liberais, guerra civil, Mata-Monges, Ordem de Cristo, Portugal, tragédia","Dom Miguel I e a sua Época de Ângelo Pereira: Uma biografia que resgata a figura de Dom Miguel, não como um ""absolutista"", mas como o defensor da tradição portuguesa contra a revolução.

História de Portugal de Joaquim Veríssimo Serrão: Uma obra de referência que detalha o período conturbado das guerras liberais e as suas desastrosas consequências para a nação portuguesa.","Como pode um mesmo homem ser um herói num país e uma figura tão destrutiva noutro? O que isso nos diz sobre o perigo das ideologias?

Por que é que em Portugal, até hoje, existem os ""miguelistas""? O que eles representam?

A decisão de Dom Pedro I de fechar as ordens religiosas em Portugal foi um ato de ""progresso"" ou um ato de tirania cultural?",,
5.11,shield,"Dom Pedro II, o Magnânimo",O último sopro de esperança e grandeza,"Após o período conturbado da Regência, o Brasil entra na sua era de ouro: o Segundo Reinado, sob o comando de Dom Pedro II. Se a história oficial fez de tudo para apagar a nossa herança, a figura de Dom Pedro II é a que mais a assombra, pois ele representa tudo o que perdemos.

Ele foi o nosso ""rei-filósofo"". Um homem de uma erudição espantosa: falava 23 línguas, traduziu ""As Mil e Uma Noites"" do árabe para o português, correspondia-se com os maiores cientistas e intelectuais da sua época, como Graham Bell, e era um apaixonado pela fotografia e pelas novas tecnologias.

Mas ele não era um intelectual distante do povo. Era o verdadeiro ""pai da nação"". Um homem de uma simplicidade e uma honra hoje impensáveis:

Austeridade: Jantava às 4 da tarde para economizar a energia elétrica do palácio. Recusava verbas para comprar roupas novas em viagens oficiais.

Patrocínio do Talento: Nunca recebeu o seu salário de imperador. Usava o dinheiro para dar bolsas de estudo a talentos brasileiros, como o grande compositor de ópera Carlos Gomes, com uma única condição: ""divulguem o nome do Brasil fora do Brasil"".

Humanidade: A famosa história de quando desviou o seu caminho para não assustar meninos que apanhavam mangas no jardim do palácio, temendo que caíssem, revela o seu caráter.

Segurança: A sua segurança, como ele mesmo disse a um príncipe europeu chocado com a falta de guardas, era ""o respeito que os brasileiros têm por mim"". Ele andava livremente pelas ruas do Rio de Janeiro.

Sob o seu longo reinado, o Brasil viveu um período de estabilidade política, crescimento económico (com o Barão de Mauá, o Brasil chegou a ser o maior produtor de navios do mundo no final do século XIX), liberdade de imprensa e respeito internacional que nunca mais se repetiria. Dom Pedro II não era um político a defender interesses de grupos; ele era um princípio suprapartidário, o símbolo da unidade e da honra da nação.",5,12,"Dom Pedro II, Segundo Reinado, erudição, estabilidade, prosperidade, Mauá, pai da nação, honra","Dom Pedro II de José Murilo de Carvalho: Uma biografia completa que, apesar do viés republicano do autor, não consegue esconder a grandeza do monarca.

As Barbas do Imperador de Lilia Moritz Schwarcz: Outra biografia de referência, rica em detalhes sobre a vida pessoal, cultural e política do Segundo Reinado.","Compare a figura de Dom Pedro II com os últimos presidentes do Brasil. Quais são as diferenças fundamentais de caráter, cultura e visão de país?

Imagine um governante hoje que usasse o seu próprio salário para financiar estudantes. Como isso seria recebido? O que a nossa reação nos diz sobre a nossa própria cultura política?

Por que é que a imagem de Dom Pedro II foi tão atacada e ridicularizada pela propaganda republicana após o golpe de 1889?",,
5.12,shield,"Princesa Isabel, a Redentora",A abolição como um ato de fé,"A escravidão foi, sem dúvida, o grande flagelo da história brasileira. Mas a narrativa que lhe contaram sobre a sua abolição é, novamente, incompleta e distorcida. A abolição não foi um mero ato político ou o resultado de pressões económicas inglesas. Foi, na sua essência, um ato de fé.

A Igreja Católica condenou a escravidão desde o seu início. Papas como Paulo III, na bula Sublimis Deus de 1537, já declaravam que os indígenas eram seres humanos com alma e que não podiam ser escravizados. Várias outras condenações se seguiram ao longo dos séculos. O problema é que os estados, movidos por interesses económicos, simplesmente ignoravam estas ordens.

Coube a uma mulher de uma devoção católica excecional, herdeira do trono de um império construído sobre a fé, a missão de concretizar o que a Igreja pregava. A Princesa Isabel não assinou a Lei Áurea por cálculo político. Ela fê-lo por uma profunda convicção moral e religiosa, entendendo a escravidão como uma ofensa a Deus e à dignidade humana. Ela sabia que este ato lhe custaria o trono. E custou.

A Lei Áurea, assinada a 13 de maio de 1888, foi o catalisador que uniu todos os inimigos da Monarquia. A elite agrária, que perdeu a sua mão de obra escrava sem indemnização, jurou vingança. Quando o golpe da República aconteceu no ano seguinte, a própria Princesa Isabel teria dito: ""Vocês estão a fazer isto por vingança porque eu assinei a lei.""

Ela estava certa. A abolição não foi obra de revolucionários ou de liberais. Foi o ato corajoso de uma mulher católica e conservadora, que colocou a sua consciência e a sua fé acima do seu próprio poder. A história oficial tenta apagar a sua motivação religiosa, mas a verdade é que o Brasil deve a sua libertação à ""Redentora"", uma princesa que ousou levar a sua fé às últimas consequências.",5,13,"Princesa Isabel, Lei Áurea, abolição, escravidão, fé católica, Igreja, vingança, golpe, Redentora","Princesa Isabel, a Redentora de R. Magalhães Júnior: Uma biografia que destaca o papel central e a motivação da princesa no processo abolicionista.

Ler as encíclicas e bulas papais contra a escravidão (como Sublimis Deus de Paulo III ou In Supremo Apostolatus de Gregório XVI) para entender que a posição da Igreja sempre foi clara, mesmo que desobedecida.","Se a Igreja sempre condenou a escravidão, por que é que a prática persistiu por tanto tempo em países católicos como o Brasil? O que isso nos diz sobre a relação entre a autoridade moral e o poder político/económico?

A Princesa Isabel sabia que arriscava o trono ao assinar a Lei Áurea. O que este ato de sacrifício nos ensina sobre a verdadeira liderança?

Por que é que a narrativa moderna prefere dar o crédito da abolição a figuras revolucionárias ou a pressões externas, em vez de à fé de uma princesa?",,
5.13,shield,O Golpe de 1889,A traição que fundou a República,"A Proclamação da República, a 15 de novembro de 1889, não foi uma revolução popular. Não houve clamor nas ruas, não houve o povo a exigir o fim da Monarquia. Foi um golpe de estado, uma conspiração de quartel, orquestrada por uma pequena elite e executada por militares que traíram o seu juramento ao Imperador.

As forças que se uniram para derrubar Dom Pedro II foram as mesmas que sempre trabalharam contra a ordem tradicional brasileira:

A Oligarquia Escravocrata: Os fazendeiros que, como vimos, queriam vingança pela Lei Áurea.

A Maçonaria: Que via na Monarquia, especialmente na figura de uma futura imperatriz devotamente católica como a Princesa Isabel, um obstáculo ao seu projeto de um estado secular.

O Exército e a Ideologia Positivista: Esta foi a força decisiva. Círculos dentro do exército foram fortemente influenciados pelo positivismo, uma filosofia tecnocrática, herdeira da Revolução Francesa, que pregava a instauração de uma ""república científica"". O lema ""Ordem e Progresso"" na nossa bandeira é um lema positivista.

O golpe foi patético e sem heroísmo. O Marechal Deodoro da Fonseca, amigo pessoal do Imperador, foi convencido a liderar a insurreição com base em mentiras de que a sua prisão tinha sido decretada. Dom Pedro II, já idoso e doente, para evitar uma guerra civil, aceitou o exílio. A Família Imperial, que tanto fez pelo Brasil, foi expulsa do país de forma humilhante, no meio da noite.

As consequências foram imediatas e desastrosas. O Brasil, que era um modelo de estabilidade, mergulhou numa era de caos, com golpes e contragolpes (Deodoro, Floriano Peixoto, o ""Marechal de Ferro""). A economia, antes sólida, entrou em crise. O poder, antes centralizado na figura moderadora do Imperador, foi entregue a uma oligarquia de coronéis e a uma burocracia tecnocrata.

A primeira ação simbólica dos golpistas foi desfigurar a bandeira imperial, arrancando os símbolos da nossa história – o verde da Casa de Bragança, o dourado dos Habsburgos – e substituindo-os por uma cópia da bandeira americana, que depois foi alterada para a versão atual. A República nasceu apagando o passado e traindo os seus maiores heróis.",5,14,"golpe, República, positivismo, exército, oligarquia, Deodoro, Floriano, exílio, bandeira, ordem e progresso","O Abolicionismo de Joaquim Nabuco: Nabuco, um monarquista e abolicionista, descreve com clareza o ambiente político da época e alerta para os perigos que a República representaria.

História da República Brasileira de José Maria Bello: Uma análise clássica dos primeiros e conturbados anos da República, mostrando a sua falta de legitimidade popular.","Se a Monarquia era tão popular e respeitada como os fatos mostram, como foi possível que um pequeno grupo de militares a derrubasse tão facilmente? O que a passividade do povo nos diz sobre a nossa cultura política?

O lema ""Ordem e Progresso"" foi alcançado com a República?

A expulsão da Família Imperial foi um ato de justiça ou uma demonstração de medo por parte dos novos governantes?",,
5.14,shield,A Bandeira Imperial,"Um catecismo de honra, fé e identidade","Vamos fazer um exercício. Esqueça por um momento a bandeira que você conhece e olhe para a sua antecessora: a Bandeira do Império do Brasil. Agora, vamos desconstruir a mentira que lhe ensinaram na escola, uma mentira que serve para infantilizar a sua inteligência e apagar a sua memória.

A explicação de que ""o verde são as matas e o amarelo é o ouro"" não é apenas simplista; é uma falsificação histórica deliberada. É uma narrativa vazia, criada para ocultar uma verdade muito mais profunda e nobre. A nossa bandeira original não era um desenho sobre paisagens e minerais; era um documento heráldico, um verdadeiro catecismo visual que contava a história da nossa identidade, da nossa fé e da nossa vocação no mundo.

Vamos decifrar este código sagrado:

As Cores: A Aliança que Fundou uma Nação

O Verde: O retângulo verde não representava as matas. O verde era a cor da Casa de Bragança, a dinastia de Dom Pedro I. Esta cor, associada à esperança e à renovação, era o símbolo da casa real portuguesa que, durante séculos, lutou, unificou e expandiu a fé e o império. O verde da nossa bandeira é o verde do estandarte do primeiro Imperador do Brasil.

O Amarelo (Dourado): O losango dourado não representava o ouro. Esta era a cor da Casa de Habsburgo-Lorena, a dinastia da nossa primeira Imperatriz, Dona Leopoldina. Uma mulher de cultura extraordinária, que teve papel intelectual e estratégico decisivo na nossa Independência. O dourado dos Habsburgos remete à tradição do Sacro Império Romano-Germânico, a Carlos Magno, à herança da realeza que forjou a Europa.

A união do verde e do dourado, portanto, não simbolizava a natureza, mas sim a aliança: a união do Imperador e da Imperatriz, a fusão de duas das mais importantes linhagens europeias para dar origem a um novo e grandioso império nos trópicos.

O Brasão de Armas: O Coração da Nossa Identidade
No centro da bandeira, onde hoje há um círculo azul, repousava o Brasão de Armas do Império. Cada elemento era carregado de significado:

A Coroa Imperial: No topo, a coroa de Dom Pedro I, adornada com pérolas e joias. Ela não simbolizava opressão, mas soberania. O Brasil não era mais uma parte de outro reino; era um Império por direito próprio, governado a partir do seu próprio solo.

Os Ramos: Ladeando o escudo, um ramo de café e um de tabaco. Estes sim, representavam as riquezas da nossa terra, mas note a diferença: não eram a razão de ser da bandeira, mas os frutos de um império ordenado e soberano.

A Esfera Armilar: Atrás do escudo, a esfera armilar em ouro. Este era o emblema pessoal do Rei Dom Manuel I, o Venturoso, o rei da época do Descobrimento. Era o símbolo da ciência náutica portuguesa, da nossa vocação para a exploração global e para a conexão de mundos.

A Cruz da Ordem de Cristo: Ao centro de tudo, sobre a esfera armilar, a Cruz da Ordem de Cristo. O símbolo dos Cavaleiros Templários em Portugal, a mesma cruz que adornava as velas das caravelas. Era a assinatura espiritual da nossa nação, a declaração de que a nossa missão no mundo, a nossa própria existência, nascia da fé e se ordenava para a glória de Deus.

A Bandeira Imperial, portanto, era a nossa história contada de forma simbólica: um Império soberano (a Coroa), nascido da união das grandes casas reais europeias (o Verde e o Dourado), herdeiro da vocação global portuguesa (a Esfera Armilar), produtor de riquezas (o Café e o Tabaco) e fundado sob o signo da Fé (a Cruz de Cristo). Era um símbolo que nos conectava a uma herança milenar de honra, nobreza e fé. E foi precisamente por isso que os arquitetos da República precisaram de a destruir.",5,15,"bandeira imperial, símbolos, Bragança, Habsburgo, brasão, coroa, esfera armilar, Ordem de Cristo, heráldica, monarquia","Brasões e Bandeiras do Brasil de Clóvis Ribeiro: A obra mais completa sobre a história da vexilologia (estudo de bandeiras) e da heráldica brasileira, detalhando a origem e a evolução de cada símbolo.

História dos Fundadores do Império do Brasil de Otávio Tarquino de Sousa: Ao ler sobre a vida de D. Pedro I e D. Leopoldina, o significado das cores e da união das suas Casas Reais ganha uma dimensão pessoal e dramática.","Agora que sabe a verdade, como se sente ao olhar para a Bandeira Imperial? O que ela comunica que a bandeira atual não comunica?

A narrativa ""matas e ouro"" coloca o Brasil como um objeto (um recurso natural). A narrativa ""Bragança e Habsburgo"" coloca o Brasil como um sujeito (um ator histórico). Qual a consequência desta diferença para a nossa autoestima nacional?

Se a Cruz da Ordem de Cristo estivesse hoje na nossa bandeira, como isso mudaria a percepção do Brasil no cenário internacional e a nossa própria compreensão sobre a nossa identidade?",,
5.15,shield,A Bandeira Republicana,A memória amputada e a cicatriz positivista,"O golpe de 1889 colocou os novos donos do poder diante de um problema simbólico: como representar uma república nascida de uma traição, sem povo e sem história própria? A solução revela a mentalidade e a pobreza de espírito dos golpistas.

A Primeira Insulto: A Imitação Servil
A primeira bandeira da República, que vigorou por quatro dias, é um dos momentos mais vergonhosos da nossa história. Era uma cópia grotesca da bandeira dos Estados Unidos, com 13 listras horizontais verdes e amarelas e um cantão azul com 21 estrelas. Até o nome do país foi alterado para ""Estados Unidos do Brazil"".
Este ato foi uma confissão. Era a rejeição explícita de toda a nossa herança única, luso-católica e imperial, em favor da importação de um modelo anglo-saxónico e protestante que nada tinha a ver com a nossa alma. Era a declaração de uma mentalidade de vira-lata, de uma elite que se envergonhava do seu passado e aspirava a ser uma imitação pálida de outra nação. A bandeira foi tão ridicularizada e rechaçada que teve de ser abandonada.

O Segundo Insulto: A Falsificação Positivista
Incapazes de criar algo original e impossibilitados de voltar à bandeira imperial (o que seria admitir a derrota), os republicanos optaram pelo caminho da falsificação. Eles pegaram a bandeira que o povo amava e a mutilaram.

A Aparência Mantida, a Alma Roubada: Mantiveram o retângulo verde e o losango amarelo, uma concessão demagógica ao sentimento popular. Mas, como vimos, criaram a mentira das ""matas e do ouro"" para apagar a memória das Casas de Bragança e Habsburgo.

O Coração Arrancado: O magnífico Brasão de Armas, que continha toda a nossa história, foi brutalmente amputado. No seu lugar, inseriram um simples círculo azul.

A Cicatriz Ideológica: Onde antes estava a Cruz de Cristo, agora vemos as estrelas do Cruzeiro do Sul. Uma troca simbólica profunda: o sinal da nossa missão espiritual foi substituído por uma mera referência geográfica. Pior, cortando o céu, foi inserida uma faixa branca, como uma cicatriz, com o lema de uma seita filosófica francesa: ""Ordem e Progresso"".

Este não é um lema nacional que brotou da nossa história. É o slogan do Positivismo de Auguste Comte, a ideologia que inspirou os militares golpistas. É a imposição de um projeto de engenharia social, cientificista e tecnocrata, sobre uma nação cuja alma era forjada na fé e na tradição. Trocaram um brasão que contava uma história de mil anos por um slogan de um filósofo francês.

A bandeira atual é, portanto, o símbolo de uma ruptura, de uma memória amputada. Ela mantém a beleza das cores do Império, mas carrega no seu centro a cicatriz da violência simbólica que fundou a República.",5,16,"bandeira republicana, Estados Unidos do Brasil, positivismo, Ordem e Progresso, Cruzeiro do Sul, supressão, símbolo","O Positivismo no Brasil de Ivan Lins: Essencial para entender a filosofia por trás do lema ""Ordem e Progresso"" e como esta seita influenciou o Exército e a política na transição para a República.

Best-seller a Vingança de Lira Neto: Parte da trilogia sobre Getúlio, mas o início do livro descreve bem o ambiente caótico e as disputas de poder na recém-nascida República, o que ajuda a entender o contexto da criação dos novos símbolos.","O que a tentativa de copiar a bandeira americana nos diz sobre a visão que os primeiros republicanos tinham do Brasil?

Se o lema da bandeira fosse escolhido hoje, qual você acha que seria? O que isso diz sobre os nossos valores atuais?

A troca da Cruz de Cristo pelo lema ""Ordem e Progresso"" foi uma ""modernização"" ou um ato de supressão da identidade espiritual do país?",,
5.16,shield,A República Velha,O governo dos coronéis e das lojas maçónicas,"Com a Monarquia derrubada, o que veio no lugar? A ""República da Espada"" dos primeiros marechais deu lugar ao que hoje chamamos de República Velha (1894-1930). Longe de ser um governo ""do povo, pelo povo e para o povo"", foi a instauração de uma oligarquia.

A arquitetura do poder era uma combinação tóxica:

O Coronelismo: O poder real não estava no Rio de Janeiro, mas nas mãos dos ""coronéis"", grandes fazendeiros que controlavam os seus municípios como feudos privados, com exércitos de jagunços e o controlo do voto de cabresto.

A Política do Café com Leite: As oligarquias de São Paulo (café) e Minas Gerais (leite) revezavam-se na presidência, num cartel que garantia os seus próprios interesses económicos e excluía o resto do país.

A Burocracia Positivista: No governo federal, instalou-se uma tecnocracia burocrática, herdeira do positivismo, que via o povo com desconfiança e acreditava que o país deveria ser gerido por uma elite ""iluminada"".

As Sociedades Secretas: O poder oculto que amarrava tudo isso eram as lojas maçónicas e outras organizações esotéricas. Um exemplo assustador é o túmulo de Júlio Frank, com um obelisco e corujas, no meio da Faculdade de Direito da USP. Frank era líder de uma sociedade secreta alemã (a Buschka), e muitos dos presidentes e políticos da República Velha foram iniciados nesta organização. A elite do país era escolhida em rituais secretos, e não nas urnas.

Este período foi a materialização da ""praça de negócios"" que Rui Barbosa temia. O Brasil, que sob o Imperador era unido por um princípio de honra e pelo bem comum, tornou-se um território loteado por interesses privados. A república não nasceu para libertar o povo, mas para entregar o poder a uma elite que tinha pouquíssimo interesse em industrializar o país ou em promover o verdadeiro progresso, apenas em manter os seus próprios privilégios.",5,17,"República Velha, coronelismo, oligarquia, café com leite, positivismo, burocracia, maçonaria, Júlio Frank","Coronelismo, Enxada e Voto de Victor Nunes Leal: A obra clássica que dissecou o sistema de poder local da República Velha.

Triste Fim de Policarpo Quaresma de Lima Barreto: Uma sátira genial e amarga sobre o nacionalismo ufanista e ingênuo da República Velha, mostrando um homem que tenta servir à pátria republicana e é esmagado por ela.","Compare a figura do ""pai da nação"" (Dom Pedro II) com a figura do ""coronel"". O que esta mudança de arquétipo de poder nos diz sobre a mudança de valores do país?

Por que é que um governo de oligarquias e sociedades secretas teme um povo educado e consciente da sua história?

O ""coronelismo"" e a troca de favores em troca de poder acabaram em 1930 ou apenas mudaram de nome?",,
5.17,shield,O Brasil Perde o Bonde,"A estagnação do ""país do futuro""","Se o Segundo Reinado foi um período de ascensão, de um país que se via como uma potência e agia como tal, a República Velha foi o início de um sentimento que nos assombra até hoje: o de que o Brasil perdeu o bonde.

É nesta época que nasce a narrativa do ""país do futuro"". Preste atenção à subtileza disto: quando um país se define pelo futuro, é porque o seu presente é insatisfatório. A ideia de que ""sempre prometemos e nunca entregamos"" não existia no imaginário brasileiro da época de Dom Pedro II. Pelo contrário, o país entregava: construía ferrovias, navios, telégrafos e gozava de uma estabilidade que era invejada.

O que a república fez?

Travou a Industrialização: A elite agrária do ""café com leite"" não tinha interesse em promover uma indústria nacional forte, que poderia criar uma nova classe operária e desafiar o seu poder. O ímpeto industrialista de figuras como o Barão de Mauá foi esquecido. Ficámos para trás enquanto os EUA e a Europa viviam a sua segunda revolução industrial.

Criou Instabilidade Crónica: A sucessão de governos, as revoltas, os conflitos entre oligarquias e a corrupção endémica geraram um ambiente de incerteza que afugentava investimentos de longo prazo.

Destruiu a Autoestima: Ao apagar a história imperial e substituí-la por uma narrativa de vergonha, a república instilou no brasileiro o ""complexo de vira-lata"" de que Nelson Rodrigues falaria mais tarde. Um povo que não se orgulha do seu passado não tem força para construir um grande futuro.

A quebra da bolsa de 1929 foi apenas o golpe de misericórdia numa economia já frágil e dependente. A República Velha colapsou em 1930 não porque era forte, mas porque o seu modelo, uma combinação de burocracia, oligarquia e estagnação, era insustentável. O sentimento de que o Brasil tinha perdido o seu rumo, de que tínhamos abdicado da nossa vocação para a grandeza, instalou-se profundamente na alma nacional. E, em muitos aspetos, ainda vivemos sob a sua sombra.",5,18,"estagnação, país do futuro, República Velha, desindustrialização, crise, vira-lata, autoimagem, bonde","Da Monarquia à República: Momentos Decisivos de Emília Viotti da Costa: Uma análise histórica das forças sociais e económicas que levaram à queda do Império e à instauração da República.

Raízes do Brasil de Sérgio Buarque de Holanda: Um ensaio clássico sobre a identidade nacional, onde o conceito de ""homem cordial"" ajuda a entender a nossa dificuldade em separar a esfera pública da privada, um problema que se agravou na república.","Pense na expressão ""país do futuro"". Ela é um elogio ou uma maldição?

Por que é que um país rico em recursos naturais como o Brasil não se tornou uma potência industrial como os EUA? A resposta é apenas económica ou também cultural e política?

O ""complexo de vira-lata"" ainda afeta a forma como os brasileiros se veem e como veem o seu país hoje? Dê exemplos.",,
5.18,shield,O Apagamento da Memória,Os incêndios que queimaram a nossa história,"Uma nação vive da sua memória. Os seus museus, os seus palácios, os seus monumentos e os seus edifícios históricos são a materialização da sua alma, a prova física da sua jornada. E no Brasil republicano, a nossa memória tem sido sistematicamente atacada, não apenas pela reescrita dos livros, mas pelo fogo.

Pense no incêndio criminoso e intencional do Museu Nacional, em 2018. O antigo Paço de São Cristóvão, a residência do nosso Imperador, o lugar onde a Imperatriz Leopoldina assinou a declaração de independência, foi transformado em cinzas. Com ele, perdeu-se um acervo inestimável, incluindo o mais antigo fóssil humano das Américas. Aquilo não foi um acidente. Foi o símbolo máximo de um projeto de apagamento.

Este apagamento manifesta-se de várias formas:

A Destruição do Rio de Janeiro: A cidade que foi capital do Império, a ""Suíça do mundo"" nos anos 30, com a sua arquitetura de influência greco-romana e francesa, foi abandonada, entregue ao caos, à desordem e à feiura. Prédios históricos foram demolidos para dar lugar a caixotes de betão.

A Criação de Brasília: A mudança da capital foi um ato estratégico para afastar o poder do povo. No Rio, o governo estava perto do povo, vulnerável à sua pressão. Em Brasília, ele foi isolado num planalto artificial.

A Arquitetura Comunista: O arquiteto de Brasília, Oscar Niemeyer, era um comunista convicto. A sua arquitetura reflete essa ideologia: prédios frios, quadrados, monumentais, que esmagam o indivíduo e glorificam o Estado. As superquadras, a falta de esquinas e de praças, tudo foi projetado para desumanizar e dificultar a formação de comunidades orgânicas. Brasília é a antítese da cidade democrática; é a ""cidade comunista perfeita"", onde o ""poder"" se isola do ""povo"" em palácios de betão.

Este processo, que vai da negligência que permite que um museu queime até à construção deliberada de uma capital anti-humana, tem um único objetivo: afastar o povo da sua própria história, quebrar os laços com a beleza e a grandeza do nosso passado, para que, sem memória, nos tornemos mais fáceis de controlar no presente.",5,19,"memória, incêndio, Museu Nacional, apagamento, história, Rio de Janeiro, arquitetura, Brasília, Niemeyer","Minha Formação de Joaquim Nabuco: As memórias de Nabuco pintam um retrato vívido da sociedade e da cultura do Império, permitindo-nos sentir o que foi perdido.

A Invenção de Brasília de Laurentino Gomes: Um livro que, embora celebre a construção, revela os bastidores políticos e as intenções por trás da criação da nova capital.

Pesquisar sobre a arquitetura de Albert Speer (arquiteto de Hitler) ou a arquitetura stalinista. Compare a sua estética monumental e desumanizante com a de Brasília.","Por que é que a destruição de símbolos físicos (estátuas, edifícios, museus) é uma ferramenta tão importante para movimentos revolucionários?

Ande pelo centro da sua cidade. A arquitetura dos prédios mais antigos comunica algo diferente da arquitetura dos prédios mais modernos? O quê?

Se a arquitetura molda o comportamento, que tipo de cidadão a arquitetura de Brasília foi projetada para criar?",,
5.19,shield,O Imperador a pé,O poder legítimo não teme o povo,"Imagine a cena. Um príncipe da Baviera visita o Rio de Janeiro, a capital de um vasto império tricontinental, que se estendia de Portugal na Europa às possessões na África e na Ásia, com o seu centro de gravidade agora no Brasil. Ele vai ao palácio para se encontrar com o Imperador. Ao chegar ao majestoso, mas não ostensivo, Palácio de São Cristóvão, ele estranha: não há uma muralha de guardas, nem barreiras. Ele entra, caminha pelos corredores e não é interpelado. Finalmente, encontra Dom Pedro II no seu escritório e, chocado, alerta-o: ""Majestade, o senhor precisa de reforçar a sua segurança! Eu entrei sem ser anunciado!"".

Dom Pedro, com a sua calma magnânima, não dá uma ordem a um general. Ele convida o príncipe para uma volta a pé. E eles caminham pelo Rio de Janeiro. Imagine o Imperador, um homem de quase dois metros de altura, com a sua característica barba longa, a passear pelas ruas como um cidadão qualquer. As pessoas param, cumprimentam-no com reverência e afeto. Vendedores oferecem-lhe frutas. Mães trazem os seus filhos para que o Imperador os abençoe com um toque. Ele não está num carro blindado, não há uma falange de seguranças a empurrar as pessoas. Ele está simplesmente no meio do seu povo.

Ao voltarem ao palácio, Dom Pedro pergunta ao príncipe: ""E então, entendeu quem faz a minha segurança?"". O príncipe, ainda confuso, sugere: ""Suspeito que sejam guardas à paisana..."". Dom Pedro conclui: ""Não. Quem faz a minha segurança é o respeito e o amor que os brasileiros têm por mim.""

Esta história real é um tratado sobre a natureza do poder legítimo. A legitimidade não emana da força, das armas ou do medo, mas de uma relação de confiança e respeito mútuo. O Imperador não se via como um governante acima do povo, mas como o pai da nação, um servidor com a missão sagrada de zelar pelo bem de todos. Ele importava-se genuinamente, e o povo sabia e sentia isso.

Compare isso com a realidade de hoje. Tente aproximar-se de um presidente, de um governador ou de um ministro. Você encontrará um exército de seguranças, ruas bloqueadas, comboios de carros blindados a alta velocidade, com sirenes a exigir que o cidadão comum saia do caminho. O poder republicano tem medo do povo. E tem medo porque sabe, no fundo, que não goza do mesmo respeito, pois não demonstra o mesmo amor e serviço. A segurança do Imperador era o povo; a segurança do político moderno é contra o povo.",5,20,"Dom Pedro II, povo, respeito, segurança, Rio de Janeiro, Império, proximidade, poder, monarquia","Viagem Pitoresca e Histórica ao Brasil de Jean-Baptiste Debret: As aquarelas e os relatos de Debret mostram a vida quotidiana do Rio de Janeiro no início do século XIX, incluindo a interação natural entre a realeza e o povo.

As Barbas do Imperador de Lilia Moritz Schwarcz: A biografia está repleta de relatos de testemunhas oculares sobre a simplicidade e a acessibilidade do Imperador no seu dia a dia.","A segurança de um líder vem da quantidade de armas que o protegem ou do amor e do respeito do seu povo? O que a necessidade de uma segurança ostensiva hoje nos diz sobre a legitimidade das nossas ""autoridades""?

Imagine um governante hoje a caminhar sozinho pelo centro da sua cidade para almoçar. Esta cena parece possível ou uma fantasia? O que mudou na relação entre governantes e governados?

O que é mais intimidante para um tirano: um exército inimigo ou um povo que ama o seu verdadeiro líder?",,
5.20,shield,A cidade como palco do poder acessível,"Palácios entre o povo, não fortalezas no deserto","A relação orgânica entre o povo e o poder no Império era visível na própria geografia e arquitetura do Rio de Janeiro. A cidade não era apenas um cenário; era o palco onde esta relação se desenrolava diariamente. Onde ficavam os centros do poder imperial?

O Paço Imperial: Localizado na atual Praça XV, o antigo Largo do Paço. Este era o coração pulsante da vida pública. Não era um castelo isolado numa colina, protegido por muralhas. Era um edifício elegante, mas sóbrio e funcional, de onde o Imperador despachava. A sua janela dava para o mercado, para o porto, para o burburinho dos comerciantes, dos escravos, dos nobres e dos homens livres. O poder não estava escondido; ele trabalhava à vista de todos, inserido na vida real da cidade.

A Quinta da Boa Vista: A residência da Família Imperial. Embora fosse uma propriedade vasta e bela, não era uma fortaleza impenetrável. Os seus jardins, um dos orgulhos do Imperador, eram frequentemente abertos à população para passeios e piqueniques. Era a ""casa"" do Imperador, e o povo sentia-se, de certa forma, convidado a partilhar da sua beleza. Era um parque real que servia à nação, não um resort privado para a elite governante.

A arquitetura da época, de inspiração neoclássica europeia, com os seus teatros, as suas bibliotecas e os seus museus, não visava apenas imitar a Europa, mas civilizar o espaço, embelezar a cidade e criar pontos de referência e de orgulho cívico para todos. Os palácios eram parte da paisagem urbana, dialogavam com ela, não a negavam.

A República começou o processo de divórcio, mas foi a mudança da capital para Brasília que o consumou. A arquitetura de Brasília é a antítese disto tudo. Como já vimos, o seu projeto comunista visava intencionalmente isolar o poder. A Praça dos Três Poderes não é uma praça para o povo, como o Largo do Paço era; é uma esplanada monumental e vazia, varrida pelo vento, desenhada para intimidar e fazer o cidadão sentir-se pequeno e insignificante perante a máquina do Estado. Os palácios e os ministérios são blocos de betão gigantescos, fortalezas modernas que comunicam distância e poder bruto, não serviço e proximidade.

A arquitetura imperial convidava à participação e à reverência; a arquitetura republicana de Brasília impõe a separação e o medo.",5,21,"arquitetura, Rio de Janeiro, Paço Imperial, Quinta da Boa Vista, Brasília, Niemeyer, proximidade, povo, poder","O Rio de Janeiro do Meu Tempo de Luís Edmundo: Uma crónica nostálgica e detalhada da vida, dos costumes e da paisagem urbana do Rio de Janeiro no final do Império e início da República.

A Invenção de Brasília de Laurentino Gomes: Um livro que, embora celebre a construção, revela os bastidores políticos e as intenções por trás da criação da nova capital, muitas vezes confirmando a sua natureza isolacionista.","Procure imagens do Largo do Paço (hoje Praça XV) no século XIX e da Praça dos Três Poderes hoje. Que tipo de vida humana cada espaço parece encorajar? Onde você se sentiria mais parte da nação?

A arquitetura da sua cidade (a prefeitura, a câmara municipal) foi projetada para ser convidativa ou intimidante? Ela está integrada na vida da cidade ou isolada dela?

Por que é que o poder que se isola fisicamente do povo tende a tornar-se mais tirânico e corrupto?",,
5.21,shield,A República acima do povo,Do pai da nação ao balcão de negócios,"O golpe de 1889 e a expulsão da Família Orleans e Bragança não foram apenas uma mudança de regime. Foram um divórcio cultural e espiritual. A relação orgânica e paternal que existia entre o monarca e o povo foi rompida, e em seu lugar surgiu uma nova classe de homens: os políticos profissionais.

Esta nova classe não tinha a legitimidade da história, nem o sentido de dever de um Imperador educado desde o berço com o lema officium ante gaudium (o dever antes do prazer). Eles eram os representantes das oligarquias do café, das lojas maçónicas e das ideologias positivistas que tomaram o poder. O Estado deixou de ser a personificação da nação, com o Imperador como seu símbolo vivo, e tornou-se um instrumento impessoal a ser conquistado e usado para o benefício de grupos.

A frase do ditador Getúlio Vargas à sua filha, décadas depois, é o epitáfio perfeito e doloroso desta nova era. Ao ser confrontado com a ingratidão dos políticos que ajudou, ele desabafou: ""Minha filha, [...] pouquíssimas vezes algum político brasileiro veio até mim para pedir alguma coisa pelo Brasil. É sempre um favor para alguém.""

Esta é a essência da República. O ""bem comum"", que era a obrigação do Imperador, foi substituído pelo ""favor para si ou para alguém"", que se tornou a moeda de troca do político. O poder, agora distante e anónimo em Brasília, tornou-se um balcão de negócios. E esta mentalidade reflete-se no espaço público.

Onde o Imperador caminhava, o político de hoje passa em comboio de carros blindados, com sirenes a expulsar o cidadão comum do seu caminho.

Onde a Família Imperial abria os seus jardins, as ""autoridades"" de hoje fecham praias, ruas e até ilhas para o seu próprio lazer, como se o espaço público fosse a sua propriedade privada.

Onde o Imperador usava o seu salário para educar talentos, o político de hoje usa o dinheiro público para aumentar o seu próprio salário e os seus privilégios.

A República não se tornou um governo do povo, mas um governo acima do povo. Uma casta que vive de privilégios, que se protege com ""foro privilegiado"" e que vê o cidadão não como um súbdito a ser servido e respeitado, mas como uma massa a ser controlada e, a cada dois anos, enganada. A saudade que muitos sentem do Império não é a saudade de um regime, mas a saudade de um tempo em que o poder tinha uma face humana, um nome e um sentido de honra.",5,22,"República, divórcio, povo, poder, Getúlio Vargas, favor, político, elite, Estado, oligarquia","O Dono do Poder: Formação do Patronato Político Brasileiro de Raymundo Faoro: Uma análise clássica e profunda de como uma elite ""estamental"" e burocrática se apoderou do Estado brasileiro, tratando-o como propriedade privada, um processo que se consolidou e se agravou com a República.

A Elite do Atraso: Da Escravidão à Lava Jato de Jessé Souza: Embora vindo de uma perspectiva de esquerda, a análise de Souza sobre como uma elite predatória se perpetua no poder, indiferente ao destino do povo, é um diagnóstico contundente da patologia republicana.","Você já presenciou uma situação em que uma ""autoridade"" (político, juiz, etc.) usou o seu cargo para obter um privilégio ou para se impor sobre os cidadãos comuns (furar uma fila, fechar uma rua)? Como se sentiu?

A frase de Getúlio ainda é válida hoje? A cultura do ""favor"" diminuiu ou aumentou na política brasileira?

Se Dom Pedro II voltasse hoje, o que o chocaria mais: a arquitetura de Brasília, o trânsito de São Paulo ou o comportamento dos nossos políticos?",,
5.22,shield,"Dom Pedro II, o Magnânimo",O pai da nação e o mecenas do Brasil,"Após o período conturbado da Regência, o Brasil entra na sua era de ouro: o Segundo Reinado, sob o comando de Dom Pedro II. Se a história oficial fez de tudo para apagar a nossa herança, a figura de Dom Pedro II é a que mais a assombra, pois ele representa, em carne e osso, tudo o que perdemos.

Não precisamos de nos limitar a adjetivos para o descrever. A sua grandeza revela-se nos seus atos. Deixe-me contar-lhe uma história.

Numa das suas viagens pela província de São Paulo, o Imperador estava em Campinas e, como era seu costume de católico devoto, foi assistir a uma missa durante a semana numa igreja local. A igreja estava simples, sem o coro oficial. A música era provida por um jovem rapaz ao órgão e uma menina que cantava. Dom Pedro, um homem de uma cultura musical vastíssima, percebeu imediatamente algo extraordinário: um talento bruto, uma musicalidade invulgar.

Ao final da missa, enquanto os políticos locais se acotovelavam para o saudar, o Imperador tinha apenas uma preocupação. Ele aproximou-se do padre e perguntou: ""Quem era a jovem que cantava e o rapaz que tocava?"". O padre informou que eram sobrinha e tio, Maria Monteiro, de 13 anos, e o jovem Carlos Gomes, com pouco mais de 20.

Dom Pedro mandou chamá-los. Imagine a cena: o Imperador do Brasil, um dos homens mais poderosos do mundo, a conversar com dois jovens músicos de uma cidade do interior. Ele não os elogiou apenas. Ele perguntou sobre os seus sonhos, as suas aspirações. Percebendo a ambição e o talento que transbordavam deles, tomou ali uma decisão que mudaria a história da cultura brasileira.

Com o dinheiro do seu próprio salário – um salário que ele, por princípio, nunca retirava dos cofres públicos – Dom Pedro II ofereceu-se para os enviar à Itália, a Milão, o centro mundial da ópera, para que tivessem a melhor formação musical possível.

Esta história não é apenas um ato de generosidade. É um retrato da alma de um verdadeiro estadista:

Visão e Sensibilidade: Ele tinha a erudição para reconhecer o génio onde ninguém mais via.

Mecenato Pessoal: Ele não usou o dinheiro do Estado para fazer propaganda. Ele investiu o seu próprio património no talento do seu povo.

Amor à Pátria: A sua única exigência para com os jovens que protegeu foi: ""Como vocês vão me pagar? Divulgando o nome do Brasil fora do Brasil."" O seu objetivo não era o ganho pessoal, mas a glória da nação.

Carlos Gomes tornar-se-ia o maior compositor de ópera das Américas, aclamado na Europa com obras como ""O Guarani"". Maria Monteiro tornar-se-ia uma aclamada cantora soprano. E esta não foi uma história isolada. Dom Pedro II usava o seu ""salário"" de Imperador para patrocinar dezenas de estudantes, artistas e cientistas brasileiros.

Ele era o verdadeiro ""pai da nação"". Um homem que conhecia 23 línguas, mas que jantava às 4 da tarde para economizar a luz do palácio. Um homem que passeava a pé pelas ruas do Rio de Janeiro, cuja única segurança, como ele mesmo dizia, era ""o respeito que os brasileiros têm por mim"".

O seu longo reinado trouxe uma estabilidade política, um crescimento económico (com o Barão de Mauá, o Brasil chegou a ser uma potência naval), uma liberdade de imprensa e um respeito internacional que nunca mais se repetiram. Dom Pedro II não era um político a defender interesses de grupos; ele era um princípio suprapartidário, o símbolo vivo da unidade e da honra de uma nação que se respeitava.",5,23,"Dom Pedro II, Segundo Reinado, erudição, estabilidade, prosperidade, Carlos Gomes, mecenato, pai da nação, honra","D. Pedro II de José Murilo de Carvalho: Uma biografia completa que, apesar do viés republicano do autor, não consegue esconder a grandeza, a cultura e o caráter do monarca.

As Barbas do Imperador de Lilia Moritz Schwarcz: Outra biografia de referência, rica em detalhes sobre a vida pessoal, cultural e política do Segundo Reinado, incluindo o seu papel como mecenas.

Pesquisar as óperas de Carlos Gomes, como ""O Guarani"" ou ""Lo Schiavo"". Ouvir a sua música é ter um vislumbre da grandeza cultural que o Brasil era capaz de produzir sob a égide do Império.

","Compare a atitude de Dom Pedro II ao descobrir um talento com a de um governante moderno. Hoje, o talento é visto como um património da nação a ser cultivado ou como uma oportunidade para uma fotografia?

O que a decisão de Dom Pedro II de usar o seu próprio dinheiro, em vez de criar um ""programa governamental"", nos diz sobre a sua visão do papel do Estado e da responsabilidade pessoal?

Um líder que não reconhece ou não valoriza a alta cultura (música, arte, filosofia) pode realmente levar uma nação à grandeza? Porquê?",,
6,sword,Livro 1: A queda de Roma,O Caos como prelúdio à Ordem Divina,"Bem-vindo ao primeiro livro da nossa jornada histórica. Se nas etapas anteriores forjamos as armas do pensamento, agora vamos usá-las para reconquistar o território mais disputado de todos: o Passado.

A história da Queda de Roma é, talvez, a mais importante e ignorada lição que o Ocidente se recusa a aprender. A narrativa moderna, contaminada por uma visão materialista e marxista da história, conta-a como uma fábula simplista: um império opressor que, por ganância e excesso de expansão, finalmente sucumbiu a povos ""vítimas"" que buscavam o seu lugar ao sol. É uma mentira conveniente, que serve para justificar as ideologias da desconstrução de hoje.

Vamos contar a história verdadeira. A história de como a mais grandiosa, complexa e duradoura civilização que o mundo já conheceu não foi primariamente destruída por inimigos externos, mas cometeu um lento suicídio, apodrecendo por dentro. Veremos como as invasões bárbaras não foram a causa da doença, mas o golpe de misericórdia num corpo já moribundo. Testemunharemos como a Providência Divina, agindo no palco caótico da história, permitiu o colapso da Cidade dos Homens para que, das suas cinzas, pudesse florescer algo novo: a Cristandade, a matriz de tudo o que hoje chamamos de Civilização Ocidental.

Este livro não é sobre o fim de um império. É sobre a lição perene, escrita com o sangue de milhões, de que nenhuma muralha é alta o suficiente, nenhum exército é poderoso o bastante para proteger uma civilização que já perdeu a sua alma e declarou guerra à própria Verdade.",6,1,"Roma, queda, barbáros, trevas, ordem, divina, providência, cristandade, civilização","A Cidade de Deus de Santo Agostinho: Escrita precisamente em resposta ao choque do Saque de Roma em 410, esta é a obra fundamental para entender a visão cristã da história como a interação entre a Cidade dos Homens (imperfeita e passageira) e a Cidade de Deus (eterna e perfeita).

A História do Declínio e Queda do Império Romano de Edward Gibbon: Embora Gibbon fosse um iluminista crítico do cristianismo, a sua monumental obra é uma fonte indispensável de factos e da escala épica do colapso romano. Deve ser lida com o nosso ""filtro"" da verdade.","A ideia de que uma crise histórica pode ser um ""julgamento providencial"" faz sentido para si? Ou acredita que a história é apenas uma sucessão de acidentes?

Por que é que a narrativa de que Roma ""caiu por causa dos seus próprios pecados"" é mais incômoda para o mundo moderno do que a narrativa de que foi ""destruída por invasores""?

Se a nossa civilização colapsasse hoje, que ""bárbaros"" seriam apontados como culpados pela narrativa oficial? E quais seriam as verdadeiras causas internas?",,
6.1,book,Capítulo 1: A crise interna,Corrupção e Fragmentação (235-284 d.C.),"Antes de falarmos de um único guerreiro godo a cruzar o Danúbio, precisamos de fazer uma autópsia no corpo do Império Romano no século III. O inimigo não estava, primariamente, do lado de fora das muralhas. O inimigo estava no palácio, nos quartéis, no senado e, o mais grave, no coração dos próprios romanos. A crise que preparou a queda não foi militar; foi moral, econômica e política.

São Tomás de Aquino, ao analisar a política, ensina que um governo se corrompe quando deixa de buscar o bem comum e passa a buscar o bem privado dos governantes. O Império Romano do século III é a ilustração trágica desta lição. Os imperadores já não eram estadistas como Augusto ou Marco Aurélio; eram generais brutais, muitas vezes de origem bárbara, a lutar uns contra os outros pelo poder, num ciclo vicioso de assassinatos e guerras civis. O Senado era uma sombra de si mesmo, e a lei, antes o orgulho de Roma, tornara-se um instrumento dos poderosos.

Este capítulo vai dissecar esta podridão interna, camada por camada. Vamos mostrar que o enfraquecimento endógeno, a perda da virtude e do propósito, é sempre o pré-requisito para o colapso de qualquer grande civilização. Os bárbaros não derrubaram um gigante saudável; eles apenas empurraram um colosso cujas pernas já estavam gangrenadas.",5.1,2,"crise, Roma, corrupção, inflação, declínio moral, hybris, vício, colapso, tomismo","Suma Teológica de Santo Tomás de Aquino (Parte I-II, Questão 95, Artigo 2): A análise de São Tomás sobre como uma lei que não é justa se torna ""antes um ato de violência do que uma lei"" é a chave filosófica para entender o colapso da legitimidade romana.

The Roman Empire in the Third Century de David S. Potter: Uma análise acadêmica moderna e detalhada sobre este período caótico, conhecido como a ""Crise do Terceiro Século"".","A descrição de São Tomás de um ""governo corrupto"" aplica-se a alguma realidade que conhece hoje?

Quando a população perde a confiança nas suas próprias instituições (exército, senado, justiça), uma civilização ainda pode defender-se de ameaças externas?

O que acontece a uma sociedade quando a busca pelo poder se torna mais importante do que a busca pelo bem comum?",,
6.1.1,book,Inflação e guerras Civis,O veneno econômico e a espada fratricida,"Imagine-se um comerciante romano no ano 260 d.C. Você vende azeite na sua loja em Roma. Um soldado da guarda pretoriana entra, pega alguns potes e, em vez de pagar com moedas de prata sólida, como o seu avô fazia, ele joga no seu balcão um punhado de moedas que mais parecem de cobre, com um leve banho de prata. Você sabe que o valor real daquelas moedas é quase nulo. Mas o que pode fazer? Recusar o pagamento de um legionário armado é uma sentença de morte. Você aceita as moedas, sabendo que amanhã elas valerão ainda menos.

Esta cena era o dia a dia na Crise do Terceiro Século. O Império estava a ser devorado por dentro pelo seu próprio exército. Entre 235 e 284 d.C., um período de apenas 49 anos, Roma teve mais de 20 imperadores ""legítimos"". A maioria não governava a partir de Roma, mas de acampamentos militares, e quase todos morreram de forma violenta, assassinados pelas suas próprias tropas. O exército, que antes era o guardião das fronteiras, tornara-se um cancro, um ""criador de reis"" que leiloava o trono a quem prometesse mais dinheiro.

Para pagar a ""lealdade"" destas legiões, os imperadores recorreram a um veneno que conhecemos muito bem: a inflação. Eles começaram a desvalorizar a moeda de forma sistemática. O denário, que no tempo de Augusto era quase prata pura, no final do século III tinha menos de 5% do metal nobre. O resultado foi uma hiperinflação galopante. Os preços dispararam, o comércio entrou em colapso – por que enviar um navio de trigo do Egito para Roma se, ao chegar, o pagamento não valeria nada? – e o povo foi esmagado por impostos cada vez mais brutais, muitas vezes cobrados em géneros (produtos agrícolas), pois ninguém mais confiava no dinheiro.

As guerras civis constantes entre generais que se autoproclamavam imperadores deixavam as fronteiras desprotegidas. Tribos germânicas, que antes tremiam ao ouvir o nome de Roma, começaram a fazer incursões ousadas, saqueando cidades e voltando para as suas florestas, encontrando pouca ou nenhuma resistência. Roma não estava a ser conquistada; estava a ser rasgada em pedaços pelos seus próprios generais, numa orgia de ganância e poder. A espada que deveria proteger a civilização estava a ser usada para cometer suicídio.",5.1,3,"inflação, guerra civil, crise do terceiro século, exército, desvalorização, imposto, anarquia","The Crisis of the Third Century, capítulo em ""The Cambridge Ancient History, Vol. 12"": Oferece uma análise detalhada e acadêmica sobre a anarquia militar e a crise econômica do período.

A History of the Roman Empire de Michael Grant: Um relato acessível que descreve vividamente o ciclo de assassinatos e usurpações imperiais.","Qual a semelhança entre um governo que desvaloriza a sua moeda para pagar as suas dívidas e um governo que mente ao seu povo? Qual é a ""moeda"" que está a ser desvalorizada em cada caso?

Um exército que se preocupa mais com a política interna do que com a defesa das fronteiras ainda é um exército ou tornou-se um bando armado a serviço de interesses particulares?

Como a instabilidade econômica (inflação, impostos altos) afeta a moralidade e a confiança de um povo no seu governo e no seu futuro?",,
6.1.2,book,A grandeza perdida e o declínio moral,Da engenharia de Pompeia à podridão do Coliseu,"Para entender a profundidade da tragédia, precisamos de nos afastar por um momento do caos do século III e voltar no tempo, para sentir o pulsar de uma cidade romana no auge do seu poder e engenhosidade. Esqueça a imagem de um mundo primitivo. Imagine caminhar pelas ruas de Pompeia no ano 78 d.C., um dia antes da erupção do Vesúvio.

O ar está impregnado do cheiro de pão quente vindo de uma das dezenas de padarias, cujos fornos a lenha ainda hoje estão intactos. Você decide comer algo rápido. Entra num thermopolium, um ""fast-food"" da época, com um balcão de mármore com grandes potes de terracota embutidos, mantendo a comida e a bebida quentes. Você pede um copo de vinho e uma porção de guisado, e come ali mesmo, no balcão, a observar o movimento da rua.

A rua é pavimentada com grandes blocos de pedra. Para atravessar, você não pisa na lama ou nos dejetos que os animais deixam; você usa as passadeiras, blocos de pedra elevados que permitem que as carroças passem, mas que mantêm as suas sandálias limpas. A água que corre pela rua não é esgoto; é um fluxo constante de água limpa vindo dos aquedutos, um sistema de limpeza urbana engenhoso. Esta mesma água, através de uma complexa rede de canos de chumbo, abastece as fontes públicas, as magníficas termas (os clubes sociais da época) e as casas dos mais ricos.

Isto era a Roma do auge: pragmática, ordenada, engenhosa, uma civilização que usava a sua genialidade para construir um mundo mais funcional e belo. Mas no século III, esta Roma estava a morrer. A virtus – a virtude, a coragem, o sentido de dever e a moderação que construíram esta civilização – estava a ser substituída pela hybris: a arrogância, o luxo desenfreado, a crueldade como entretenimento e a busca pelo prazer a qualquer custo.

Agora, transporte-se para o Coliseu de Roma, 200 anos depois. A genialidade da engenharia ainda está lá, nos seus arcos, nas suas rampas e nos seus elevadores subterrâneos. Mas agora, ela serve a um propósito muito mais sombrio. O cheiro não é de pão, mas de sangue, suor e areia molhada. O som não é o da conversa de vizinhos, mas o rugido de 50.000 pessoas a gritar pela morte. No centro da arena, homens matam-se uns aos outros para o deleite da multidão. Cristãos são atirados a leões famintos como espetáculo.

A mesma cultura que projetou aquedutos para levar vida às cidades, agora projetava arenas para celebrar a morte. O povo, anestesiado pelo ""pão e circo"" – distribuição de comida grátis e entretenimento bárbaro –, tornava-se cúmplice da sua própria decadência moral. O império não estava a cair por falta de tecnologia ou de recursos. Estava a cair por falta de caráter, por ter trocado a virtude pelo vício.",5.1,4,"declínio moral, hybris, Pompeia, engenharia, luxo, decadência, Coliseu, virtude, vício","Pompeia: A Vida de uma Cidade Romana de Mary Beard: Um livro fascinante que reconstrói a vida quotidiana em Pompeia, revelando a sua sofisticação e as suas contradições.

As Sátiras de Juvenal: A obra do poeta romano do início do século II é uma crítica mordaz e muitas vezes chocante à decadência moral, à corrupção e ao luxo da cidade de Roma.","Uma sociedade que possui tecnologia avançada mas que a usa para entretenimento degradante e imoral é uma sociedade ""avançada""? Qual é a verdadeira medida do progresso?

Qual a diferença entre a diversão saudável (como o teatro ou o desporto) e a cultura do ""pão e circo""? Em que categoria se encaixa a maior parte do nosso entretenimento de massas hoje?

Se a virtude é o que constrói uma civilização, o que acontece quando uma sociedade começa a ridicularizar a virtude e a celebrar o vício?",,
6.1.3,book,Paralelo moderno,A desconstrução de valores e a fragilidade do ocidente,"A história da crise interna de Roma não é um conto de um passado distante. É um espelho. As mesmas forças de desintegração que minaram o Império Romano estão a operar hoje, e o epicentro desta desconstrução está nas nossas universidades e instituições culturais.

Assim como Roma no século III, a nossa civilização ocidental não está a ser primariamente ameaçada por um inimigo externo com poder militar superior. A ameaça vem de dentro.

A inflação romana, causada pela desvalorização da moeda para financiar o Estado, encontra o seu eco nas políticas monetárias irresponsáveis de hoje, que corroem o poder de compra e a poupança das famílias.

As guerras civis entre generais romanos pelo poder encontram o seu paralelo na nossa polarização política tóxica, onde a ""guerra cultural"" e a destruição do oponente se tornaram mais importantes do que o bem comum da nação.

O declínio moral do ""pão e circo"" reflete-se na nossa cultura de entretenimento massivo, muitas vezes degradante e viciante, que serve para anestesiar a população e a distrair dos problemas reais.

E, o mais perigoso de tudo, a hybris romana, a arrogância de uma civilização que se volta contra os seus próprios alicerces, tem o seu equivalente direto na cultura ""woke"" e na teoria crítica que dominam as nossas universidades.

As universidades, que deveriam ser os bastiões da sabedoria ocidental, os lugares onde se estuda Platão, Aristóteles, Santo Agostinho e São Tomás de Aquino, tornaram-se fábricas de desconstrução. Em vez de ensinarem aos jovens a herança de Atenas, Roma e Jerusalém, ensinam-nos a odiá-la, a vê-la apenas como uma história de ""opressão"". Heróis são transformados em vilões, a virtude é ridicularizada como ""preconceito"", a beleza é relativizada e a própria ideia de verdade objetiva é atacada como uma ""ferramenta de poder"" dos ""opressores"".

Assim como a elite romana se entregou à decadência e ao luxo, a nossa elite intelectual e cultural trabalha ativamente para demolir os pilares morais, filosóficos e religiosos que sustentam a nossa civilização. Eles estão, conscientemente ou não, a serrar o galho sobre o qual estão sentados. Estão a deixar as portas da cidade abertas e a desarmar os guardas, preparando o terreno para os novos bárbaros.",5.1,5,"paralelo, modernidade, universidade, desconstrução, valores, ocidente, crise, cultura, ideologia","A Mente Cauterizada de Russell Kirk: Um dos grandes pensadores conservadores do século XX, Kirk diagnostica a perda da imaginação moral e da reverência pela tradição como a principal doença do homem moderno.

O Fechamento da Mente Americana de Allan Bloom: Um livro polémico e brilhante que, já nos anos 80, denunciava como o relativismo e a falta de um currículo centrado nos grandes livros estavam a empobrecer a alma dos estudantes universitários.","Se a missão de uma universidade é transmitir a herança de uma civilização, o que acontece quando ela passa a ensinar os seus alunos a desprezar essa mesma herança?

Você consegue identificar exemplos na cultura popular (filmes, séries, músicas) que celebram os valores tradicionais da nossa civilização? E exemplos que os atacam ou ridicularizam? Qual dos dois é mais comum?

A liberdade de uma sociedade depende da virtude dos seus cidadãos? Ou é possível manter a liberdade numa sociedade moralmente decadente?",,
6.2,brain,Capítulo 2: Ondas iniciais bárbaras,Godos e alamanos no Reno/Danúbio (250-350 d.C.),"Enquanto Roma se consumia em guerras civis e crises econômicas, do outro lado das suas longas fronteiras, nos rios Reno e Danúbio, um mundo novo e inquieto observava. Tribos germânicas, que os romanos genericamente chamavam de ""bárbaros"", sentiam a fraqueza do gigante. A anarquia militar que deixava as guarnições vazias era um convite aberto.

Este capítulo narra os primeiros choques, as primeiras grandes incursões que testaram a resiliência de um Império que já cambaleava. Não se tratava ainda de uma migração em massa, mas de ondas de saques e pilhagens que expunham a fragilidade de Roma. Veremos como o Império reagiu, as vitórias temporárias de heróis esquecidos e como esta ""invasão"" física encontra um paralelo chocante na invasão de ideologias bárbaras que hoje saqueiam a nossa própria cultura por dentro.

Esta não é a história do início do fim, mas do momento em que a doença interna de Roma começou a manifestar os seus sintomas mais violentos na pele das suas fronteiras.",6.1,1,"bárbaros, invasões, godos, alamanos, fronteira, resiliência, crise, Aureliano, ideologia","As Invasões Bárbaras de Hans Delbrück: Um estudo clássico da história militar, analisando a organização, as táticas e os números das tribos germânicas e dos exércitos romanos.

Romans and Barbarians: The Decline of the Western Empire de E. A. Thompson: Uma obra que explora as complexas relações sociais e políticas entre romanos e bárbaros, para além dos conflitos militares.

A Cidade de Deus de Santo Agostinho (Livro V): Agostinho discute a Providência Divina mesmo nas crises e como as virtudes (ou a falta delas) dos romanos influenciaram o destino do Império.","Um império que não consegue proteger as suas próprias fronteiras ainda pode ser considerado um império soberano? Qual é a função mais básica de um Estado?

A fraqueza interna de uma nação ""convida"" a agressão externa? Por quê?

Qual a diferença entre uma ""fronteira"" física (um rio, uma muralha) e uma ""fronteira"" cultural ou moral? Qual das duas é mais importante para a sobrevivência de uma civilização?",,
6.2.1,book,Saques fronteiriços,O teste de estresse na casca do Império,"Imagine-se um agricultor romano na província da Gália, perto do rio Reno, por volta do ano 260 d.C. A sua vida sempre foi definida pela Pax Romana, a paz e a ordem garantidas pelas legiões. Mas, nos últimos anos, o medo tornou-se o seu companheiro constante. As legiões que antes patrulhavam a fronteira foram retiradas para lutar por algum general ambicioso que se autoproclamou imperador em Roma ou em outra província. A fronteira está aberta.

Numa noite, o seu pior medo torna-se realidade. Guerreiros altos, loiros, com machados e escudos redondos – alamanos – cruzam o rio e caem sobre a sua vila. Eles não vêm para conquistar; vêm para saquear. Queimam as colheitas, roubam o gado, matam quem resiste e levam os jovens como escravos. No dia seguinte, quando o sol nasce sobre as ruínas fumegantes da sua casa, eles já se foram, de volta para as florestas da Germânia.

Este cenário repetiu-se incessantemente ao longo das fronteiras do Reno e do Danúbio durante a Crise do Terceiro Século. Não eram exércitos organizados a tentar uma conquista, mas grandes bandos de guerreiros a aproveitar-se de uma oportunidade. Os godos no Danúbio e os alamanos e francos no Reno perceberam que a casca do Império, antes impenetrável, estava agora oca.

Estes saques tinham um efeito devastador para além da destruição material. Eles quebravam o pacto fundamental entre o Estado romano e o seu cidadão: o pacto da segurança. O camponês pagava os seus impostos esmagadores e, em troca, o Império deveria protegê-lo. Quando essa proteção falhou, a própria legitimidade do Império começou a desmoronar. As pessoas começaram a abandonar as suas terras, as cidades fortificaram-se e a economia das províncias fronteiriças, antes próspera, entrou em colapso.

A crise não era apenas em Roma; ela agora sangrava nas veias abertas das fronteiras.",6.1,2,"saques, fronteira, godos, alamanos, Reno, Danúbio, pilhagem, crise, fragilidade","The Fall of the Roman Empire: A New History of Rome and the Barbarians de Peter Heather: Heather argumenta de forma convincente que o aumento da sofisticação política e militar das tribos germânicas, em resposta à própria existência do Império, foi um fator crucial para a sua queda.","O que acontece com a moral de um povo quando o seu governo já não consegue garantir a sua segurança mais básica?

A crise nas fronteiras romanas era um problema ""local"" ou um sintoma de uma doença que afetava todo o Império?

Existe algum paralelo entre a sensação de insegurança de um cidadão romano na fronteira e a sensação de insegurança de um cidadão brasileiro hoje, que vive refém da criminalidade em muitas cidades?",,
6.2.2,book,Assentamentos forçados,"O bárbaro como ""aliado"" dentro dos portões","A resposta de Roma à crescente pressão nas fronteiras foi, muitas vezes, pragmática, mas com consequências fatais a longo prazo. Incapaz de derrotar militarmente todas as tribos ou de policiar milhares de quilômetros de fronteira, o Império começou a adotar uma nova política: a dos assentamentos forçados e dos federados (foederati).

A ideia parecia inteligente: em vez de lutar contra uma tribo, por que não fazer um acordo com ela? Roma permitia que tribos inteiras se assentassem dentro do território do Império, em terras despovoadas, com a condição de que servissem como uma primeira linha de defesa contra outras tribos. Em troca de terras e subsídios, estes bárbaros tornavam-se ""aliados"" de Roma, lutando sob o comando dos seus próprios chefes.

A curto prazo, a política parecia funcionar. O Império ganhava ""tropas de choque"" baratas para defender as fronteiras. Mas, a longo prazo, foi um veneno.

A Erosão da Identidade: O exército romano começou a ser ""barbarizado"". Cada vez mais, as legiões eram compostas não por cidadãos romanos a lutar pelo seu império, mas por mercenários germânicos com pouca ou nenhuma lealdade a Roma.

A Perda de Controlo: Estes grupos mantinham a sua própria cultura, a sua própria língua e a sua própria estrutura de comando. Eles não eram assimilados. Eram quistos bárbaros a crescer dentro do corpo do Império.

A Porta de Entrada para a Invasão: Quando a lealdade destes ""aliados"" falhava, ou quando eles se sentiam fortes o suficiente, a defesa transformava-se em invasão. O exército que deveria proteger uma província tornava-se o seu pior predador.

Paralelo Moderno: Esta política romana encontra um eco perturbador na forma como o Ocidente moderno lida com a imigração em massa e a ascensão de ideologias hostis. Em vez de exigir assimilação aos valores da civilização ocidental, muitas vezes criam-se ""comunidades"" que vivem sob as suas próprias regras (como as zonas de sharia law na Europa), ou permite-se que ideologias que odeiam a nossa herança (como o marxismo cultural) se instalem e floresçam dentro das nossas instituições mais importantes, as universidades, em nome da ""diversidade"" e da ""tolerância"".

Assim como Roma, estamos a convidar o bárbaro para dentro dos portões, chamando-o de ""aliado"", na esperança de que ele nos defenda, sem perceber que ele pode, um dia, decidir que a casa é dele.",6.1,3,"assentamentos, foederati, bárbaros, aliados, fronteira, imigração, assimilação, crise, identidade",Empires and Barbarians: The Fall of Rome and the Birth of Europe de Peter Heather: Explora em profundidade as migrações em massa e como a política de assentamentos de Roma acabou por acelerar o seu próprio colapso.,"Qual a diferença entre uma imigração que enriquece uma cultura e uma que a ameaça? A chave está no número de imigrantes ou na sua vontade de se assimilarem aos valores da sociedade que os acolhe?

Um exército composto maioritariamente por mercenários estrangeiros pode ter a mesma lealdade e o mesmo espírito de sacrifício que um exército de cidadãos?

As universidades ocidentais de hoje, ao promoverem ideologias que atacam a própria civilização que as criou, estão a agir como ""aliadas"" ou como ""bárbaros internos""?",,
6.2.3,book,Heróis romanos tardios,"Aureliano, o restaurador do mundo","No meio do caos e da escuridão da Crise do Terceiro Século, surgiram chispas de luz, homens que encarnaram a antiga virtus romana e que, por um breve momento, adiaram o colapso. O maior deles foi o Imperador Aureliano.

Aureliano reinou por apenas cinco anos (270-275 d.C.), mas a sua energia e a sua determinação foram sobre-humanas. Quando ele assumiu o poder, o Império estava literalmente a desmoronar-se: o Império das Gálias tinha-se separado no Ocidente e o Império de Palmira, liderado pela Rainha Zenóbia, tinha conquistado o Egito e todo o Oriente. Roma estava reduzida à Itália e a algumas províncias.

Em cinco anos, Aureliano, um general de origem humilde, marchou incansavelmente de uma ponta à outra do império:

Derrotou os godos e os vândalos no Danúbio.

Reconquistou o Império de Palmira, capturando a Rainha Zenóbia e levando-a em triunfo para Roma.

Reconquistou o Império das Gálias, reunificando todo o território romano sob uma única autoridade.

Iniciou uma reforma monetária para tentar combater a inflação.

Começou a construção das Muralhas Aurelianas em redor de Roma, um sinal sombrio de que, pela primeira vez em séculos, a própria capital precisava de se defender.

Por estes feitos, o Senado concedeu-lhe um título que diz tudo: Restitutor Orbis, o ""Restaurador do Mundo"".

A história de Aureliano (e de outros imperadores-soldados desta época, como Cláudio II Gótico) é uma lição poderosa. Mostra que mesmo no meio da mais profunda crise, a virtude da fortaleza e a determinação de um único homem ou de um pequeno grupo de homens pode reverter o curso da história e restaurar a ordem. A decadência não era um destino inevitável. Era uma escolha.

Aureliano foi, no entanto, traído e assassinado pelos seus próprios secretários, vítimas de uma conspiração. A sua morte mostra a outra face da moeda: a virtude de um líder não pode, sozinha, salvar uma sociedade onde a corrupção e a traição se tornaram a norma. Ele restaurou as fronteiras do Império, mas não conseguiu restaurar a sua alma. Foi um herói num tempo que já não merecia heróis. A sua história é um vislumbre glorioso e trágico da grandeza que Roma já não conseguia mais sustentar.",6.1,4,"heróis, Aureliano, Restitutor Orbis, virtude, fortaleza, resiliência, ordem, esperança, Império Romano","Aurelian and the Third Century de Alaric Watson: A biografia definitiva e mais completa sobre este imperador extraordinário e o seu impacto na crise.

The Roman Emperors: A Biographical Guide to the Rulers of Imperial Rome de Michael Grant: Um excelente livro de referência para conhecer a vida e os feitos de imperadores menos conhecidos, como Aureliano e Diocleciano.","A história de Aureliano prova que a ""decadência"" é um processo reversível? O que é necessário para reverter o declínio de uma nação?

Por que é que sociedades em crise por vezes produzem os seus maiores heróis?

Se Aureliano tivesse vivido por mais 20 anos, ele teria conseguido salvar o Império Romano, ou a crise moral era já demasiado profunda?",,
6.3,home,Capítulo 3: Pressão Huna e Batalha de Adrianópolis,O ponto sem retorno (376-378 d.C.),"Se a Crise do Terceiro Século foi a manifestação da doença autoimune de Roma, o final do século IV foi o momento em que o corpo, já debilitado, foi exposto a um patógeno externo de uma virulência nunca antes vista. Das estepes longínquas e geladas da Ásia, surge uma sombra, um povo de cavaleiros nômades, descritos pelos historiadores romanos como a personificação do pesadelo: baixos, atarracados, com rostos marcados por cicatrizes rituais, vivendo e morrendo sobre os seus cavalos. Eram os hunos.

A sua chegada ao leste europeu não foi uma invasão para saquear; foi um cataclismo. Eles não queriam terras ou tesouros; eles queriam pasto e extermínio. A sua ferocidade gerou uma onda de choque que desestabilizou todo o mundo bárbaro, empurrando tribos inteiras, em pânico, na direção da única civilização que ainda restava de pé: Roma.

Este capítulo narra o ponto sem retorno. O momento em que uma crise de refugiados na fronteira, transformada em desastre pela corrupção e pela arrogância, culmina na mais humilhante derrota militar da história romana. Adrianópolis não foi apenas uma batalha perdida; foi a morte de um Imperador em campo, a aniquilação de um exército de elite e o estilhaçar do mito da invencibilidade romana. É uma lição trágica e perene sobre a virtude da fortaleza, que não é apenas a coragem de lutar, mas a prudência e a resiliência moral para enfrentar o caos sem se deixar consumir por ele.
",8,1,"hunos, godos, Adrianópolis, Valens, migração, colapso, fortaleza, ponto sem retorno, crise","Ammianus Marcellinus - The Later Roman Empire: Amiano foi um soldado e historiador romano que viveu e escreveu durante este período. A sua descrição da Batalha de Adrianópolis é a principal fonte que temos e é um relato vívido e aterrorizante.

Empires and Barbarians: The Fall of Rome and the Birth of Europe de Peter Heather: Oferece a análise mais completa sobre o impacto da chegada dos hunos e as migrações em cadeia que ela provocou.","Um líder que subestima uma ameaça externa por arrogância ou por estar focado em disputas internas está a ser corajoso ou imprudente?

O que é mais perigoso para uma nação: um inimigo declarado nas suas fronteiras ou a corrupção dos seus próprios oficiais?

A virtude da fortaleza exige que uma nação seja impiedosa ou que ela saiba aliar a força com a prudência e a justiça?",,
6.3.1,book,A migração dos godos,Quando a compaixão mal gerida se torna uma arma de destruição,"Imagine a cena. No ano 376 d.C., uma multidão incontável de homens, mulheres e crianças — a nação inteira dos godos tervíngios — amontoa-se na margem norte do rio Danúbio, a fronteira do Império Romano. Eles não vêm como invasores, mas como suplicantes aterrorizados. As suas terras foram devastadas pelos hunos, e eles olham para o Império não como um inimigo a ser conquistado, mas como o único refúgio possível.

O imperador do Oriente, Valente, a milhares de quilômetros de distância em Antioquia, autoriza a travessia, com a condição de que entreguem as suas armas. O que se segue é um retrato da corrupção que roía o império. Os oficiais romanos na fronteira, Lupicino e Máximo, veem a crise humanitária como uma oportunidade de negócio. Eles confiscam a comida destinada aos refugiados para a vender a preços exorbitantes. Os godos, famintos, chegam a vender os seus próprios filhos como escravos em troca de carne de cão. Pior, os oficiais permitem que os guerreiros mantenham as suas armas em troca de subornos e da entrega das suas mulheres e filhas para os bordéis do acampamento.

Humilhados, famintos e ainda armados, os godos, que queriam ser súditos leais, são transformados numa horda revoltada. A compaixão imperial foi transformada em desastre pela ganância local. Este padrão de uma migração em massa, mal gerida pela incompetência e pela corrupção do Estado, que resulta na degradação e no caos, não é uma relíquia do passado. É uma estratégia recorrente.

Pense em São Paulo na década de 80: A cidade, motor econômico do Brasil, atraiu uma migração interna massiva, principalmente do Nordeste, de pessoas que fugiam da seca e da pobreza. Não houve, no entanto, qualquer plano estatal para receber esta massa humana. O resultado? Um crescimento desordenado e explosivo das favelas nos cinturões da cidade, a criação de vastas áreas sem saneamento, segurança ou infraestrutura. Esta desordem social foi o terreno fértil onde germinou o crime organizado, como o PCC, que nasceu nos presídios superlotados da década de 90. A ""invasão"" não foi hostil na sua origem, mas a negligência do Estado transformou uma crise social numa catástrofe de segurança que assombra a cidade até hoje.

Pense no Rio de Janeiro e nos megaeventos (Copa e Olimpíadas): Aqui, a ""invasão"" foi de projetos faraônicos, impulsionada pela corrupção de um governo federal alinhado com o governador e o prefeito. Bilhões foram gastos em estádios e obras de mobilidade que beneficiavam apenas áreas nobres e empreiteiras. O resultado? Uma hiperinflação imobiliária que expulsou os próprios cariocas das suas casas. O custo de vida tornou-se insustentável. O ""legado"" foi o abandono, a falência do estado e uma cidade mais dividida. A corrupção dos ""oficiais"" transformou o sonho olímpico num pesadelo para o cidadão comum.

Pense na Europa de hoje: A política de ""portas abertas"" da Alemanha, da França e da Inglaterra, em nome de uma ideologia multiculturalista, permitiu a entrada de milhões de imigrantes muçulmanos sem qualquer plano de assimilação. O resultado é a repetição da história romana: a criação de sociedades paralelas hostis à cultura anfitriã, as zonas de sharia law onde a polícia do Estado tem medo de entrar, e a inversão bizarra onde a cultura local é suprimida para não ""ofender"" o recém-chegado. Vemos cristãos a serem presos por rezarem em silêncio nas ruas de Londres, enquanto, nessas mesmas cidades, as ruas são fechadas para as orações islâmicas em massa. A invasão, como em Roma, não é apenas física; é demográfica, cultural e legal.

Seja por corrupção, incompetência ou estratégia deliberada, a lição de 376 d.C. ecoa até hoje: uma crise migratória ou um movimento populacional massivo, quando gerido sem ordem, prudência e moralidade, não termina em integração. Termina em fogo.",8,2,"migração, godos, refugiados, Danúbio, corrupção, crise humanitária, invasão, São Paulo, Rio de Janeiro","A História do Declínio e Queda do Império Romano de Edward Gibbon: A sua descrição da corrupção dos oficiais romanos na fronteira do Danúbio é um estudo de caso clássico sobre a ganância humana em tempos de crise.

The Strange Death of Europe: Immigration, Identity, Islam de Douglas Murray: Um relato contundente e jornalístico sobre a crise migratória na Europa, argumentando que o continente está a cometer um suicídio cultural.","A corrupção dos oficiais romanos foi a causa principal da revolta dos godos ou apenas a ""gota d'água"" que fez transbordar um copo já cheio de desespero?

Qual a diferença entre uma política de imigração ordenada, que exige assimilação e contribuição, e uma política de ""portas abertas"" que gera o caos e a formação de guetos?

Quando uma cultura anfitriã começa a punir as suas próprias tradições para não ""ofender"" uma cultura imigrante, ela está a ser tolerante ou suicida?",,
6.3.2,book,A morte de Valente,Adrianópolis: a arrogância que precede a aniquilação,,8,3,"Adrianópolis, Valente, morte, arrogância, hybris, prudência, fortaleza, batalha, derrota, império","Adrianópolis 378: O Crepúsculo de Roma por Simon MacDowall (Osprey Publishing): Um livro focado na batalha em si, com excelentes mapas e análises das táticas e do equipamento de ambos os exércitos.

The Roman War of Antiope de John Matthews: Um estudo aprofundado do reinado de Valente e do contexto político que levou à desastrosa campanha.","Qual é a diferença entre um líder corajoso e um líder imprudente? Dê exemplos da história ou do mundo atual.

A busca pela ""glória pessoal"" é compatível com a responsabilidade de um estadista que governa milhões de vidas?

Se Valente tivesse esperado por Graciano e eles tivessem vencido a batalha, a Queda de Roma teria sido evitada ou apenas adiada?",,
6.3.3,book,O impacto psicológico,O fantasma de Canas e o fim de um mito,"A notícia da Batalha de Adrianópolis caiu sobre o Império Romano como um trovão. Não foi apenas uma derrota militar; foi um cataclismo psicológico. Para entender o seu impacto, é preciso saber que, na mente romana, havia um trauma, um fantasma que assombrava a sua história: a Batalha de Canas, em 216 a.C.

Em Canas, o general cartaginês Aníbal, num dos maiores feitos de gênio militar da história, cercou e aniquilou um exército romano de 80.000 homens, quase o dobro do seu. Foi o ponto mais baixo da República. A cidade entrou em pânico. Mas Roma, com uma resiliência e uma virtude cívica sobre-humanas, recusou-se a render-se, levantou novos exércitos de jovens e velhos, e, por fim, venceu a guerra. A memória de Canas tornou-se um mito fundador: o símbolo da capacidade de Roma de olhar para o abismo, cuspir nos olhos do demônio e superar qualquer desastre.

Adrianópolis foi pior do que Canas.
Pela primeira vez em quase 600 anos, um exército romano inteiro tinha sido destruído em campo aberto. Pela primeira vez na história, um Imperador romano tinha sido morto em batalha contra um inimigo bárbaro, dentro das suas próprias fronteiras. O historiador Amiano Marcelino, que sobreviveu à batalha, escreveu que Adrianópolis foi ""o começo dos males para o estado romano, então e depois"".

O mito da invencibilidade das legiões, a fundação da segurança e da ordem romana, foi estilhaçado para sempre. O impacto imediato foi o pânico. Os godos vitoriosos, agora um exército veterano e bem equipado com armas romanas, vaguearam e pilharam as ricas províncias dos Bálcãs por anos, chegando até aos portões de Constantinopla. Não havia um exército para os deter.

Mas o impacto a longo prazo foi ainda mais profundo. Adrianópolis quebrou a vontade do Império. A confiança na sua própria força, na sua própria civilização, recebeu um golpe mortal. A partir deste ponto, a política de usar bárbaros como ""federados"" já não seria feita de uma posição de força, mas de desespero. O bárbaro deixou de ser um problema na fronteira a ser gerido. Ele tornou-se uma presença permanente e aterrorizante dentro do Império, um poder com o qual os imperadores agora tinham de negociar como iguais.

O fantasma de Canas foi exorcizado pela virtude e pela resiliência. O fantasma de Adrianópolis, nascido da corrupção e da arrogância, nunca mais abandonaria Roma. A ferida aberta em 378 d.C. continuaria a sangrar até à morte final do Ocidente, um século depois.",8,4,"impacto, psicologia, choque, Adrianópolis, Canas, mito, invencibilidade, legiões, moral","The Fall of the Roman Empire: A New History of Rome and the Barbarians de Peter Heather: O livro começa precisamente com a descrição do impacto de Adrianópolis como o evento que desencadeou a cascata de acontecimentos que levaria à queda final.

A Tempestade da Guerra: Uma Nova História da Segunda Guerra Mundial de Andrew Roberts: Embora sobre um período diferente, este livro é um estudo magistral sobre a importância da moral e do impacto psicológico na guerra, conceitos perfeitamente aplicáveis à crise romana.","Por que é que a derrota de um símbolo (como a invencibilidade das legiões) pode ser mais devastadora do que a derrota puramente material?

Uma nação pode recuperar-se de uma grande derrota militar? E de uma derrota moral? Qual recuperação é mais difícil?

Após Adrianópolis, a Queda do Império Ocidental tornou-se inevitável? Ou ainda havia esperança de recuperação?",,
6.4,shield,Capítulo 4: Saques de Roma,A violação da Cidade Eterna (410 e 455 d.C.),"Se a Batalha de Adrianópolis foi a morte do mito da invencibilidade romana no campo de batalha, os eventos deste capítulo representam algo muito mais profundo: a violação do sagrado, a profanação do próprio símbolo da civilização. Por oitocentos anos, desde as invasões gaulesas no início da sua história, nenhum exército inimigo tinha conseguido penetrar as muralhas de Roma. A cidade era mais do que uma capital; era uma ideia, um sinônimo de ordem, lei e perenidade. Era a Roma Aeterna, a Cidade Eterna.

Neste capítulo, testemunharemos o impensável. Veremos como a cidade que governava o mundo foi humilhada e pilhada, não uma, mas duas vezes, num intervalo de uma geração. O choque destes saques não foi apenas material; foi um cataclismo psicológico e espiritual que forçou o mundo antigo a confrontar a sua própria mortalidade.

Mas, como em toda a grande tragédia, da mais profunda escuridão surgiu uma luz. A resposta a este trauma, formulada por um dos maiores santos da Igreja, daria ao Ocidente a bússola intelectual e espiritual para navegar pelas trevas que se avizinhavam e para construir uma nova civilização sobre as ruínas da antiga. A queda dos muros de pedra de Roma ensinou-nos a procurar a cidade cujas muralhas são eternas.",9,1,"Roma, saque, Alarico, Gensérico, vândalos, visigodos, Agostinho, Cidade de Deus, trauma, símbolo","The Fall of Rome: And the End of Civilization de Bryan Ward-Perkins: Um livro que argumenta de forma contundente que a queda de Roma foi, de fato, um colapso violento e catastrófico do padrão de vida, contrariando visões mais suaves de uma ""transformação"".

A Espada de Átila de David Gibbins: Embora um romance histórico, oferece uma reconstrução vívida do ambiente de medo e incerteza que pairava sobre o Império Romano no século V.","Qual é o símbolo máximo da sua nação ou civilização hoje? O que significaria, psicologicamente, se esse símbolo fosse violado ou destruído?

Uma civilização pode sobreviver à destruição da sua capital? O que é mais importante: a cidade física ou a ""ideia"" que ela representa?

Pense na expressão ""Cidade Eterna"". O que ela significa para si? Existe algo no mundo secular que possa reivindicar a eternidade?",,
6.4.1,book,O saque de Alarico,O fim do mundo como o conheciam (410 d.C.),"Imagine o choque. A notícia espalhou-se como um incêndio pelas províncias do Império, levada por navios e mensageiros a cavalo. Em Belém, um velho erudito, São Jerônimo, que passara a vida a traduzir a Bíblia para o latim, recebeu a notícia e escreveu, com a voz embargada: ""A minha voz falha e os soluços interrompem as minhas palavras. A cidade que conquistou o mundo inteiro foi, ela mesma, conquistada.""

A 24 de agosto de 410, os portões de Roma foram abertos. Alarico, rei dos visigodos, entrou na cidade à frente do seu exército. Os godos não eram estranhos. Eram os mesmos que tinham sido maltratados no Danúbio, que tinham vencido em Adrianópolis e que, por décadas, tinham sido usados como ""federados"" pelo próprio Império. Alarico não queria destruir Roma; ele queria ser parte dela, queria um cargo, terras, legitimidade. O saque foi o resultado da sua frustração com a incompetência e a duplicidade da corte imperial.

Durante três dias, a cidade foi pilhada. Houve violência, incêndios e roubo. Palácios foram esvaziados, tesouros acumulados por séculos foram derretidos ou levados. No entanto, o saque de Alarico teve uma característica peculiar que a história moderna convenientemente esquece: sendo ele um cristão (ariano), ordenou que as grandes basílicas de São Pedro e São Paulo fossem respeitadas como locais de santuário. Muitos cidadãos, pagãos e cristãos, encontraram refúgio e salvaram as suas vidas dentro das igrejas.

Mas este detalhe não diminuiu o trauma. O que morreu naqueles três dias não foi a cidade física, que se recuperaria, mas a ideia de Roma. A ideia de uma ordem invencível, de uma paz garantida, de uma civilização que era o centro do universo. Para um cidadão romano, a queda da cidade era, literalmente, o fim do mundo. Era a prova de que nada era seguro, nada era permanente.

O saque de 410 não foi a causa da Queda de Roma; foi o seu sintoma mais espetacular. Foi o momento em que a doença interna, a corrupção, a fraqueza e a paralisia política, se manifestou como uma ferida aberta e purulenta no coração do Império, para que todo o mundo visse.",9,2,"Alarico, visigodos, saque, Roma, 410, trauma, São Jerônimo, psicologico, Cidade Eterna, choque","Barbarians within the Gates of Rome: A Study of Roman Military Policy and the Barbarians, ca. 375-425 A.D. por Thomas S. Burns: Uma análise detalhada das complexas negociações e dos conflitos entre o governo romano e líderes bárbaros como Alarico.

As cartas de São Jerônimo escritas neste período: Ler as palavras de uma testemunha ocular do impacto psicológico do saque é uma experiência poderosa e comovente.","São Jerônimo escreveu: ""Se Roma pode perecer, o que poderá estar seguro?"". O que esta frase revela sobre o papel simbólico que Roma desempenhava na mente das pessoas da época?

Alarico queria ser um general romano, não o destruidor de Roma. O que a incapacidade do Império de o assimilar nos diz sobre a sua própria decadência política e diplomática?

O facto de Alarico ter poupado as igrejas mostra uma diferença entre um ""bárbaro"" cristão e um bárbaro pagão? A fé partilhada, mesmo que de forma herética, ainda impunha um limite moral?",,
6.4.2,book,O saque dos vândalos,O trauma africano e a humilhação final (455 d.C.),"Se o saque de Alarico foi um choque agudo, um trauma súbito, o saque dos vândalos em 455 d.C. foi a confirmação lenta e metódica da impotência de Roma. Foi a humilhação final, a prova de que o Império já não era nem a sombra do que fora.

Os vândalos, liderados pelo seu astuto e implacável rei, Gensérico, tinham conquistado a mais rica província do Ocidente: o Norte de África. A partir da grande cidade de Cartago – a antiga inimiga mortal que Roma levara séculos a destruir –, os vândalos construíram uma frota e tornaram-se uma potência naval. A ironia é brutal: o antigo celeiro de Roma, a sua fonte de trigo, tornara-se agora a base de um reino bárbaro que podia estrangular a cidade pela fome.

Em 455, usando como pretexto a quebra de um acordo de casamento, a frota de Gensérico atravessou o Mediterrâneo e ancorou na foz do Tibre. A cidade de Roma estava indefesa. Não havia um exército para a proteger. A única autoridade que restou para negociar com o rei vândalo não foi um general ou um senador, mas o Papa Leão I, o Grande. O mesmo Papa que, poucos anos antes, tinha convencido Átila, o Huno, a não atacar a cidade.

Leão conseguiu um acordo com Gensérico: os vândalos podiam saquear a cidade, mas não a incendiariam nem massacrariam a população. O que se seguiu foi uma pilhagem sistemática e profissional que durou duas semanas. Não foi a fúria caótica dos visigodos; foi o desmantelamento metódico de uma civilização. Navio após navio era carregado com os tesouros que ainda restavam nos palácios e templos, incluindo os artefactos sagrados do Templo de Jerusalém que o Imperador Tito trouxera para Roma séculos antes.

O ""trauma africano"" foi a demonstração da inversão completa da ordem mundial. O conquistado tornara-se conquistador. A província dominava a metrópole. O poder de Roma, que se fundara no domínio do Mediterrâneo, morria nas mãos de um rei bárbaro que chegara pelo mar. O saque de 455 não foi um grito; foi o som oco e triste da tampa de um caixão a ser fechada.",9,3,"vândalos, Gensérico, saque, 455, Cartago, África, impotência, humilhação, pilhagem, mar","The Vandals de Andy Merrills e Richard Miles: Uma história completa do reino vândalo no Norte de África, mostrando que eles não eram apenas ""vândalos"", mas os construtores de um estado sofisticado e de uma poderosa marinha.

A Vida de Santo Agostinho de Possídio: Agostinho morreu em 430 d.C., na sua cidade de Hipona, enquanto esta estava cercada pelos vândalos. O relato do seu biógrafo capta o desespero e o fim de uma era.","O que é mais humilhante para uma grande potência: ser derrotada por um inimigo à sua altura ou ser subjugada por uma antiga província que se tornou independente e hostil?

O Papa Leão I, ao negociar com Gensérico, demonstrou fraqueza ou a única forma de sabedoria e coragem possível naquelas circunstâncias?

A perda do controle do mar e do abastecimento de comida foi um fator decisivo para a queda de Roma. Que ""rotas de abastecimento"" (materiais ou espirituais) são vitais para a nossa civilização hoje? Quem as controla?",,
6.4.3,book,A resposta agostiniana e o saque da memória,A Cidade de Deus e o Museu em Chamas,"O saque de 410 não destruiu apenas edifícios; destruiu certezas. A queda da Cidade Eterna gerou uma crise de fé profunda em todo o Império. Os pagãos, ressentidos, encontraram a sua resposta: ""Vejam o que aconteceu desde que abandonamos os nossos Deuses antigos e abraçamos este novo Deus cristão! Júpiter protegia Roma; o Deus dos cristãos deixou-a queimar!"". Muitos cristãos, abalados, também se perguntavam: ""Como Deus permitiu que a Roma agora cristã, a sede do Papado, fosse violada? Onde estava a Sua proteção?"".

Foi para responder a esta angústia existencial que um dos maiores génios da história da humanidade, Santo Agostinho, bispo de Hipona no Norte de África, dedicou treze anos da sua vida a escrever a sua obra-prima: ""A Cidade de Deus"".

Este livro monumental é a resposta definitiva da inteligência cristã ao caos da história. O argumento central de Agostinho é uma revolução no pensamento: ele ensina-nos a ver a história não como a ascensão e queda de impérios, mas como o drama de duas cidades místicas, entrelaçadas neste mundo, mas definidas por dois amores opostos:

A Cidade dos Homens: Fundada sobre o amor-próprio, que chega ao desprezo de Deus. Ela busca a glória terrena, o poder, a riqueza. A sua paz é frágil, a sua existência é passageira. A gloriosa Roma, mesmo no seu auge, pertence a esta cidade. A sua queda não é uma surpresa, é o destino de tudo o que é terreno.

A Cidade de Deus: Fundada sobre o amor a Deus, que chega ao desprezo de si mesmo. Ela busca a glória celestial. A sua paz é verdadeira, o seu destino é eterno. Os seus cidadãos são peregrinos neste mundo, a caminho da sua verdadeira pátria.

A lição de Agostinho é libertadora: a nossa esperança e a nossa lealdade última não devem estar em nenhum império, em nenhum sistema político, por mais grandioso que seja. O saque de Roma não foi um castigo de Deus, mas a demonstração da impermanência de todas as coisas humanas. A nossa verdadeira cidadania está no céu.

O Paralelo Moderno: O Saque da Nossa Memória
Este ""saque"" dos símbolos, esta violação do que nos é sagrado, não é uma relíquia do passado. Nós, brasileiros, vivenciámos o nosso próprio ""Saque de Roma"" em 2 de setembro de 2018. Naquela noite, o Museu Nacional, no Rio de Janeiro, o nosso palácio imperial, a antiga residência de Dom Pedro II, o repositório da nossa história natural e antropológica, ardeu em chamas.

Aquele incêndio, fruto de décadas de negligência criminosa de um Estado republicano que despreza o seu próprio passado, foi um ato de apagamento da memória. O que se perdeu ali não foram apenas ""objetos"". Perdeu-se o esqueleto de Luzia, o mais antigo fóssil humano das Américas; perderam-se coleções egípcias, artefatos greco-romanos, os arquivos da Imperatriz Leopoldina, a memória das nossas tribos indígenas. O palácio que simbolizava o auge da nossa civilização foi transformado em cinzas.

Assim como os romanos viram os bárbaros a levar os tesouros dos seus templos, nós assistimos, impotentes, pela televisão, ao fogo a consumir a nossa identidade. O incêndio do Museu Nacional não foi um acidente; foi o equivalente moderno do saque. Foi a demonstração física e brutal de um projeto de demolição da nossa herança, um projeto que começa com a mentira nos livros didáticos e culmina nas chamas que devoram os palácios. A resposta, como a de Agostinho, não pode ser o desespero, mas a determinação de reconstruir a nossa cidade interior, a cidade da memória e da verdade, que nenhum fogo pode consumir.",9,4,"Agostinho, Cidade de Deus, resposta, fé, memória, Museu Nacional, incêndio, apagamento, identidade, Brasil","A Cidade de Deus de Santo Agostinho: A leitura desta obra é desafiadora, mas os seus primeiros livros (I-III), onde ele lida diretamente com o trauma do saque, são essenciais.

A Agonia do Império Romano do Ocidente de Santo Eutrópio: Um autor contemporâneo que descreve o caos e a desolação do século V, mostrando o pano de fundo histórico para a obra de Agostinho.","A distinção de Santo Agostinho entre as duas cidades ajuda-o a colocar as crises políticas e culturais de hoje em perspectiva? Como?

O incêndio do Museu Nacional foi um evento isolado de ""negligência"" ou o sintoma de um desprezo mais profundo pela nossa história e identidade?

Se a nossa ""Cidade dos Homens"" (o nosso país, a nossa cultura) está em crise, o que podemos fazer, como indivíduos, para fortalecer a nossa cidadania na ""Cidade de Deus""?",,
6.5,Bible,Capítulo 5: Queda final e reinos germânicos,A morte do Estado e o renascimento da civilização (476 d.C.),,10,1,"queda, 476, Odoacro, Rômulo Augústulo, Igreja, cristianização, bárbaros, resiliência, Idade Média","O Fim da Civilização Clássica de R. A. Markus: Um estudo sobre a transição cultural e religiosa do final da Antiguidade, mostrando como o cristianismo se tornou o herdeiro do mundo clássico.

A Sombra da Espada: A Batalha pela Conquista do Império Persa e Bizantino de Tom Holland: Embora focado no Império Oriental, o livro descreve brilhantemente o vácuo de poder e a paisagem religiosa do mundo no final da Antiguidade.","Por que é que o ""fim"" oficial de Roma foi um evento tão silencioso e burocrático, em vez de uma grande batalha? O que isso nos diz sobre a natureza do colapso?

Uma civilização é definida pelo seu Estado e pelos seus exércitos, ou pela sua cultura, fé e valores?

Se o Estado brasileiro colapsasse hoje, que instituições teriam a força moral e a organização para liderar uma reconstrução?",,
6.5.1,book,Odoacro depõe Rômulo Augústulo,A certidão de óbito de um Império fantasma,"Imagine a cena. Não estamos em Roma, com os seus templos e o seu Coliseu, mas em Ravena, a capital pantanosa e mais defensável para onde os últimos imperadores do Ocidente tinham fugido. É o ano de 476. O poder real já não está nas mãos do imperador, mas do Magister Militum, o comandante do exército, um general bárbaro chamado Odoacro.

No trono, senta-se um menino de talvez 16 anos. O seu nome é uma ironia cruel do destino: Rômulo Augústulo, o ""pequeno Augusto"". O Império que começara com o lendário fundador Rômulo e atingira a sua glória com o grande Augusto, terminava agora com um nome que era o eco diminuto e patético de ambos.

Não houve uma batalha pelos portões de Ravena. Não houve um cerco dramático. Odoacro, que já controlava tudo, simplesmente tomou uma decisão de gestão. Ele entrou no palácio, olhou para o imperador-fantoche e informou-o de que os seus serviços já não eram necessários. Ele não o matou. Concedeu-lhe uma pensão generosa e exilou-o numa vila confortável perto de Nápoles, onde o último Imperador do Ocidente viveu o resto dos seus dias na obscuridade.

Em seguida, Odoacro juntou as insígnias imperiais – o diadema e o manto púrpura – e não as colocou sobre a sua própria cabeça. Ele enviou-as para Constantinopla, ao Imperador do Oriente, com uma mensagem que era, na sua essência, a certidão de óbito do Ocidente: ""Não precisamos mais de um Imperador aqui. Um só Imperador para todo o mundo é suficiente.""

Foi assim que terminou. Não com um estrondo, mas com um ato burocrático. O Império do Ocidente não caiu em 476; nesta data, ele apenas admitiu formalmente que já estava morto. A sua força vital, a sua virtus, a sua legitimidade, tudo isso já se esvaíra há muito tempo nas guerras civis, na corrupção e na decadência moral. Odoacro não matou um leão; ele apenas chutou uma carcaça.",10,2,"Odoacro, Rômulo Augústulo, 476, queda, anticlímax, Ravenna, fantoche, Império Romano, certidão de óbito","O Fim do Império Romano de Fergus Millar: Uma coleção de ensaios acadêmicos que discutem as várias teorias sobre a queda, incluindo a ideia de uma ""transformação"" gradual em vez de um colapso súbito.

The Inheritance of Rome: A History of Europe from 400 to 1000 de Chris Wickham: Descreve o período pós-romano, mostrando como as estruturas de poder locais e bárbaras substituíram o governo central imperial.","O que é mais trágico: uma morte heroica em batalha ou um fim melancólico e irrelevante como o de Rômulo Augústulo?

A decisão de Odoacro de enviar as insígnias para Constantinopla foi um ato de submissão ou a declaração de que o Ocidente agora se governaria a si mesmo, à sua própria maneira bárbara?

Pense numa instituição moderna que já perdeu a sua relevância, mas que continua a existir formalmente. Como o fim do Império Romano do Ocidente pode ser uma lição sobre a diferença entre o poder real e o poder meramente formal?",,
6.5.2,book,A cristianização dos bárbaros,A Igreja como a construtora de uma nova civilização,"Enquanto o Estado romano se desfazia em pó, uma outra instituição, forjada nas perseguições e dotada de uma resiliência divina, permaneceu de pé e começou a tarefa mais monumental da história: a construção de um novo mundo sobre as ruínas do antigo. No vácuo de poder deixado pelos governadores e generais em fuga, a figura do bispo emergiu como o novo defensor da cidade, o defensor civitatis. Homens como São Leão Magno, que negociaram com Átila e Gensérico, tornaram-se os verdadeiros líderes das suas comunidades.

Mas a obra da Igreja foi muito para além da defesa. Foi uma obra de construção. Enquanto o mundo mergulhava no caos, os monges, nos seus mosteiros isolados, copiavam pacientemente os manuscritos de Virgílio e Cícero, preservando a alta cultura que os bárbaros destruíam lá fora. E os missionários iniciavam o trabalho lento e hercúleo de evangelizar os novos senhores da Europa.

A cena mais emblemática desta transição talvez seja o batismo de Clóvis, o rei dos francos, por volta do ano 496. Imagine o cenário na catedral de Reims. Clóvis, um guerreiro brutal, que unificara as tribos francas através da astúcia e da espada, aproxima-se da pia batismal. São Remígio, o bispo, olha para ele e diz as palavras imortais: ""Dobra a tua cabeça, sicambro. Adora o que queimaste e queima o que adoraste.""

Naquele momento, o bárbaro que vivia pela lei da vingança e da força curva-se perante a lei do perdão e do amor. O guerreiro que adorava os Deuses da guerra, queima os seus antigos ídolos e adora o Deus que Se deixou pregar numa cruz. Este não foi um ato isolado; foi o arquétipo do que aconteceu em toda a Europa. A Igreja não impôs a fé pela espada. Ela atraiu os bárbaros pela superioridade da sua filosofia, pela beleza da sua liturgia, pela caridade dos seus santos e pela coragem dos seus mártires.

A Igreja não ""converteu"" apenas almas; ela domou a ferocidade germânica, canalizou a sua energia guerreira para a defesa da fé (dando origem ao cavaleiro medieval) e ensinou-lhes o direito romano, a agricultura e a arte de construir cidades. Ela pegou nos fragmentos da civilização romana e na energia bruta dos povos bárbaros e, com o cimento da fé cristã, construiu uma nova e grandiosa civilização: a Cristandade.",10,3,"cristianização, bárbaros, Igreja, bispos, monges, Clóvis, São Remígio, civilização, conversão, resiliência","Os Bárbaros de Terry Jones: Uma série de documentários e um livro que, embora com um viés anti-romano, mostra de forma vívida a cultura e a sociedade dos povos germânicos antes e depois da sua cristianização.

The Forging of Christendom de Christopher Dawson: Um dos maiores historiadores católicos, Dawson narra magistralmente como a Igreja Católica foi a força ativa que sintetizou os elementos romanos, germânicos e cristãos para criar a civilização europeia.","A frase de São Remígio a Clóvis, ""Adora o que queimaste e queima o que adoraste"", é uma das mais poderosas definições de conversão. O que ela significa para si, a um nível pessoal?

Por que é que a figura do bispo se tornou tão importante após o colapso do poder estatal romano? O que a sua autoridade tinha que a dos generais já não possuía?

A Igreja ""destruiu"" a cultura bárbara ou ""elevou-a"" e a aperfeiçoou? Qual a diferença?",,
6.5.3,book,Lição contemporânea,A resiliência da fé contra a cultura da desconstrução,"Chegamos à lição final e mais contundente deste livro. A saga da queda de Roma e do nascimento da Cristandade oferece-nos um contraste brutal com a nossa própria era. De um lado, vemos uma instituição, a Igreja, a construir uma civilização a partir das ruínas. Do outro, vemos a nossa elite cultural e política moderna, empenhada num projeto de desconstrução, a tentar transformar a nossa civilização em ruínas.

Enquanto a Igreja via um bárbaro pagão como Clóvis e o transformava num rei cristão, o fundador de uma nação, a cultura woke de hoje olha para um herói da nossa civilização e tenta transformá-lo num vilão opressor. Enquanto os monges se dedicavam a preservar o conhecimento, as nossas universidades dedicam-se a desconstruí-lo, ensinando os jovens a odiar a sua própria herança.

Este contraste torna-se dolorosamente visível na arquitetura, a expressão física da alma de uma cultura.

Pense numa catedral gótica medieval, construída pelas mãos de um povo recém-convertido. Toda a sua estrutura aponta para o céu. Os seus vitrais coloridos contam as histórias sagradas para uma população que não sabia ler. É uma arquitetura que busca a transcendência, a luz e a comunidade. Ela foi projetada para elevar a alma do homem comum a Deus.

Agora, pense em Brasília. Como já vimos, é a materialização de uma ideologia socialista e ateia. A sua arquitetura, concebida por Niemeyer, é horizontal, pesada, feita de betão frio. Os seus palácios não apontam para o céu, mas se espalham pelo chão, como manifestações do poder terreno e absoluto do Estado. É uma arquitetura desumanizante, projetada não para elevar o cidadão, mas para o esmagar e o separar do poder. Uma catedral é a casa de Deus no meio do povo; o Palácio do Planalto é a fortaleza do ""Poder"" isolada do povo.

A lição final da Queda de Roma é, portanto, uma lição de esperança e de alerta. O alerta é que uma civilização, por mais poderosa que seja, apodrece e morre quando abandona a sua âncora moral e espiritual. A esperança é que a verdadeira resiliência de uma civilização não está na força do seu Estado, na sua economia ou nos seus exércitos. Está na força da sua fé.

O Império Romano caiu, mas a Igreja que nasceu sob as suas perseguições não só sobreviveu, como construiu o mundo que veio a seguir. As estruturas políticas de hoje também passarão. A questão que a história nos coloca é: estaremos nós, como os cristãos do século V, a preservar a chama da verdade para iluminar as trevas que poderão vir, ou estaremos a ajudar os desconstrucionistas a apagar as últimas brasas?",10,4,"resiliência, fé, desconstrução, Igreja, Brasília, Niemeyer, catedral, arquitetura, esperança","Como a Igreja Católica Construiu a Civilização Ocidental de Thomas E. Woods Jr.: Um livro que documenta, área por área (ciência, arte, direito, caridade), como a Igreja foi a força construtiva primária da nossa civilização.

A Idade da Razão, capítulo em ""A Trajetória do Ocidente"" de Richard Tarnas: Embora de uma perspetiva mais secular, Tarnas descreve bem a mudança de cosmovisão da mente medieval para a moderna, ajudando a contextualizar a diferença entre a arquitetura de uma catedral e a de Brasília.","Se a arquitetura reflete os valores de uma cultura, o que os edifícios mais celebrados da nossa época (shoppings, arranha-céus corporativos, estádios) dizem sobre os nossos valores mais profundos?

A Igreja foi capaz de converter os bárbaros. É possível ""converter"" as ideologias bárbaras de hoje (marxismo cultural, etc.) ou elas devem ser apenas combatidas?

A história da resiliência da Igreja após a queda de Roma dá-lhe esperança para o futuro da nossa civilização? Porquê ou porque não?",,
7,avatar1,Livro 2: A Construção da Cristandade,A Luz da Idade Média (séc. VI-XIII),"Bem-vindo ao segundo livro da nossa jornada histórica. Se no livro anterior testemunhamos a morte de um mundo, a lenta e dolorosa agonia do Império Romano, agora vamos testemunhar um milagre: o nascimento de um mundo novo sobre as suas ruínas.

A narrativa que lhe foi imposta na escola descreve este período, a Idade Média, como uma ""Idade das Trevas"": mil anos de ignorância, superstição e brutalidade, um hiato entre a glória de Roma e a luz do Renascimento. Esta é, talvez, a maior e mais bem-sucedida mentira da propaganda iluminista e revolucionária.

Neste livro, vamos demolir esta mentira. Mostraremos como esta era, longe de ser um vazio, foi uma das mais criativas, ordenadas e intelectualmente vibrantes da história humana. Foi a era em que a Igreja Católica, como uma mãe paciente e forte, recolheu os fragmentos da civilização clássica e a energia bruta dos povos bárbaros e, com o cimento da fé, construiu a Europa.

Guiados pela pergunta do filósofo Roger Scruton – ""Por que a beleza importa?"" –, vamos descobrir o que movia estes homens. Por que uma civilização dedica séculos para construir uma catedral? Ao responder a esta pergunta, entenderemos a alma da Cristandade e, por consequência, a nossa própria alma, redescobrindo o propósito transcendente que a nossa era se esforça tanto para esquecer.",11,1,"cristandade, Idade Média, luz, trevas, Igreja, civilização, beleza, Scruton, catedral","O Começo da Idade Média de R. W. Southern: Um clássico que oferece uma visão geral e acessível sobre a formação da civilização medieval, desfazendo muitos mitos.

Why Beauty Matters? (Por que a Beleza Importa?) de Roger Scruton: O documentário (disponível no YouTube) e o livro são a chave filosófica para este livro, explicando a beleza como uma necessidade da alma.","A ideia de uma ""Idade das Trevas"" serviu para glorificar qual período histórico que veio depois? Quem beneficia ao pintar o passado cristão da Europa como ""obscuro""?

Pense na arquitetura da sua cidade. Ela foi projetada para durar mil anos? Ela busca a beleza e a transcendência ou apenas a funcionalidade e o lucro imediatos?

Se a beleza é uma necessidade da alma, o que acontece a uma sociedade que vive rodeada pela feiura e pelo utilitarismo?",,
7.1,book,Capítulo 1: A era dos monges,Guardiões da chama (séc. VI-VIII),"Imagine a Europa após a queda de Roma. As estradas romanas, antes seguras, estão infestadas de bandidos. As cidades, antes centros de cultura, encolheram e se tornaram aldeias fortificadas. As bibliotecas foram queimadas, as escolas, fechadas. A lei e a ordem deram lugar à lei do mais forte. O mundo mergulhara num crepúsculo de violência e esquecimento.

Nesta noite que parecia não ter fim, surgiram pontos de luz. Pequenos, isolados, mas de uma intensidade teimosa. Eram os mosteiros.

A narrativa moderna pinta o monge como uma figura que ""foge do mundo"". Que erro de perspetiva! O monge não fugia do mundo; ele estava a recriar o mundo a partir dos seus alicerces. A Regra de São Bento, o grande arquiteto do monaquismo ocidental, resumia-se num lema de uma simplicidade revolucionária: Ora et Labora – Reza e Trabalha.

Ora (Reza): A vida do mosteiro era ordenada pelo ritmo das horas canônicas, as orações que santificavam cada parte do dia, da madrugada à noite. No meio do caos e da arbitrariedade do mundo bárbaro, o mosteiro era um oásis de ordem, um microcosmo onde o tempo não era regido pela vontade dos tiranos, mas pela vontade de Deus. Esta era a fonte de energia espiritual que alimentava tudo o resto.

Labora (Trabalha): O trabalho do monge era duplo:

O Trabalho Manual: Os monges não eram intelectuais etéreos. Eram engenheiros, agricultores, pioneiros. Foram eles que drenaram os pântanos da Europa, que derrubaram florestas para criar campos de cultivo, que ensinaram aos camponeses técnicas de agricultura e de criação de animais. Cada mosteiro era um centro de inovação e de ordem econômica, um núcleo a partir do qual a civilização voltava a brotar.

O Trabalho Intelectual: Esta foi a sua missão mais crucial. No scriptorium, a sala de escrita do mosteiro, monges passavam a vida curvados sobre pergaminhos, à luz de velas, a copiar pacientemente não apenas a Bíblia e os escritos dos Padres da Igreja, mas também os tesouros da cultura pagã que de outra forma teriam sido perdidos para sempre: as poesias de Virgílio, a filosofia de Cícero, os tratados de Boécio. Cada letra desenhada era um ato de guerra contra o esquecimento.

E aqui encontramos a primeira manifestação da beleza medieval. Não era a beleza monumental das catedrais (ainda), mas a beleza do sacrifício e da ordem. Olhe para um manuscrito iluminado daquela época. As letras capitulares decoradas com ouro, as margens povoadas por desenhos intricados de plantas e animais. Por que tanto esforço? Por que dedicar meses para produzir uma única página de um livro que talvez pouquíssimas pessoas leriam?

A resposta, como diria Scruton, é que aquele ato não era utilitário. Era um sacrifício. Era a oferta do melhor do seu talento, do seu tempo e da sua matéria-prima (o ouro, os pigmentos caros) para a glória de algo maior do que eles mesmos: a glória de Deus e a preservação da Verdade. Num mundo dominado pela feiura e pela violência, cada manuscrito era uma declaração de que a beleza e a verdade ainda importavam. Os monges não estavam apenas a copiar textos; estavam a guardar a chama da civilização para que ela pudesse, um dia, voltar a iluminar o mundo.",11,2,"monges, mosteiro, São Bento, Ora et Labora, manuscrito, civilização, ordem, caos, beleza, sacrifício","A Regra de São Bento: Um documento surpreendentemente curto e prático. Lê-lo é entender a psicologia e a estrutura que moldaram a Europa por séculos.

Como a Igreja Católica Construiu a Civilização Ocidental de Thomas E. Woods Jr.: O capítulo sobre os monges detalha as suas inovações tecnológicas e o seu impacto econômico.

Como os Irlandeses Salvaram a Civilização de Thomas Cahill: Narra a história fascinante de como os monges irlandeses, na extremidade da Europa, preservaram o conhecimento clássico enquanto o continente ardia.","O lema Ora et Labora une a vida espiritual e o trabalho prático. Na nossa cultura moderna, estas duas esferas estão unidas ou divorciadas? Quais as consequências disso?

Se a sua casa estivesse pegando fogo e você só pudesse salvar três livros para as gerações futuras, quais seriam? O que a sua escolha diz sobre o que você mais valoriza?

A beleza de um manuscrito iluminado reside no seu conteúdo ou no sacrifício e na dedicação necessários para o criar? Pode existir beleza sem sacrifício?",,
7.1.1,book,Ora et Labora: a regra de São Bento,A nova arquitetura da alma e do tempo,"No coração da Idade das Trevas, a maior inovação não foi uma nova tecnologia, mas uma nova forma de ordenar a vida humana. São Bento de Núrsia, no século VI, ao escrever a sua famosa Regra, não estava a criar apenas um código de conduta para monges; ele estava a projetar uma arquitetura para a alma.

O mundo lá fora era governado pelo caos. O tempo era medido pela violência arbitrária de um chefe tribal ou pela imprevisibilidade da guerra e da fome. A vida era curta e brutal. Dentro do mosteiro, a Regra de São Bento criava um universo paralelo de ordem, paz e propósito.

O pilar desta ordem era o Ora (Reza). A vida do monge era estruturada em torno do Opus Dei, a ""Obra de Deus"", o ciclo de oito ofícios de oração que santificavam o dia inteiro, das Matinas no meio da noite às Completas antes de dormir. Este ritmo constante de salmos, leituras e cânticos tinha um efeito profundo:

Ordenava o Tempo: O tempo deixava de ser um vazio a ser preenchido pelo medo ou pelo tédio e passava a ser um recipiente para o louvor a Deus. Cada hora tinha o seu propósito.

Ordenava a Alma: A disciplina da oração diária combatia a acídia, o ""demônio do meio-dia"" – a nossa moderna ansiedade, tédio e falta de propósito. Ela ensinava a humildade (obedecer ao sino), a perseverança e a concentração.

Criava Estabilidade: O mosteiro tornou-se um ""ponto fixo num mundo que gira"". Os monges faziam um voto de estabilidade, prometendo viver e morrer naquele mosteiro. Numa era de migrações e de caos, eles eram a âncora, a garantia de continuidade.

O Labora (Trabalha) não era visto como uma maldição, mas como uma participação na obra criadora de Deus. O trabalho, seja no campo ou na biblioteca, era uma forma de oração, uma maneira de trazer a ordem de Deus para o mundo material. A ociosidade, dizia São Bento, é ""inimiga da alma"".

Esta união de oração e trabalho criou um novo tipo de homem: disciplinado, resiliente, com um propósito transcendente. A Regra de São Bento foi o código-fonte que programou a recuperação da Europa.",11,3,"São Bento, regra, ora et labora, disciplina, ordem, caos, tempo, oração, estabilidade","A Regra de São Bento: Leia o texto original. A sua sabedoria sobre a natureza humana, a liderança (o papel do Abade) e a vida em comunidade é atemporal.

The Benedict Option de Rod Dreher: Um livro moderno que argumenta que os cristãos de hoje deveriam aprender com o exemplo de São Bento, criando comunidades de ordem e fé para resistir ao caos da cultura secular.","A sua própria vida tem um ritmo, uma ""regra""? Ou ela é governada pelo improviso e pelas urgências do momento?

A nossa cultura vê o trabalho como uma dignidade ou como um fardo a ser evitado ou automatizado o mais rápido possível?

O que a ênfase beneditina na ""estabilidade"" nos ensina numa era de mobilidade constante, de ""nômades digitais"" e de relações descartáveis?",,
7.1.2,book,O trabalho que recriou o mundo,Drenando pântanos físicos e mentais,"A segunda metade do lema beneditino, Labora, não pode ser subestimada. Os monges não foram apenas a alma da Idade Média; foram também os seus braços e o seu cérebro prático. O seu trabalho transformou a paisagem da Europa de uma forma tão profunda que ainda hoje vivemos dos seus frutos.

Quando um grupo de monges chegava a um novo local, eles não procuravam as terras mais férteis. Pelo contrário, eles recebiam as piores terras: pântanos, florestas densas, vales inóspitos. E ali, com uma disciplina e uma engenhosidade admiráveis, eles literalmente criavam a civilização do zero.

Engenharia Agrícola e Hidráulica: Os monges, especialmente os cistercienses, tornaram-se os maiores engenheiros da sua época. Eles drenaram pântanos, canalizaram rios, construíram diques e usaram moinhos de água para uma variedade de tarefas industriais, desde moer grãos até martelar ferro. Eles transformaram terras inúteis em campos férteis.

Inovação Agronômica: Foram os mosteiros que aperfeiçoaram a viticultura (a produção de vinho, essencial para a Missa) e a cervejaria. Eles desenvolveram novas raças de gado, aperfeiçoaram a produção de queijos e foram pioneiros na rotação de culturas, aumentando drasticamente a produtividade da terra.

Centros Econômicos: Cada mosteiro funcionava como um centro econômico para a sua região. Eles criavam um excedente de produção, que era vendido em mercados, gerando riqueza e estabilidade. Eram também centros de caridade, os primeiros ""hospitais"" e ""pousadas"" para viajantes e doentes.

Enquanto o mundo lá fora se fragmentava em pequenos feudos, os mosteiros formavam uma vasta rede internacional, partilhando conhecimento, tecnologia e recursos de uma ponta à outra da Europa. Eles não estavam apenas a cultivar a terra; estavam a cultivar a própria ideia de uma economia ordenada e de uma sociedade baseada na cooperação e na inovação, e não na pilhagem. Ao levarem a sério o mandamento de ""trabalhar"", os monges recriaram a base material sobre a qual a civilização europeia pôde florescer.",11,4,"trabalho, labora, agricultura, engenharia, tecnologia, civilização, monges, economia, caridade","Vitória da Razão: Como o Cristianismo Gerou a Liberdade, o Capitalismo e o Sucesso do Ocidente de Rodney Stark: Stark, um sociólogo da religião, dedica capítulos a mostrar como a teologia cristã e a ética monástica criaram as condições para o desenvolvimento econômico e tecnológico.

The Cistercian World: Monastic Writings of the Twelfth Century: Uma coleção de textos que revela a espiritualidade e a mentalidade prática dos monges cistercienses, os grandes inovadores da época.","A nossa sociedade valoriza o trabalho manual e técnico ou apenas o trabalho ""intelectual"" e de escritório? O que a ética monástica nos ensina sobre a dignidade de todo tipo de trabalho?

Compare a abordagem monástica de transformar terras inóspitas com a abordagem moderna de esgotar os recursos naturais. Qual delas é mais sustentável a longo prazo?

Os mosteiros funcionavam como centros de caridade. Hoje, delegamos a caridade quase que exclusivamente ao Estado. Quais as vantagens e desvantagens de cada modelo?",,
7.1.3,book,O scriptorium (o escritório),A beleza do sacrifício e a guerra contra o esquecimento,"Chegamos agora à missão mais crucial e heroica dos monges: a guerra contra o esquecimento. No scriptorium, a sala de escrita do mosteiro, travou-se uma batalha silenciosa, mas decisiva para o futuro da humanidade.

Imagine a cena. Um monge solitário, numa sala fria de pedra, iluminada apenas pela luz de uma vela ou por uma nesga de sol que entra por uma janela estreita. À sua frente, um pergaminho caro, feito de pele de animal. Nas suas mãos, uma pena de ganso e potes de tinta. A sua tarefa é copiar, letra por letra, um manuscrito antigo. Pode ser a Bíblia. Pode ser um poema de Virgílio. Pode ser um tratado de filosofia de Boécio. É um trabalho lento, meticuloso e muitas vezes doloroso para as costas e para os olhos. Ele passará meses, talvez anos, a produzir uma única cópia.

Por que tanto esforço? Aqui, mergulhamos na lição de Roger Scruton. O trabalho do monge copista não era utilitário. Numa era em que 99% da população era analfabeta, o ""mercado"" para livros era quase nulo. Aquele ato não era para o lucro ou para a fama. Era um sacrifício. Era a oferta do que ele tinha de mais precioso – o seu tempo, a sua visão, o seu talento – para um propósito transcendente: a preservação da Verdade e da Beleza para a glória de Deus e para as gerações futuras que ele nunca conheceria.

E esta mentalidade sacrificial manifestava-se na própria forma do seu trabalho: o manuscrito iluminado. Olhe para uma página do Livro de Kells ou das Horas de Reims. As letras capitulares que explodem em padrões intrincados. As margens que se transformam em jardins de vinhas, flores e animais fantásticos. O uso generoso da folha de ouro, que literalmente fazia a página brilhar na penumbra.

Aquilo não era mera decoração. Era teologia. Era a crença de que um texto que contém a verdade divina (a Bíblia) ou um vislumbre da verdade humana (os clássicos) merece ser vestido com a maior beleza que a mão humana pode criar. Era uma forma de dizer, numa era de brutalidade e feiura: ""Isto é importante. Isto é sagrado. Isto merece o nosso melhor.""

Num mundo obcecado pela eficiência e pelo conteúdo descartável, o manuscrito iluminado é um testemunho poderoso de que a beleza não é um luxo, mas uma necessidade da alma. É a prova de que a dedicação sacrificial a algo maior do que nós mesmos é o que, no fim, nos salva do esquecimento e da barbárie. Os monges não estavam apenas a copiar textos; estavam a guardar a chama da civilização para que ela pudesse, um dia, voltar a iluminar o mundo.",11,5,"scriptorium, manuscrito iluminado, beleza, sacrifício, conhecimento, preservação, cultura, verdade, Scruton","O Nome da Rosa de Umberto Eco: Embora seja uma ficção, este romance policial passado num mosteiro medieval oferece a reconstrução mais vívida e detalhada da vida monástica, do funcionamento de um scriptorium e da paixão pelos livros que animava estes homens.

Palimpsesto: A história secreta da escrita no Ocidente de Matthew Battles: Um livro fascinante sobre a história material do livro, que nos ajuda a valorizar o trabalho físico e o sacrifício por trás da preservação do conhecimento.","Se os monges não tivessem feito este trabalho de cópia, que conhecimento teríamos hoje sobre o mundo antigo? A nossa civilização seria a mesma?

Hoje, produzimos e consumimos mais ""conteúdo"" do que em qualquer outra época da história. Quanto deste conteúdo merece ser preservado por mil anos? E quanto é lixo digital descartável?

A beleza de um manuscrito iluminado reside no seu conteúdo ou no sacrifício e na dedicação necessários para o criar? Pode existir beleza sem sacrifício?",,
7.2,avatar2,Capítulo 2: Carlos Magno e o Renascimento Carolíngio,A primeira Europa (séc. VIII-IX),"Após a era dos monges, que guardaram a chama da civilização em pequenos pontos de luz, a história nos apresenta um homem com uma visão monumental: reacender essa chama e transformá-la numa grande fogueira que iluminaria todo um continente. Esse homem foi Carlos Magno, rei dos francos e, posteriormente, Imperador Romano do Ocidente.

Este capítulo narra a primeira grande tentativa de reconstruir a unidade e a ordem no Ocidente após o colapso de Roma. O projeto de Carlos Magno não era apenas uma conquista militar; era um projeto civilizacional. Ele sonhou com um Império que fosse, ao mesmo tempo, herdeiro da ordem romana, energizado pela vitalidade germânica e, acima de tudo, unificado sob a autoridade espiritual da fé cristã.

Aqui, a beleza que exploraremos, seguindo Roger Scruton, é a beleza da ordem cívica e do propósito comum. Veremos como a busca por um império cristão unificado foi também uma busca pela restauração do saber, da arte e da lei. A história do Renascimento Carolíngio é a história da primeira Europa, uma comunidade de povos unida não por uma burocracia ou por um mercado comum, mas por um batismo e uma coroa. E, ao entendê-la, perceberemos a natureza oca e sem alma do projeto europeu moderno.",12,1,"Carlos Magno, Renascimento Carolíngio, Europa, Cristandade, unidade, Alcuin, educação, império","Vida de Carlos Magno (Vita Karoli Magni) de Eginhardo: Escrita por um contemporâneo e membro da corte, é a fonte primária mais importante sobre a vida, o caráter e as realizações de Carlos Magno.

The Carolingian Renaissance de Rosamond McKitterick: Uma análise acadêmica detalhada sobre o renascimento cultural e intelectual promovido por Carlos Magno.","O que é necessário para unir povos diferentes? Uma moeda única e regras comerciais, ou uma fé e uma cultura partilhadas?

A ideia de um ""Império Cristão"" parece-lhe hoje uma utopia ou uma tirania? O que essa reação nos diz sobre os valores da nossa própria época?

Carlos Magno era um guerreiro brutal que também amava a sabedoria. Como estas duas características podem coexistir num grande líder?",,
7.2.1,book,A espada e a cruz,A unificação da Cristandade,"Carlos Magno herdou um reino franco vasto, mas instável. Ele passou a maior parte do seu reinado em campanha militar, mas a sua espada não era movida apenas pela ambição, e sim por uma visão de ordem. As suas guerras mais longas e brutais foram contra os saxões, um povo pagão que praticava sacrifícios humanos e atacava constantemente as suas fronteiras. Para Carlos Magno, a pacificação dos saxões e a sua conversão ao cristianismo não eram duas coisas distintas; eram a mesma missão. Ele subjugou os lombardos na Itália para proteger o Papa, esmagou os ávaros na Europa Central para acabar com as suas pilhagens e empurrou os muçulmanos para além dos Pireneus em Espanha.

As suas conquistas não eram meras anexações de território. Eram a imposição da ordem cristã sobre o caos pagão e a desordem política. O clímax deste projeto ocorreu no dia de Natal do ano 800.

Imagine a cena. A antiga Basílica de São Pedro, em Roma. Carlos Magno, o rei guerreiro mais poderoso do Ocidente, ajoelha-se para rezar durante a missa de Natal. Inesperadamente, o Papa Leão III aproxima-se, coloca uma coroa imperial na sua cabeça e a multidão na basílica aclama-o: ""A Carlos Augusto, coroado por Deus, grande e pacífico Imperador dos Romanos, vida e vitória!"".

Este momento foi uma das viragens da história. Simbolizou a fusão das três grandes heranças que formariam a Europa:

A Tradição Imperial Romana: O título de ""Imperador dos Romanos"" era uma declaração de que a ordem e a lei de Roma não tinham morrido.

A Vitalidade Germânica: Carlos Magno era um rei franco, um descendente dos ""bárbaros"" que tinham desmantelado o antigo império.

A Autoridade Espiritual Católica: A coroa não foi tomada pela força, mas colocada na sua cabeça pelo sucessor de São Pedro, significando que o seu poder não vinha apenas da sua espada, mas de Deus, e que o seu dever era proteger a Cristandade.

Naquele dia, nascia o Sacro Império Romano, a primeira tentativa de dar uma forma política unificada à civilização que os monges tinham começado a salvar.",12,2,"Carlos Magno, imperador, coroação, Papa Leão III, Cristandade, unidade, saxões, ávaros, lombardos","A Civilização do Ocidente Medieval de Jacques Le Goff: Uma obra-prima que descreve a mentalidade e as estruturas da Idade Média, ajudando a contextualizar o significado da coroação de Carlos Magno.

Charlemagne de Johannes Fried: Uma biografia moderna e detalhada que explora a complexidade de Carlos Magno como guerreiro, administrador e patrono da cultura.","O que significa um poder político ser ""coroado por Deus""? Isso torna o governante um tirano absoluto ou impõe-lhe um dever moral e uma responsabilidade transcendente?

A união da autoridade espiritual (Igreja) e do poder temporal (Império) foi benéfica ou prejudicial para a civilização?

Carlos Magno usou a guerra para expandir o cristianismo. Isso é compatível com a mensagem do Evangelho? Como os homens daquela época entendiam esta questão?",,
7.2.2,book,O renascimento da sabedoria,Alcuin de Iorque e a revolução educacional,"A maior glória de Carlos Magno não foi conquistada com a espada, mas com a pena. Este gigante guerreiro, que mal sabia assinar o próprio nome, tinha uma paixão ardente pelo saber e uma profunda frustração com a decadência educacional do seu tempo. Ele entendia que um império não se sustenta apenas com exércitos, mas com uma administração educada e um clero culto, capazes de ler, interpretar e transmitir a verdade.

Para realizar a sua visão, ele iniciou uma verdadeira revolução cultural, o chamado Renascimento Carolíngio. E, para a liderar, ele não chamou um general, mas um monge anglo-saxão, o homem mais sábio da Europa na época: Alcuin de Iorque.

Alcuin tornou-se o ""ministro da educação"" de Carlos Magno. A partir da capital em Aachen, ele orquestrou um projeto monumental:

A Restauração do Saber: Ele restabeleceu o currículo das Sete Artes Liberais, o Trivium e o Quadrivium, como a base de toda a educação, resgatando o método clássico que tinha sido quase perdido.

A Criação de Escolas: Carlos Magno decretou que cada catedral e cada mosteiro do seu vasto império deveria ter uma escola, aberta não apenas para futuros clérigos, mas também para os leigos. Foi a primeira rede de ""escolas públicas"" da Europa.

A Reforma da Escrita: A caligrafia da época era um caos de estilos locais quase ilegíveis. Alcuin e os seus monges desenvolveram e padronizaram uma nova forma de escrita, incrivelmente clara, elegante e fácil de ler: a minúscula carolíngia. Olhe para as letras minúsculas neste texto. Você está a ler uma descendente direta da revolução de Alcuin. Eles criaram o nosso alfabeto moderno.

A Preservação dos Livros: A ""editora"" imperial em Aachen produziu centenas de cópias corrigidas e belamente escritas dos clássicos latinos e dos textos cristãos, que foram distribuídas por todo o império, garantindo a sua sobrevivência.

O Renascimento Carolíngio foi uma demonstração da beleza da ordem cívica. Foi um projeto de cima para baixo, impulsionado pela vontade de um grande líder, para arrancar a Europa da ignorância e reconstruir as fundações da cultura. Foi a prova de que a política, quando guiada por um ideal transcendente, pode ser uma força para o bem e para a iluminação.",12,3,"Renascimento Carolíngio, Alcuin, educação, minúscula carolíngia, Trivium, Quadrivium, escolas, cultura","Alcuin: Achievement and Reputation de Donald A. Bullough: A biografia acadêmica mais completa sobre este personagem fundamental, mas muitas vezes esquecido.

Pesquisar imagens da Capela Palatina de Aachen: A capela construída por Carlos Magno é a joia arquitetônica do período, um símbolo da sua tentativa de fundir a grandiosidade romana com a espiritualidade cristã.","A revolução educacional de Carlos Magno foi imposta ""de cima para baixo"". A verdadeira reforma cultural precisa de um líder forte ou pode nascer ""de baixo para cima""?

A criação da minúscula carolíngia foi uma inovação ""tecnológica"" tão importante quanto a invenção da imprensa séculos depois. Por quê?

Imagine um governante hoje que fizesse da restauração da alta cultura e da educação clássica a principal missão do seu governo. Ele seria apoiado ou ridicularizado?",,
7.2.3,book,O legado e a fragilidade,O sonho de uma Europa unida,"O Império de Carlos Magno foi como um cometa brilhante numa noite escura. Ele restaurou a ordem, reacendeu a chama do saber e deu à Europa uma fugaz, mas poderosa, visão de si mesma como uma unidade: a Cristandade. O legado do seu renascimento perduraria por séculos, nas escolas que fundou, nos livros que salvou e no ideal de um imperador cristão que assombraria a imaginação política do Ocidente até aos tempos modernos.

No entanto, a sua obra revelou-se frágil. A unidade do império dependia demasiado da força e do carisma de um único homem. Após a sua morte, os seus filhos e netos entraram em disputas fratricidas pelo poder. Em 843, pelo Tratado de Verdun, os três netos de Carlos Magno dividiram o império entre si. Esta divisão deu origem às nações que, mil anos depois, se tornariam a França, a Alemanha e a Itália.

A unidade política foi perdida, e a Europa mergulharia novamente num período de desordem, com as invasões de vikings, magiares e sarracenos. A lição era clara: a ordem imposta apenas pela espada de um grande líder, por mais virtuoso que ele seja, é frágil se não estiver enraizada profundamente na cultura e nas instituições locais.

O Paralelo Moderno: O Corpo sem Alma da União Europeia
Hoje, vemos uma outra tentativa de unificar a Europa. Mas a União Europeia é o reflexo invertido, o negativo fotográfico do sonho de Carlos Magno.

O Império Carolíngio foi fundado numa identidade espiritual comum: a fé católica. A União Europeia, no seu tratado constitucional, recusou-se explicitamente a mencionar as raízes cristãs da Europa, fundando-se num vácuo espiritual.

A unidade de Carlos Magno era cultural, promovida pela restauração da alta cultura latina. A unidade da UE é primariamente econômica e burocrática, baseada em regulamentos, subsídios e na moeda única.

O poder de Carlos Magno emanava de uma autoridade sagrada e de uma visão de mundo compartilhada. O poder da UE emana de uma vasta e anônima burocracia em Bruxelas, muitas vezes em conflito com a vontade e as tradições dos povos que a compõem.

O sonho de Carlos Magno era criar uma Europa com uma alma. A União Europeia moderna é um corpo funcional, talvez, mas um corpo sem alma. É a demonstração da lição de Verdun em escala continental: sem um princípio espiritual unificador, qualquer projeto de unidade, por mais grandioso que pareça, está destinado à fragmentação e à irrelevância.",12,4,"legado, fragilidade, Tratado de Verdun, unidade, fragmentação, União Europeia, burocracia, alma","O Nascimento da Europa de Jacques Le Goff: Descreve o período após a fragmentação do Império Carolíngio e como a identidade europeia continuou a ser forjada a um nível cultural e religioso, mesmo na ausência de unidade política.

The Strange Death of Europe de Douglas Murray: Argumenta que a crise de identidade da Europa moderna, incluindo a sua incapacidade de lidar com a imigração, vem precisamente da sua recusa em afirmar as suas próprias raízes culturais e religiosas.","O que é um alicerce mais forte para a unidade de um povo: uma economia partilhada ou uma fé partilhada?

A diversidade cultural é sempre uma força ou pode tornar-se uma fonte de fragmentação se não houver uma cultura superior que a unifique?

Se a União Europeia é um ""corpo sem alma"", que tipo de ""alma"" o Brasil tem hoje?",,
7.3,avatar3,Capítulo 3: A era das catedrais,Sermões em pedra (séc. XI-XIII),"Chegamos ao coração pulsante da Idade Média. Se os monges guardaram a chama e Carlos Magno a transformou numa fogueira, a era das catedrais foi o momento em que essa fogueira se ergueu aos céus em colunas de pedra e luz. De repente, a partir do século XI, a Europa cobriu-se com o que um cronista da época chamou de ""um manto branco de igrejas"".

Este capítulo não é sobre arquitetura; é sobre teologia, sobre a alma de uma civilização. Guiados pela pergunta do filósofo Roger Scruton, ""Por que a beleza importa?"", vamos investigar o fenômeno mais extraordinário desta era: por que comunidades de camponeses, artesãos e nobres, muitas vezes pobres e analfabetos, dedicaram gerações de esforço, sacrifício e recursos para erguer edifícios de uma complexidade e de uma beleza que ainda hoje nos deixam sem fôlego?

A resposta é uma das verdades mais profundas e esquecidas pela nossa era utilitária: para o homem medieval, a beleza não era um luxo, mas um caminho. Era um vislumbre do sagrado, uma escada que elevava a alma da miséria do mundo para a contemplação da glória de Deus. As catedrais não eram apenas edifícios; eram sermões em pedra, a Bíblia dos pobres, a Suma Teológica tornada visível para todos. E ao entender o ""porquê"" deles, seremos forçados a confrontar o vazio do nosso próprio ""porquê"".",13,1,"catedral, gótico, beleza, Scruton, Deus, transcendência, arquitetura, Idade Média, fé, comunidade","A Arte da Idade Média de Georges Duby: Uma análise magistral de como a arte medieval, especialmente a arquitetura das catedrais, era uma expressão da teologia e da ordem social da época.

Why Beauty Matters? (Por que a Beleza Importa?) de Roger Scruton: O documentário (disponível no YouTube) e o livro são a chave filosófica para este capítulo. Scruton argumenta que a busca pela beleza é uma necessidade humana fundamental para uma vida com significado.","A nossa sociedade investe em beleza ou apenas em funcionalidade? Qual foi o último edifício público construído na sua cidade que o fez parar e sentir-se elevado?

Se a beleza nos conecta com o transcendente, o que a feiura e a desordem dos nossos ambientes urbanos modernos fazem com a nossa alma?

É possível construir algo verdadeiramente belo e duradouro sem um elemento de sacrifício pessoal e comunitário?",,
7.3.1,book,A beleza como escada para Deus,O sacrifício que constrói para a eternidade,"Para entender por que uma cidade medieval como Chartres ou Amiens dedicava mais de um século para construir a sua catedral, precisamos de abandonar a nossa mentalidade moderna. Nós construímos para o lucro, para a funcionalidade, para a nossa própria vida. Eles construíam para a eternidade.

O filósofo Roger Scruton explica que a beleza nos desperta de uma forma única. Ela nos tira da nossa rotina utilitária e nos lembra de que não somos apenas animais com necessidades, mas almas com um anseio pelo transcendente. A beleza é um vislumbre do lar. Para o homem medieval, este lar tinha um nome: o Céu. A catedral era uma tentativa de construir uma embaixada do Céu na Terra.

Este projeto não era imposto por um rei ou um faraó. Nascia da fé da comunidade. O nobre doava as suas terras, o mercador os seus lucros, o artesão o seu talento e o camponês a sua força. Todos trabalhavam juntos, sabendo que, muito provavelmente, não seriam os seus olhos, mas os dos seus netos e bisnetos, que veriam a obra terminada.

Isso era um ato de sacrifício. Sacrifício, na sua raiz latina (sacrum facere), significa ""tornar sagrado"". Ao dedicarem o melhor do seu tempo, do seu trabalho e dos seus recursos a algo que não lhes traria benefício material imediato, eles estavam a sacralizar a sua própria existência. Estavam a declarar que as suas vidas tinham um propósito maior do que apenas sobreviver e consumir.

Eles não se perguntavam ""qual o retorno sobre o investimento desta catedral?"". Eles perguntavam: ""Isto é digno de Deus?"". Esta pergunta muda tudo. Ela substitui a lógica do útil pela lógica da dádiva. A beleza da catedral não é a beleza da eficiência; é a beleza de um amor que se doa sem calcular, de uma fé que constrói para a glória de Deus, e não para a glória dos homens. É um ato de esperança contra a mortalidade, um testemunho em pedra de que a vida tem um significado eterno.",13,2,"beleza, Scruton, sagrado, transcendência, sacrifício, catedral, propósito, fé, comunidade, eternidade",,,,
7.3.2,book,A Suma Teológica em pedra,A arquitetura gótica e a ordem do universo,"Se a motivação para construir as catedrais era o amor a Deus, a sua forma arquitetônica era a expressão da razão iluminada pela fé. A catedral gótica é, literalmente, uma Suma Teológica em pedra. Ela é o reflexo da filosofia escolástica de homens como São Tomás de Aquino: um universo ordenado, lógico, hierárquico e, acima de tudo, inteligível, onde tudo aponta para o seu Criador.

A arquitetura românica anterior era pesada, com paredes grossas e janelas pequenas, como uma fortaleza de pedra, expressando a solidez da fé num mundo caótico. A inovação do gótico foi uma revolução espiritual, uma explosão de confiança na harmonia entre a fé e a razão:

A Verticalidade: Através do uso de inovações como os arcos ogivais (que concentram o peso em pontos específicos) e os arcobotantes (os ""escoramentos"" externos), os arquitetos góticos conseguiram um milagre: eles libertaram as paredes da sua função de suporte. A catedral deixou de ser uma caixa de pedra e tornou-se um esqueleto de pilares e nervuras a disparar em direção aos céus. Entrar numa catedral gótica é sentir o seu corpo e a sua alma a serem puxados para cima. É uma oração arquitetônica que nos ensina sobre a nossa vocação para o alto.

A Luz: Ao libertar as paredes, eles puderam rasgá-las em imensas janelas. Mas não era a luz crua e banal do mundo exterior que entrava. Era uma luz filtrada, colorida, transformada numa tapeçaria de histórias pelos vitrais. Os vitrais eram a ""Bíblia dos pobres"". Para uma população que não sabia ler, as cenas da vida de Cristo, dos profetas e dos santos, brilhando com uma luz sobrenatural, eram um catecismo diário. Entrar numa catedral era ser banhado por uma luz mística, era sentir-se dentro de uma joia celestial.

A Harmonia Lógica: A estrutura de uma catedral gótica é de uma complexidade e de uma lógica matemática impressionantes. Cada pilar, cada nervura da abóbada, cada pináculo tem uma função estrutural. Nada é arbitrário. É a demonstração em pedra da crença medieval de que o universo, criado por Deus, é um cosmos ordenado e racional, e não um caos sem sentido. É a mesma confiança na harmonia entre fé e razão que encontramos na estrutura de um artigo da Suma Teológica de São Tomás, com os seus argumentos, objeções e respostas, tudo interligado numa arquitetura de pensamento perfeita.

A catedral era um catecismo completo. A sua planta em forma de cruz, as suas estátuas de santos e anjos a povoar os portais, a sua acústica projetada para fazer o canto gregoriano ressoar até ao céu, tudo era desenhado para ensinar a mente e elevar a alma. Ela era a prova de que, para o homem medieval, a verdade, a bondade e a beleza eram apenas faces diferentes da mesma realidade divina.",13,3,"arquitetura gótica, Suma Teológica, São Tomás de Aquino, ordem, luz, vitral, verticalidade, harmonia, razão, fé","A Civilização do Ocidente Medieval de Jacques Le Goff: O capítulo sobre a arquitetura gótica é uma excelente análise de como a catedral refletia a visão de mundo da época.

Suma Teológica de São Tomás de Aquino: Embora seja uma leitura densa, ler a estrutura de uma única questão, com os seus argumentos, objeções e respostas, revela a mesma arquitetura lógica e ordenada de uma catedral.","A verticalidade das catedrais aponta para o céu. A horizontalidade da maioria da nossa arquitetura moderna aponta para onde?

Os vitrais filtravam e transformavam a luz. As telas dos nossos celulares e televisões, que são as ""janelas"" do homem moderno, filtram a realidade ou apenas nos bombardeiam com a sua luz crua e caótica?

Acreditar que o universo é um cosmos ordenado e inteligível (como acreditava o homem medieval) ou um acidente caótico e sem sentido (como ensina o materialismo moderno) muda a forma como construímos as nossas cidades e as nossas vidas? Como?",,
7.3.3,book,Como é a sua cidade hoje?,O enfeiamento do mundo e a tirania do útil,"Agora, saia mentalmente da catedral de Chartres, com a sua luz mística e as suas colunas que sobem como árvores de pedra, e olhe honestamente ao seu redor. Como é a sua cidade hoje? O contraste é brutal e revela a profundidade da nossa crise espiritual. A pergunta de Roger Scruton, ""Por que a beleza importa?"", foi substituída por outra, sussurrada em cada esquina do nosso mundo: ""Isto é útil e lucrativo?"". Ao fazermos esta troca, divorciamo-nos da beleza e nos casamos com a tirania do utilitarismo, gerando o que podemos chamar de o grande enfeiamento do mundo.

Compare a catedral com os ""templos"" do nosso tempo:

O Shopping Center: É o nosso espaço público por excelência. Mas qual o seu propósito? Não é elevar a alma, mas excitar o desejo. A sua arquitetura é a da sedução e da gratificação instantânea: vitrines brilhantes, corredores projetados para maximizar o consumo, praças de alimentação barulhentas e caóticas. Não é um lugar de comunidade, mas de consumo solitário. Não nos pede sacrifício, mas indulgência. É o templo do ""eu"".

Os Prédios de Apartamentos Funcionais: Pense nos grandes blocos de concreto, idênticos e anônimos, que povoam as nossas cidades. Nascidos do ideal socialista de apagar a individualidade, eles foram projetados não para criar lares, mas para empilhar pessoas. A sua feiura não é acidental; é intencional. Ela comunica que o indivíduo não importa, apenas a função. É uma arquitetura que deprime a alma e destrói o senso de vizinhança.

A Arquitetura de Brasília: Como já vimos, é a glorificação do Estado e a diminuição do homem. Os seus espaços vazios e a sua escala monumental não foram feitos para o cidadão, mas para o burocrata. É a expressão em concreto da separação entre o poder e o povo.

O que estas arquiteturas têm em comum? Elas são desprovidas de amor e de sacrifício. São construídas com pressa, com materiais baratos, para servir a um propósito imediato – vender, abrigar, governar. Elas não nos falam de eternidade, de esperança ou de transcendência. A feiura do nosso ambiente não é apenas um problema estético; é um problema espiritual. É o sintoma de uma civilização que esqueceu para que serve construir.

Esta crise não se limita à arquitetura. Olhe para a arte moderna, que muitas vezes substitui a busca pela beleza pela celebração do feio, do chocante e do niilista. Olhe para a música popular, que frequentemente troca a harmonia e a melodia que elevam o espírito por batidas repetitivas e letras que degradam o corpo e a alma.

Os nossos antepassados construíam para nos dar um lar neste mundo e para nos apontar o caminho para o próximo. Nós, muitas vezes, construímos um exílio barulhento e sem alma",13,4,"cidade moderna, feiura, utilitarismo, Scruton, shopping center, Brasília, arquitetura, alma, propósito","De Bauhaus à Nossa Casa (From Bauhaus to Our House) de Tom Wolfe: Uma crítica ácida e divertida de como a arquitetura moderna, com as suas teorias abstratas e o seu desprezo pela tradição e pelo gosto popular, tornou as nossas cidades mais feias.

A Poética do Espaço de Gaston Bachelard: Um livro filosófico que explora o significado psicológico e poético da ""casa"" e dos espaços que habitamos, ajudando-nos a entender o que perdemos quando vivemos em ""não-lugares"".","Ande pela sua rua. Os edifícios parecem ter sido construídos com um senso de comunidade e de beleza, ou cada um é uma expressão egoísta do seu próprio propósito utilitário?

Se um arqueólogo do futuro escavasse a sua cidade, o que os nossos edifícios (bancos, shoppings, prédios de apartamentos) e a nossa arte diriam a ele sobre os nossos valores mais profundos?

É possível reconstruir a beleza nas nossas cidades e nas nossas vidas? O que seria necessário, para além de dinheiro e de engenheiros?",,
7.4,bookmark,Capítulo 4: A invenção da universidade,O florescimento da razão (séc. XI-XIII),"Enquanto as grandes catedrais se erguiam em pedra, uma outra construção, ainda mais duradoura, tomava forma: a Universidade. Se a propaganda moderna lhe pintou a Idade Média como uma era de fé cega e de supressão da razão, este capítulo irá demolir essa mentira de forma definitiva. Foi precisamente nesta era, sob o patrocínio da Igreja, que nasceu a instituição mais dedicada à vida do intelecto que o mundo já conheceu.

A universidade medieval não era uma escola profissionalizante, nem um centro de endoutrinação. Era uma comunidade de mestres e estudantes unidos por um propósito radical: a busca pela Verdade através do exercício rigoroso da razão. Nascidas a partir das escolas das catedrais, instituições como as universidades de Bolonha, Paris e Oxford tornaram-se os caldeirões onde a filosofia grega, redescoberta através de traduções, foi posta em diálogo intenso e apaixonado com a revelação cristã.

A beleza que exploraremos aqui, seguindo Roger Scruton, não é a da pedra ou do vitral, mas a beleza da ordem intelectual. Veremos como a fé medieval não temia a razão, mas a amava, vendo-a como o maior dom de Deus ao homem. A beleza de um argumento bem construído, de uma distinção lógica precisa, de um debate onde oponentes se respeitam na busca comum pela verdade, era para eles um reflexo da própria mente de Deus, o Logos. E ao contemplar a beleza desta catedral do pensamento, perceberemos, por contraste, a feiura e a desordem intelectual que muitas vezes caracterizam a universidade moderna.",14,1,"universidade, razão, fé, escolástica, São Tomás de Aquino, debate, verdade, lógica, Idade Média

Exportar para as Planilhas","O Renascimento do Século XII de Charles Homer Haskins: Uma obra clássica que revelou ao mundo moderno a explosão intelectual e cultural que ocorreu na Alta Idade Média, desfazendo o mito da ""Idade das Trevas"".

Fé e Razão (Fides et Ratio) de Papa São João Paulo II: Uma encíclica que explora a relação harmoniosa entre a fé e a razão, ecoando perfeitamente a mentalidade escolástica medieval.","A ideia de que a fé e a razão são parceiras, e não inimigas, parece-lhe natural ou contraintuitiva? De onde veio a sua percepção sobre esta relação?

A busca pela ""Verdade"" (com V maiúsculo) ainda é o objetivo principal das universidades hoje, ou foi substituída por outros objetivos (justiça social, empregabilidade, ativismo político)?

Um debate pode ser ""belo""? O que caracterizaria um belo argumento, em contraste com um argumento feio ou desonesto?",,
7.4.1,book,A Disputatio: a arena do intelecto,Onde a verdade era forjada no fogo do debate,"Imagine a cena. Uma grande sala na Universidade de Paris, no século XIII. A sala está apinhada de estudantes sentados no chão de palha e de mestres em suas togas. Não é uma palestra sonolenta. É uma Disputatio Quaestionum, uma ""disputa de questões"", o coração da vida intelectual medieval.

No centro, um mestre propõe uma questão complexa: ""A existência de Deus pode ser provada pela razão?"". O que se segue não é um sermão. É um duelo intelectual, com regras tão rigorosas quanto as de um torneio de cavalaria.

Primeiro, um estudante avançado, o ""oponente"", deve apresentar todos os argumentos contra a proposição. Ele não pode apresentar argumentos fracos; ele deve, com toda a sua inteligência, construir o caso mais forte possível para o ateísmo, citando filósofos pagãos e objeções lógicas.

Em seguida, outro estudante apresenta argumentos ""a favor"", mas o foco está no oponente.

Finalmente, o mestre sobe ao púlpito. A sua tarefa não é simplesmente dar a ""resposta certa"". Ele deve, um por um, analisar cada argumento do oponente, mostrar as suas falhas lógicas, fazer distinções precisas, citar as autoridades (Aristóteles, a Bíblia, os Padres da Igreja) e, só então, construir a sua própria resposta, a sua determinatio.

Este método, a escolástica, era um treino brutal em honestidade intelectual. Ensinava que, para defender a verdade, você primeiro precisa de compreender, melhor do que o seu oponente, os argumentos a favor do erro. Não havia lugar para slogans ou sentimentalismo. Apenas a lógica afiada, a clareza da definição e o respeito pelas regras do argumento.

A beleza aqui é a da harmonia do combate intelectual. Acreditava-se que a verdade não tinha nada a temer do escrutínio da razão. Pelo contrário, ela brilhava com mais intensidade após ser testada no fogo do debate. A disputatio era a expressão de uma confiança imensa na capacidade humana de, através da lógica e do diálogo honesto, se aproximar da Verdade.",14,2,"disputatio, debate, escolástica, lógica, argumento, verdade, razão, universidade, honestidade intelectual","Os Intelectuais na Idade Média de Jacques Le Goff: Descreve o nascimento desta nova classe de homens, os intelectuais, e o ambiente vibrante das universidades.

A Filosofia na Idade Média de Étienne Gilson: Uma das melhores introduções ao pensamento escolástico, explicando os seus métodos e os seus grandes temas.","Os Intelectuais na Idade Média de Jacques Le Goff: Descreve o nascimento desta nova classe de homens, os intelectuais, e o ambiente vibrante das universidades.

A Filosofia na Idade Média de Étienne Gilson: Uma das melhores introduções ao pensamento escolástico, explicando os seus métodos e os seus grandes temas.",,
7.4.2,book,A Suma Teológica,A catedral do pensamento,"Se a catedral gótica é a expressão máxima da fé medieval em pedra, a Suma Teológica de São Tomás de Aquino é a sua contrapartida intelectual. É a catedral do pensamento, uma estrutura de uma lógica, de uma clareza e de uma beleza intelectual tão imensas que continua a ser um dos maiores monumentos da história da mente humana.

A Suma não é um livro para ser ""lido"" do início ao fim; é um edifício para ser explorado. Ela está dividida em ""Partes"", que se dividem em ""Questões"", que se dividem em ""Artigos"". Cada artigo aborda uma pergunta específica (ex: ""Deus existe?"", ""O que é a lei?"", ""A guerra pode ser justa?"") e segue precisamente o método da disputatio:

Objeções: São Tomás começa por apresentar os argumentos contra a sua própria posição. Ele não cria espantalhos; ele apresenta as objeções mais fortes que consegue encontrar.

""Pelo contrário..."" (Sed contra): Ele então cita uma autoridade (geralmente a Bíblia ou um Padre da Igreja) que aponta na direção da resposta verdadeira.

""Respondo que se deve dizer..."" (Respondeo dicendum): Este é o corpo do artigo, onde São Tomás desenvolve a sua própria resposta, fazendo distinções filosóficas precisas e construindo o seu argumento passo a passo.

Respostas às Objeções: Finalmente, ele volta a cada uma das objeções iniciais e refuta-as, uma por uma, à luz da sua conclusão.

A beleza da Suma é a beleza da ordem e da inteligibilidade. Para São Tomás, o universo criado por Deus não é um caos. É um cosmos ordenado, hierárquico e completamente permeável à razão humana. A sua obra é um ato de confiança radical na harmonia entre a fé e a razão. Ele usa a filosofia de um pagão, Aristóteles, como a sua principal ferramenta para explorar os mistérios da revelação cristã, demonstrando que a verdade é uma só, quer seja alcançada pela luz da razão natural ou pela luz da fé.

Ler a Suma é como caminhar por uma catedral. Cada artigo é uma capela, cada questão é uma nave, e tudo está interligado numa estrutura grandiosa e harmoniosa que aponta para uma única verdade central: Deus, que é a própria Verdade.",14,3,"Suma Teológica, São Tomás de Aquino, escolástica, razão, fé, ordem, harmonia, inteligibilidade, argumento","Suma Teológica de São Tomás de Aquino: Não tenha medo de a explorar. Escolha um tema que lhe interesse (as virtudes, a lei, a existência de Deus) e leia apenas um artigo. A sua clareza e a sua lógica são surpreendentes.

Introdução a São Tomás de Aquino de G. K. Chesterton: Talvez a melhor e mais apaixonada introdução ao pensamento do ""Doutor Angélico"", escrita com o brilhantismo característico de Chesterton.","A estrutura de São Tomás (apresentar as objeções primeiro) parece-lhe uma forma honesta de debater? Por que é que esta abordagem é tão rara hoje?

A crença de que o universo é fundamentalmente lógico e inteligível é otimista ou ingênua? Que tipo de cultura uma crença como esta produz?

Se a Suma Teológica é a ""catedral do pensamento"", qual seria o equivalente moderno? Um artigo da Wikipédia? Um feed de rede social? O que esta comparação nos diz sobre a nossa própria cultura intelectual?",,
7.4.3,book,O enfeiamento do pensamento,A universidade contra a verdade,"Agora, façamos um salto doloroso da Universidade de Paris no século XIII para a universidade moderna. O contraste é tão brutal como o de uma catedral gótica para um bloco de apartamentos socialista. Assistimos ao enfeiamento do pensamento, a substituição da busca pela beleza da verdade pela celebração da feiura da ideologia.

Vamos contrastar ponto por ponto:

A Disputatio vs. o ""Espaço Seguro"": A universidade medieval era uma arena de combate intelectual, onde as ideias mais sagradas eram submetidas ao teste mais rigoroso da lógica. A universidade moderna é, muitas vezes, um ""espaço seguro"", um jardim de infância para adultos onde os estudantes devem ser ""protegidos"" de ideias que possam desafiar as suas crenças ou ferir os seus sentimentos. O debate rigoroso foi substituído pela terapia em grupo.

A Clareza Escolástica vs. o Jargão Pós-Moderno: Os escolásticos, como São Tomás, buscavam a clareza e a precisão absolutas, pois acreditavam que a linguagem era um veículo para a verdade. A academia moderna, especialmente nas humanidades, muitas vezes deleita-se num jargão obscuro e incompreensível, saído da teoria crítica e do pós-modernismo. Essa linguagem não serve para iluminar a realidade, mas para a obscurecer, criando uma casta de ""iniciados"" que se distinguem não pela sua sabedoria, mas pelo domínio de um vocabulário hermético. É a beleza da clareza trocada pela feiura da ofuscação.

A Elevação do Aluno vs. o Rebaixamento do Conhecimento: O ideal clássico e medieval era elevar o aluno ao nível da alta cultura. O ideal de pedagogos como Paulo Freire é o exato oposto: rebaixar o conhecimento ao nível e ao ""universo vocabular"" do aluno. Em vez de dar ao pobre as chaves da catedral do saber, o seu método tranca-o na sua própria cela de ignorância, validando a sua experiência limitada como a única fonte de conhecimento. É a profanação da educação, como diria Scruton.

A beleza da ordem intelectual foi substituída pela feiura do caos sentimental. A confiança na razão foi trocada pela tirania da emoção e da política de identidade. A universidade, que nasceu como a maior defensora da razão ocidental, tornou-se, em muitos lugares, o seu mais feroz inimigo.",14,4,"universidade moderna, enfeiamento, Paulo Freire, desconstrução, espaço seguro, jargão, ideologia, razão, sentimentalismo","A Mente de Olavo de Carvalho por Ronald Robson: Uma introdução ao pensamento do filósofo brasileiro que mais profundamente diagnosticou e combateu a hegemonia da mentalidade revolucionária e do enfeiamento intelectual nas universidades brasileiras.

O Fechamento da Mente Americana de Allan Bloom: A obra que, já em 1987, previu com uma clareza assustadora como a cultura do relativismo e da política de identidade iria destruir a verdadeira missão da universidade.","A ideia de um ""espaço seguro"" numa universidade é um sinal de força ou de fraqueza intelectual de uma cultura?

Por que é que as ideologias totalitárias (como o comunismo e o fascismo) sempre sentiram a necessidade de criar uma ""nova linguagem"" (como a ""Novilíngua"" de Orwell)?

Se a universidade não tem como fim a busca pela Verdade, qual é o seu fim? E uma instituição sem um fim transcendente pode sobreviver?",,
7.5,shield,Capítulo 5: O espírito cavaleiresco e a Reconquista,A beleza da virtude em ação (séc. XI-XV),"Até agora, vimos a Cristandade construir catedrais de pedra e catedrais do pensamento. Mas uma civilização não se sustenta apenas com orações e argumentos; ela precisa de homens dispostos a defender a sua existência com a espada. Neste capítulo final do nosso livro sobre a Idade Média, exploraremos a criação de um dos ideais mais belos e poderosos da nossa herança: o cavaleiro cristão.

Aqui, a beleza que investigaremos, seguindo Roger Scruton, é a beleza do caráter moral. É a beleza de uma vida bem ordenada, onde a força bruta é submetida a um ideal de virtude. Mostraremos como a Igreja pegou na energia violenta do guerreiro germânico e a esculpiu, como um mestre escultor, para criar o arquétipo do cavaleiro: um homem que usa a sua força não para o ganho pessoal, mas ao serviço de um propósito transcendente.

E veremos este ideal em ação no seu maior palco histórico: a Reconquista da Península Ibérica. Esta não foi apenas uma guerra de 800 anos; foi o cadinho onde a alma de Portugal foi forjada. E ao entender o espírito do cavaleiro que lutou em Ourique, entenderemos o espírito do navegador que, séculos depois, plantou a Cruz da Ordem de Cristo na Terra de Santa Cruz.",15,1,"cavalaria, Reconquista, virtude, honra, Portugal, Afonso Henriques, cruzada, beleza moral, cavaleiro","O Outono da Idade Média de Johan Huizinga: Uma obra clássica que explora o ideal da cavalaria e a sua expressão na cultura, na arte e na vida da Baixa Idade Média.

Le Morte d'Arthur de Sir Thomas Malory: A coletânea clássica das lendas do Rei Artur e dos Cavaleiros da Távola Redonda, que, embora seja ficção, é a maior expressão literária do ideal cavaleiresco.","O ideal do cavaleiro (um guerreiro que protege os fracos e serve a um código de honra) ainda existe de alguma forma na nossa cultura hoje? Onde?

A nossa sociedade celebra a força física? Se sim, ela está associada a um ideal de virtude ou apenas à competição e à vaidade?

É possível ser, ao mesmo tempo, um guerreiro temível e um homem piedoso? Como o cristianismo resolve esta aparente contradição?",,
7.5.1,book,O nascimento do cavaleiro,A espada batizada e a forja da honra,"Imagine a Europa após a fragmentação do Império de Carlos Magno. É um mundo violento, dominado por ""senhores da guerra"", nobres locais cuja principal ocupação é o conflito por terras e poder. A força bruta é a única lei. Neste cenário, a Igreja Católica inicia o seu mais ambicioso projeto de engenharia social: a criação do cavaleiro.

O projeto não foi exterminar a classe guerreira, mas batizar a sua espada. Foi pegar na virtude pagã da coragem e fundi-la com as virtudes cristãs da caridade, da misericórdia e da justiça. O guerreiro lutava por si mesmo; o cavaleiro faria um juramento para lutar por algo maior.

Este ideal foi disseminado através da liturgia, da literatura e dos códigos de conduta. A cerimônia de sagração de um cavaleiro era um ritual profundamente religioso. O jovem nobre passava a noite em vigília de oração na capela do castelo. A sua espada era abençoada sobre o altar. Ele jurava sobre as relíquias de um santo:

Proteger os fracos, as viúvas e os órfãos.

Defender a Santa Igreja.

Ser leal ao seu suserano.

Dizer sempre a verdade e manter a sua palavra, mesmo que isso lhe custasse a vida.

A beleza aqui, como diria Scruton, é a da alma bem ordenada. É a criação de um ideal de masculinidade onde a fortitudo (a fortaleza, a coragem) é inseparável da caritas (a caridade, o amor). O cavaleiro ideal não era apenas o mais forte na batalha, mas o mais justo no julgamento, o mais leal no serviço e o mais piedoso na oração.

Claro que nem todos os cavaleiros viveram à altura deste ideal. Mas a existência do próprio ideal mudou o mundo. Ele criou um padrão de honra, um código de conduta que distinguia o guerreiro nobre do mero bandido. A Igreja não apenas construiu catedrais de pedra; ela tentou construir catedrais de homens, esculpindo almas belas e virtuosas para servirem de pilares a uma nova civilização.",15,2,"cavalaria, cavaleiro, Igreja, virtude, fortaleza, caridade, honra, código, civilização, juramento","Cavalaria de Maurice Keen: Considerado o melhor estudo histórico sobre a cavalaria medieval, as suas origens, o seu código e o seu impacto na sociedade.

A Canção de Rolando: Um poema épico francês do século XI, que é uma das primeiras e mais poderosas expressões do ideal cavaleiresco, centrado na lealdade, na honra e no sacrifício pela fé.","O conceito de ""honra"" ainda tem o mesmo peso na nossa sociedade hoje? O que significa ser um ""homem de palavra"" no mundo atual?

O juramento do cavaleiro era essencialmente sobre colocar a sua força a serviço dos outros. A nossa cultura celebra homens que usam a sua força para servir ou para se servirem?

Se você tivesse de criar um ""código de honra"" para a sua própria vida, quais seriam os três juramentos mais importantes?",,
7.5.2,book,A Reconquista,A cruzada de oitocentos anos e o nascimento de Portugal,"Enquanto no resto da Europa o ideal cavaleiresco se expressava em torneios e na proteção da ordem feudal, na Península Ibérica ele encontrou o seu campo de batalha mais real, mais longo e mais sagrado: a Reconquista.

Lembre-se: desde 711, a maior parte da Península estava sob o domínio do Islã. O que a narrativa moderna, especialmente a de esquerda, pinta como o ""paraíso multicultural de Al-Andalus"" era, na realidade, uma sociedade de apartheid onde os cristãos e os juDeus viviam como cidadãos de segunda classe (dhimmis), pagando impostos humilhantes e sofrendo perseguições periódicas.

A Reconquista foi a guerra de quase 800 anos dos pequenos reinos cristãos do norte para libertar a sua terra. Foi a mais longa cruzada da história, e foi o cadinho onde a alma de Portugal e da Espanha foi forjada. Aqui, o ideal do cavaleiro não era um poema; era uma necessidade diária de sobrevivência e de combate.

A resistência começou nas montanhas das Astúrias com heróis como Pelágio, mas o momento decisivo para a nossa história ocorre em 1139, na Batalha de Ourique. Dom Afonso Henriques, líder do Condado Portucalense, enfrenta um exército muçulmano muito superior. Segundo a tradição, na véspera da batalha, Cristo aparece-lhe numa visão, prometendo-lhe a vitória e um reino que levaria a fé aos confins da Terra.

Inspirado por esta promessa divina, Afonso Henriques lidera os seus cavaleiros numa vitória esmagadora e é aclamado no campo de batalha como o primeiro Rei de Portugal.

Este evento é a certidão de nascimento de Portugal. A nação não nasce de um acordo político ou de uma revolta secular. Ela nasce de um ato de fé em meio a uma cruzada. A sua missão, desde o primeiro dia, não era apenas existir, mas ser a ""lança da Cristandade"", a vanguarda na luta pela fé. Todo o espírito cavaleiresco, toda a energia da Reconquista, concentrou-se nesta pequena nação à beira do Atlântico, preparando-a para o seu destino extraordinário.",15,3,"Reconquista, Portugal, Afonso Henriques, Ourique, Islã, Al-Andalus, cruzada, Pelágio, batalha, fé","The Myth of the Andalusian Paradise de Dario Fernández-Morera: Um livro acadêmico que usa fontes árabes e cristãs para desconstruir o mito politicamente correto da ""convivência pacífica"" na Espanha islâmica, mostrando a realidade da jihad e da subjugação.

História de Portugal de A. H. de Oliveira Marques: Uma obra de referência para entender o longo processo da Reconquista e o papel central da Batalha de Ourique na formação da identidade nacional portuguesa.","Por que é que a narrativa de um ""paraíso multicultural"" em Al-Andalus é mais atraente para a mentalidade moderna do que a história de uma longa e difícil guerra de libertação religiosa?

A fundação de Portugal, nascida de uma visão e de uma batalha, é semelhante à fundação de outras nações que conhece?

A Reconquista durou quase 800 anos. Que tipo de perseverança e de identidade uma luta tão longa forja num povo? Lembre de um político que tenha se mantido no foco por 4 anos? Estamos mesmo falando da mesma coisa?",,
7.5.3,book,O legado do cavaleiro,Do cavaleiro ao navegador: a alma do Brasil,"No final do século XV, a Reconquista na Península Ibérica termina. A missão de 800 anos estava cumprida. Para a Espanha, que se unifica e se volta para a Europa, a história toma um rumo. Para Portugal, a pergunta era: e agora? O que faz um povo de cavaleiros quando a guerra na sua terra acaba?

A resposta portuguesa foi uma das mais geniais e audaciosas da história: eles não depuseram as armas; eles levaram a sua cruzada para o oceano. O legado do espírito cavaleiresco, forjado na Reconquista, transbordou para as Grandes Navegações.

O cavaleiro tornou-se o navegador.

O cavalo tornou-se a caravela.

A fronteira deixou de ser o rio Douro e passou a ser o Mar Tenebroso.

A missão deixou de ser libertar a Ibéria e passou a ser ""dilatar a fé e o império"", como prometido a Dom Afonso Henriques em Ourique.

É impossível entender a alma do Brasil sem entender esta transição. O Brasil não foi fundado por mercadores de mentalidade burguesa à procura de lucro, como a narrativa marxista insiste em pintar. Foi fundado por homens que eram os herdeiros diretos de séculos de espírito de cruzada. Capitães como Pedro Álvares Cabral eram membros da Ordem de Cristo, a herdeira dos Templários em Portugal. A cruz no seu peito e nas velas dos seus navios não era um adorno; era o símbolo da sua identidade e da sua missão.

O Contraste: O Anti-herói Cínico e a Perda da Beleza Moral
Agora, contraste o ideal do cavaleiro com os arquétipos que a nossa cultura celebra hoje. O cavaleiro lutava por um ideal transcendente. O nosso tempo celebra o anti-herói: o político cínico que, como Getúlio Vargas confessou, busca apenas o ""favor para alguém""; o empresário que vê o lucro como o único valor; o artista que celebra a transgressão e o niilismo; o militante que vive do ressentimento e da destruição.

A beleza que Scruton identifica na vida virtuosa, a beleza de um caráter bem ordenado, foi substituída pela celebração do feio, do egoísta e do disfuncional. Sofremos de uma profunda falta de beleza moral.

A história da fundação de Portugal e do Brasil é um antídoto contra este cinismo. É a prova de que uma nação não se constrói sobre interesses mesquinhos, mas sobre um grande ideal, sobre a coragem, o sacrifício e a fé de homens que se viam como instrumentos de uma missão maior do que eles mesmos.",15,4,"legado, cavaleiro, navegador, anti-herói, virtude, Reconquista, descobrimentos, Portugal, Brasil, missão","O Império Marítimo Português, 1415-1825 de C. R. Boxer: A obra de referência sobre a expansão portuguesa, mostrando a complexa interação entre os motivos religiosos, militares e comerciais.

A Abolição do Homem de C.S. Lewis: Um livro profético que argumenta que a rejeição da lei natural e da virtude objetiva (o Tao) leva à criação de ""homens sem peito"", o oposto do ideal cavaleiresco.","Se o navegador português era o ""cavaleiro no mar"", quais eram os ""dragões"" e ""inimigos"" que ele enfrentava?

A nossa cultura hoje produz mais ""cavaleiros"" (pessoas que lutam por um ideal) ou mais ""anti-heróis"" (pessoas que lutam por si mesmas)? Por quê?

Entender que o Brasil foi fundado com um espírito de cruzada, e não de exploração, muda a sua visão sobre a identidade nacional? Como?",,
7.6,chalice,Capítulo 6: A Idade Média e Portugal,Reconquista Contra o Islã e Forja de Portugal (séc. V-XV),"Se nos textos anteriores testemunhamos o colapso de uma civilização e o lento e heróico renascimento de outra, agora vamos mergulhar no cadinho de fogo onde a alma da nossa própria civilização luso-brasileira foi forjada. Este livro narra a saga da Reconquista, a luta de quase oitocentos anos dos povos cristãos da Península Ibérica para libertar a sua terra do domínio islâmico.

Este não é um capítulo secundário da história europeia. É o evento definidor que criou Portugal e a Espanha e que infundiu no seu povo um espírito de cruzada e de resiliência que, mais tarde, transbordaria para o oceano e daria origem ao Brasil.

O foco desta narrativa será a demonstração das virtudes em ação. Veremos a fé que move montanhas (e exércitos), a fortaleza que resiste por séculos, a prudência dos reis e a justiça da causa. Traçaremos paralelos entre os heróis da Reconquista e outros fundadores de nações, mostrando que as grandes civilizações não nascem do acaso, mas do sacrifício e da fidelidade a um ideal transcendente. E, como sempre, usaremos a verdade da história para desmentir as narrativas marxistas que tentam pintar esta epopeia de libertação como um período de trevas ou de simples intolerância.",16,1,"Reconquista, Islã, Portugal, Cristandade, Idade Média, virtude, batalha, heróis, nação","O Mito do Paraíso Andaluz de Darío Fernández-Morera: Um livro acadêmico essencial que desconstrói, com base em fontes primárias (cristãs e muçulmanas), o mito politicamente correto da ""convivência pacífica"" no Al-Andalus, revelando a realidade da jihad e da subjugação.

A Reconquista de Derek W. Lomax: Uma das melhores e mais completas histórias sobre o longo processo de libertação da Península Ibérica.","A ideia de uma ""guerra de libertação"" que dura 800 anos parece-lhe possível hoje? Que tipo de fé e de identidade cultural são necessárias para sustentar um esforço por tantas gerações?

Por que a narrativa de um ""paraíso multicultural"" na Espanha islâmica é mais atraente para a mentalidade moderna do que a história de uma longa e difícil guerra de libertação religiosa?

O que um povo que lutou por séculos para defender a sua identidade tem a ensinar a uma civilização que parece disposta a abrir mão da sua própria?",,
7.6.1,shield,Expansão Islâmica,A Conquista da Península Ibérica (711-732 d.C.),"Enquanto a Cristandade no antigo Império Romano do Ocidente lutava para se reerguer do caos, batizando os bárbaros e reconstruindo a ordem, uma nova e avassaladora força surgia dos desertos da Arábia. No século VII, o profeta Maomé uniu as tribos árabes sob a bandeira de uma nova religião: o Islã.

Impulsionados por um fervor guerreiro e pela doutrina da jihad, os exércitos muçulmanos explodiram para fora da Península Arábica numa das conquistas mais rápidas e extensas da história. Em menos de um século, eles conquistaram o Império Persa, as províncias mais ricas do Império Bizantino (Síria, Egito) e todo o Norte de África cristão.

Em 711, olhando através do estreito que hoje leva o seu nome (Gibraltar, de Jabal al-Tariq, ""a montanha de Tariq""), o general berbere Tariq ibn Ziyad viu o seu próximo alvo: o reino cristão dos visigodos, na Península Ibérica. Este capítulo narra o início da ocupação que duraria quase 800 anos e a teologia que justificaria a resistência.",16,2,"Islã, expansão, conquista, Ibéria, Guadalete, Califado, Córdoba, jihad, guerra justa","As Grandes Conquistas Árabes de Hugh Kennedy: Uma história militar e política detalhada da expansão islâmica inicial.

Jihad in the West: Muslim Conquests from the 7th to the 21st Centuries de Paul Fregosi: Uma obra abrangente que contextualiza a conquista da Espanha dentro da longa história da jihad.","Como foi possível que uma força surgida do deserto conquistasse impérios milenares em tão pouco tempo? A força estava apenas no seu poderio militar ou também na fraqueza interna dos seus inimigos?

A jihad é um conceito puramente espiritual (""luta interior"") ou tem uma dimensão militar inseparável da sua história?

O que a velocidade e a escala da expansão islâmica nos dizem sobre o poder de uma ideologia que une fé e espada?",,
7.6.2,shield,A Batalha de Guadalete,A traição que entregou um reino (711 d.C.),"A conquista da Península Ibérica não foi o resultado de uma longa guerra de desgaste. Foi um colapso súbito e catastrófico, possibilitado não tanto pela força do invasor, mas pela podridão interna do reino visigótico.

O reino dos visigodos, que governava a Hispânia, era cristão, mas estava a ser consumido por uma doença familiar à que vimos em Roma: a guerra civil. O rei, Rodrigo, tinha ascendido ao trono recentemente, em meio a uma disputa dinástica. Parte da nobreza visigótica, ressentida, conspirava contra ele.

Quando Tariq ibn Ziyad atravessou o estreito em 711 com cerca de 12.000 homens, ele não vinha para conquistar, mas para uma incursão de saque, possivelmente a convite de uma das facções traidoras. O rei Rodrigo marchou para o sul para o esmagar com um exército muito maior, talvez com 30.000 a 40.000 homens.

A batalha decisiva ocorreu nas margens do rio Guadalete. Imagine a cena: de um lado, a cavalaria pesada dos nobres visigodos, herdeiros da tradição militar romana e germânica. Do outro, a cavalaria leve e ágil dos berberes e árabes, endurecida pelas guerras no deserto. No momento crucial da batalha, a traição selou o destino da Ibéria. As alas do exército visigótico, comandadas pelos nobres inimigos de Rodrigo, desertaram ou passaram para o lado do inimigo. O centro do exército, leal ao rei, foi cercado e aniquilado. O próprio rei Rodrigo foi morto em combate.

Com a morte do rei e a destruição do seu exército, o reino visigótico desintegrou-se. Não havia mais uma autoridade central. Cidade após cidade caiu perante o avanço muçulmano, muitas vezes sem luta, com a ajuda dos mesmos nobres traidores que esperavam ganhar poder sob os novos senhores. Em menos de uma década, quase toda a Península, uma das mais antigas e romanizadas províncias do Ocidente, estava sob o domínio do Islã.

A lição de Guadalete é perene: um inimigo externo só é verdadeiramente perigoso quando encontra as portas da cidade já abertas por traidores internos.",16,3,"Guadalete, Rodrigo, visigodos, Tariq, traição, conquista, colapso, guerra civil, decadência","The Chronicle of 754: Escrita por um cristão moçárabe a viver sob o domínio muçulmano, é a fonte quase contemporânea mais importante sobre a conquista.

The Muslim Conquest and Settlement of North Africa and Spain de Abdulwahid Dhanun Taha: Oferece a perspectiva muçulmana da conquista, baseada em fontes árabes.","Quem foi o principal culpado pela queda do reino visigótico: a força de Tariq ou a traição dos nobres?

A história está repleta de exemplos de facções internas que se aliam a inimigos externos para ganhar poder. Você consegue pensar num exemplo moderno?

O que a rápida desintegração do reino após a morte do rei nos diz sobre a solidez das suas instituições?",,
7.6.3,shield,O Califado de Córdoba,O mito do paraíso e a realidade da subjugação,"Após a conquista, a Península Ibérica, agora chamada de Al-Andalus, tornou-se uma província do vasto Califado Omíada. A sua capital, Córdoba, transformou-se numa das maiores e mais ricas cidades do mundo. É aqui que nasce o mito moderno do ""paraíso andaluz"".

A narrativa politicamente correta pinta o Al-Andalus como um farol de tolerância e multiculturalismo, onde muçulmanos, cristãos e juDeus viviam em harmonia, produzindo uma cultura brilhante. Esta é uma fantasia perigosa.

Houve, de facto, um florescimento cultural em Córdoba, especialmente na filosofia, na matemática e na medicina. Mas esta cultura não era ""multicultural""; era esmagadoramente islâmica. E a ""convivência"" não era entre iguais; era um sistema de apartheid legal, governado pela lei islâmica (Sharia).

Os cristãos e os juDeus não foram exterminados, mas foram reduzidos ao status de dhimmi: cidadãos de segunda classe, ""protegidos"" em troca da sua total submissão. A sua vida era regida por regras humilhantes:

O imposto da Jizya: Um imposto per capita que apenas os não-muçulmanos pagavam. Não era apenas um fardo financeiro; era um ritual de humilhação, muitas vezes coletado com um golpe simbólico no pescoço para lembrar o dhimmi da sua condição inferior.

Proibições: Cristãos e juDeus eram proibidos de construir novas igrejas ou sinagogas, de tocar sinos, de realizar procissões públicas, de portar armas e de montar a cavalo. O testemunho de um dhimmi contra um muçulmano num tribunal não tinha valor.

Conversão forçada e apostasia: A pressão para se converter ao Islã era constante, pois a conversão trazia status social e alívio de impostos. Por outro lado, um muçulmano que se convertesse ao cristianismo ou um cristão que, tendo se convertido ao Islã, voltasse à sua fé original, era punido com a morte por apostasia.

O ""paraíso"" de Al-Andalus era um paraíso apenas para a elite muçulmana. Para a população cristã majoritária, era uma longa noite de ocupação e humilhação, uma luta diária para preservar a sua fé e a sua identidade sob o olhar de um mestre conquistador. Entender esta realidade é crucial para entender a profundidade e a justiça da Reconquista que se seguiria.

",16,4,"Califado de Córdoba, Al-Andalus, paraíso, mito, dhimmi, jizya, sharia, subjugação, apartheid","O Mito do Paraíso Andaluz de Darío Fernández-Morera: O livro mais importante para desconstruir esta fantasia histórica, usando fontes primárias para revelar a verdadeira natureza da vida sob o domínio islâmico.

Sob o Domínio da Meia-Lua: JuDeus na Idade Média Islâmica de Mark R. Cohen: Um estudo que, embora focado na experiência judaica, detalha o status legal e social dos dhimmis.","Um sistema que cobra impostos diferentes com base na religião e que impõe restrições severas à prática de outras fés pode ser chamado de ""tolerante""?

Por que a narrativa do ""paraíso andaluz"" é tão popular hoje? A quem ela serve?

Qual a diferença entre um verdadeiro multiculturalismo, baseado no respeito mútuo entre iguais, e um sistema de dhimmitude?",,
7.6.4,shield,A Jihad no Mediterrâneo,A Cristandade sob cerco,"A conquista da Península Ibérica não foi um evento isolado. Foi parte de uma estratégia de expansão muito maior, a Jihad no Mediterrâneo. O mar que fora o ""lago romano"" (Mare Nostrum), o centro da civilização ocidental, tornou-se uma fronteira de guerra.

A partir de bases no Norte de África, na Espanha e nas ilhas que conquistaram (Sicília, Creta, Baleares), frotas muçulmanas lançaram-se numa guerra de pirataria e de incursões que aterrorizou a costa da Europa cristã por séculos.

Saques: Cidades costeiras na França e na Itália eram pilhadas constantemente. Mosteiros eram alvos preferenciais, pela sua riqueza e pelo seu simbolismo.

Escravidão: A principal mercadoria desta jihad marítima eram os seres humanos. Milhões de europeus cristãos foram capturados e vendidos nos mercados de escravos do Norte de África e do Levante. Ordens religiosas, como os Mercedários e os Trinitários, foram fundadas com o propósito específico de angariar fundos para resgatar estes cativos.

A Cristandade, ainda a tentar se reerguer das cinzas de Roma, encontrava-se sob um cerco implacável. O avanço muçulmano parecia imparável. É neste contexto existencial que a teologia cristã recupera e refina o conceito de Guerra Justa.

Baseando-se em Santo Agostinho, e mais tarde sistematizada por São Tomás de Aquino, a doutrina da guerra justa não é uma glorificação da violência. Pelo contrário, é uma tentativa de a limitar e de a submeter a critérios morais rigorosos. Para uma guerra ser justa, ela precisa de preencher várias condições:

Causa Justa: Deve ser travada em autodefesa, para proteger inocentes de uma agressão injusta ou para recuperar algo que foi roubado injustamente. A Reconquista e as Cruzadas nascem desta premissa.

Autoridade Legítima: Deve ser declarada por uma autoridade pública legítima (um rei, um príncipe, o Papa), e não por indivíduos.

Intenção Reta: O objetivo deve ser a restauração da paz e da justiça, e não a pura ganância, o ódio ou a sede de poder.

Esta teologia forneceu à Cristandade o alicerce moral e intelectual para a sua resistência. A luta contra o Islã não era vista como uma guerra de conquista, mas como um ato de legítima defesa, um dever doloroso, mas necessário, para proteger a fé, as famílias e a própria civilização da aniquilação.",16,5,"jihad, Mediterrâneo, pirataria, escravidão, cerco, guerra justa, São Tomás de Aquino, defesa, Cristandade","Guerreiros de Deus: Ricardo Coração de Leão e Saladino na Terceira Cruzada de James Reston Jr.: Embora sobre as Cruzadas, o livro descreve vividamente o choque de civilizações no Mediterrâneo.

Suma Teológica de São Tomás de Aquino (Segunda parte da Segunda parte, Questão 40): O artigo onde São Tomás estabelece os critérios para a guerra justa.","A pirataria e a captura de escravos no Mediterrâneo eram atos de ""criminosos comuns"" ou uma política de Estado sancionada pela religião?

Os critérios da guerra justa de São Tomás ainda são relevantes hoje? Como se aplicariam aos conflitos modernos?

Qual a diferença entre a jihad, como praticada na expansão islâmica (uma guerra de conquista para expandir o ""domínio do Islã""), e a guerra justa cristã (uma guerra primariamente defensiva para restaurar a paz)?",,
7.7,bible,Capítulo 7: Domínio muçulmano e incursões,A longa noite da Cristandade sob cerco (séc. VIII-X),"A rápida conquista da Península Ibérica não foi o fim, mas o começo de uma longa e angustiante noite que duraria séculos. A Cristandade, ainda a lamber as feridas do colapso de Roma e a tentar civilizar os reinos bárbaros, encontrava-se agora a lutar numa nova frente, não apenas por território, mas pela sua própria alma.

Este capítulo vai mergulhar na realidade do domínio islâmico. Vamos desconstruir o mito politicamente correto do ""paraíso multicultural de Al-Andalus"", expondo a dura realidade da vida como um cidadão de segunda classe sob a lei islâmica. Veremos como a pressão da jihad não se limitou à Ibéria, mas continuou com incursões sangrentas no coração da Europa, na França e na Itália.

E, o mais importante, traçaremos um paralelo direto entre a pressão contínua para a conversão e a submissão cultural daquela época e a ""invasão ideológica"" que vemos hoje nas nossas universidades e na nossa cultura. A tática do inimigo muda de forma, mas o objetivo é sempre o mesmo: minar a identidade, a fé e a vontade de resistir de uma civilização, para a conquistar por dentro.",17,1,"Al-Andalus, domínio muçulmano, incursões, pressão, dhimmi, jizya, ideologia, universidade, resistência","O Mito do Paraíso Andaluz de Darío Fernández-Morera: A obra definitiva que, usando fontes primárias árabes e cristãs, desmascara a fantasia da ""convivência pacífica"" e detalha a realidade da subjugação.

Espanha Muçulmana e Portugal de Hugh Kennedy: Uma história abrangente do período, útil para entender a estrutura política e social do Al-Andalus.","A ""pressão contínua"" de um inimigo ao longo de séculos fortalece ou enfraquece a identidade de um povo?

Por que a ideia de um passado ""multicultural harmonioso"" é tão atraente para a mentalidade moderna, mesmo quando os fatos a contradizem?

Pode existir verdadeira ""convivência"" entre duas visões de mundo, quando uma delas exige a submissão legal e religiosa da outra?",,
7.7.1,book,Al-Andalus,O mito do paraíso e a realidade da dhimmitude,"A narrativa moderna, especialmente a acadêmica, adora pintar o Al-Andalus, a Espanha muçulmana, como um farol de tolerância. Falam-nos da magnífica mesquita de Córdoba, dos filósofos como Averróis, da poesia e da ciência, criando a imagem de um paraíso onde muçulmanos, cristãos e juDeus viviam em harmonia. Esta é uma fantasia perigosa.

Houve, de fato, um florescimento cultural em Córdoba, mas não era ""multicultural""; era esmagadoramente islâmico, construído sobre a riqueza extraída da população subjugada. A ""convivência"" não era entre iguais; era um sistema de apartheid legal, governado pela lei islâmica (Sharia), conhecido como dhimmitude.

Imagine-se um cristão a viver em Córdoba no século IX. Você não é um cidadão; você é um dhimmi, um ""protegido"" tolerado. A sua vida é regida por regras de humilhação diária:

O imposto da Jizya: Todos os anos, você deve pagar um imposto especial apenas por não ser muçulmano. A coleta é um ritual público. Você deve se apresentar perante o coletor, de cabeça baixa. Ao pagar, o coletor dá-lhe um tapa na nuca, um gesto simbólico para o lembrar da sua condição inferior, de que a sua vida é poupada pela ""misericórdia"" do seu senhor muçulmano.

Proibições: Você não pode construir novas igrejas nem reparar as antigas. Tocar os sinos da sua paróquia é um crime. Fazer uma procissão na rua é impensável. A sua casa não pode ser mais alta que a do seu vizinho muçulmano. Você não pode montar a cavalo, apenas num burro, e deve desmontar na presença de um muçulmano. Você não pode portar armas. O seu testemunho num tribunal não vale nada contra o de um muçulmano.

A Espada sobre a Cabeça: Se um muçulmano o insultar, você deve baixar a cabeça. Se reagir, pode ser acusado de insubordinação e morto. Se, num momento de desespero, você se converter ao Islã, mas depois se arrepender e voltar à fé cristã, a pena é uma só: a morte por apostasia.

O ""paraíso"" de Al-Andalus era uma gaiola dourada. Brilhante para quem olhava de fora, ou para a pequena elite no poder, mas uma prisão para a vasta maioria cristã que vivia sob a ameaça constante da espada e a humilhação diária da lei. Esta longa noite de ocupação não foi um diálogo de culturas; foi a supressão sistemática de uma delas.",17,2,"Al-Andalus, paraíso, mito, dhimmi, jizya, sharia, subjugação, apartheid, Córdoba, humilhação","O Mito do Paraíso Andaluz de Darío Fernández-Morera: Essencial. O autor disseca as fontes primárias e expõe a falsidade da narrativa acadêmica moderna.

As Cruzadas de um Ponto de Vista Islâmico de Paul Cobb: Embora focado noutro período, ajuda a entender a mentalidade islâmica medieval sobre a guerra e a relação com os ""povos do livro"".","Um sistema que cobra impostos diferentes com base na religião e que impõe restrições severas à prática de outras fés pode ser chamado de ""tolerante""? Qual a definição de tolerância que estamos usando?

Por que a narrativa do ""paraíso andaluz"" é tão popular nas universidades hoje? A quem serve a idealização do opressor e a minimização do sofrimento do oprimido?

Qual a diferença entre um verdadeiro multiculturalismo, baseado no respeito mútuo entre cidadãos iguais perante a lei, e um sistema de dhimmitude?",,
7.7.2,book,Incursões na França e na Itália,A jihad no coração da Cristandade,"A conquista da Ibéria não saciou o ímpeto da jihad. Pelo contrário, transformou a península numa base avançada para atacar o coração da Cristandade. Durante os séculos VIII, IX e X, a Europa viveu sob um estado de cerco, atacada por três frentes: os vikings a norte, os magiares a leste e, de forma mais sistemática e destrutiva, os sarracenos (muçulmanos) a sul.

Invasões na França: O exército que conquistara a Espanha atravessou os Pireneus e avançou sobre o reino dos francos, com o objetivo de conquistar toda a Europa. A sua onda de destruição só seria travada, como veremos no próximo capítulo, por Carlos Martel na Batalha de Poitiers. Mas mesmo após essa derrota, as incursões e os saques no sul da França continuaram por décadas.

A Conquista da Sicília e do Sul da Itália: A partir do Norte de África, os exércitos islâmicos conquistaram a Sicília e estabeleceram emirados no sul da Itália, que se tornaram bases para ataques ainda mais audaciosos.

O Saque de Roma (846 d.C.): O impensável aconteceu novamente. Uma frota sarracena subiu o rio Tibre e pilhou os subúrbios de Roma. Eles não conseguiram entrar nas Muralhas Aurelianas, mas saquearam e profanaram os dois maiores santuários da Cristandade, que ficavam fora dos muros: a Basílica de São Pedro e a Basílica de São Paulo Extramuros. Eles roubaram os tesouros litúrgicos e chegaram a profanar o túmulo do próprio Apóstolo Pedro. O choque foi tão grande que o Papa Leão IV iniciou a construção de uma nova muralha (a ""Muralha Leonina"") para proteger o Vaticano.

A Pirataria e o Comércio de Escravos: O Mediterrâneo tornou-se um ""lago muçulmano"". As suas frotas de piratas tornaram o comércio quase impossível e levaram a cabo um comércio de escravos em escala industrial. Milhões de europeus cristãos foram capturados em ataques costeiros e levados para os mercados do Norte de África.

A Cristandade estava entrincheirada. Mosteiros ricos, como Monte Cassino, foram saqueados e destruídos. A comunicação entre Roma e o resto da Europa tornou-se perigosa. Longe de ser uma era de paz, foi uma era de luta desesperada pela sobrevivência, uma longa e sombria noite em que a própria existência da civilização ocidental esteve por um fio.",17,3,"incursões, jihad, França, Itália, pirataria, saques, escravidão, São Pedro, mosteiros, cerco","God's Battalions: The Case for the Crusades de Rodney Stark: Stark dedica a primeira parte do livro a descrever em detalhe a agressão islâmica sistemática contra a Europa nos séculos que antecederam a Primeira Cruzada.

A Pirenne Thesis de Henri Pirenne: A famosa tese do historiador belga de que não foram as invasões germânicas, mas sim a conquista islâmica do Mediterrâneo, que verdadeiramente acabou com o mundo antigo e deu início à Idade Média.","A imagem de uma Europa sitiada e aterrorizada por piratas escravagistas corresponde à ideia de uma Idade Média ""parada"" e ""estagnada""?

O saque da Basílica de São Pedro em 846 foi um ato de guerra convencional ou um ato de guerra religiosa? Qual o seu significado simbólico?

Se o avanço muçulmano não tivesse sido contido, como seria a cultura, a religião e a lei da Europa hoje?",,
7.7.3,book,Tributos e conversões: a invasão ideológica,A submissão da mente como prelúdio da submissão do corpo,"A pressão do domínio muçulmano não era apenas militar; era, acima de tudo, psicológica e cultural. A vida como um dhimmi, com os seus tributos humilhantes e as suas restrições legais, criava uma pressão contínua para a conversão. Para muitos cristãos, abandonar a fé dos seus pais era o caminho mais fácil para a aceitação social, para o alívio econômico e para a simples sobrevivência. Era uma guerra de desgaste espiritual.

Este processo de submissão gradual através da imposição de uma visão de mundo e da penalização de quem a recusa tem um paralelo direto e assustador com as ""invasões ideológicas"" que vemos hoje nas nossas universidades e instituições culturais.

Pense na universidade moderna, especialmente nos cursos de humanidades. Ela tornou-se um território ocupado por ideologias hostis à própria civilização que a criou, como o marxismo cultural, a teoria crítica e as políticas de identidade. E, tal como no Al-Andalus, foi criado um sistema de ""dhimmitude intelectual"":

O Tributo da Jizya Ideológica: O estudante ou professor que deseja sobreviver neste ambiente deve pagar um tributo constante: a aceitação e a repetição do jargão e dos dogmas da ideologia dominante (""patriarcado"", ""privilégio branco"", ""dívida histórica"", ""desconstrução""). Não pagar este tributo, ou seja, ousar questionar estes dogmas, resulta em ostracismo, notas baixas, perda de financiamento e até expulsão.

As Proibições: Tal como os cristãos não podiam tocar os seus sinos, o estudante de hoje é proibido de expressar opiniões que contrariem a ortodoxia progressista. Citar a Bíblia, defender a família tradicional ou questionar a ideologia de gênero são atos que podem levar a acusações de ""discurso de ódio"" e a processos disciplinares. O debate honesto foi substituído pela censura.

A Conversão Forçada: A pressão para se ""converter"" à mentalidade woke é imensa. A conversão traz aceitação, popularidade e oportunidades de carreira dentro da academia e de certas áreas da cultura e da mídia. Manter-se fiel à verdade objetiva e à tradição ocidental é um ato de resistência que exige um custo pessoal e profissional cada vez mais alto.

A tática é a mesma: criar um ambiente onde a submissão é recompensada e a resistência é punida, até que a população ocupada, por exaustão, aceite a visão de mundo do conquistador. A invasão mais perigosa não é a que derruba os muros da cidade, mas a que captura a mente dos seus futuros defensores.",17,4,"tributos, conversão, ideologia, invasão, universidade, marxismo, teoria crítica, dhimmitude intelectual, submissão","A Mente Cauterizada de Russell Kirk: Kirk analisa como a perda da imaginação moral e da base religiosa torna a mente moderna vulnerável a ideologias totalitárias.

O Fechamento da Mente Americana de Allan Bloom: A obra que diagnosticou, já nos anos 80, como o relativismo estava a destruir a capacidade da universidade de ensinar sobre a verdade e o bem.","Qual é a semelhança entre um cristão que se converte ao Islã por conveniência social e um estudante que adota a ideologia woke para ser aceite pelos seus professores e colegas?

A liberdade de expressão ainda existe de facto numa universidade onde certas opiniões podem levar ao cancelamento profissional e social?

Como podemos resistir a uma ""invasão ideológica""? A resposta é o silêncio, o confronto direto ou a criação de instituições alternativas?",,
7.8,avatar4,Capítulo 8: Resistência inicial,O reacender da chama (séc. VIII-IX),"Enquanto a maior parte da Península Ibérica gemia sob o domínio do Islã, e as frotas sarracenas aterrorizavam o Mediterrâneo, seria fácil acreditar que a causa da Cristandade estava perdida. A narrativa moderna, que gosta de pintar a história como um processo inevitável, muitas vezes trata a conquista muçulmana como um fato consumado. Mas a história não é feita por forças impessoais; é feita por homens.

Este capítulo é sobre os homens que se recusaram a aceitar a derrota. É a história das primeiras e desesperadas brasas de resistência que, contra todas as probabilidades, se recusaram a apagar e iniciaram o fogo que se tornaria a Reconquista. Veremos como a fé e a coragem de um punhado de guerreiros, tanto nos campos gelados da Gália quanto nas montanhas escarpadas das Astúrias, não apenas salvaram a Europa da aniquilação, mas plantaram a semente de reinos que um dia mudariam o mundo.

Esta é a história de heróis que a sua educação provavelmente esqueceu, mas cujo sangue e sacrifício correm nas veias da nossa civilização.",18,1,"resistência, Reconquista, Poitiers, Carlos Martel, Pelágio, Covadonga, Astúrias, heróis, mártires","A Reconquista de Derek W. Lomax: Uma das melhores e mais completas histórias sobre o longo processo de libertação da Península Ibérica, com excelente detalhe sobre os primeiros reinos da resistência.

From Islamic to Christian Conquest: The Medieval Realms of Spain de Joseph F. O'Callaghan: Uma obra acadêmica detalhada sobre a transição política e social durante a Reconquista.","O que leva um pequeno grupo de pessoas a resistir contra um império aparentemente invencível, quando a submissão seria o caminho mais fácil para a sobrevivência?

A figura do ""herói"" que muda o curso da história é um mito romântico ou uma realidade histórica?

A resistência a uma ocupação é apenas uma questão militar ou é, primariamente, uma questão de preservar a identidade cultural e religiosa?",,
7.8.1,book,A Batalha de Poitiers,Carlos Martel e o martelo que salvou a Europa (732 d.C.),"Após a conquista da Ibéria em 711, o exército do Califado não parou. Liderado pelo seu governador, Abd al-Rahman al-Ghafiqi, um exército muçulmano atravessou os Pireneus e caiu sobre o reino cristão dos francos, na Gália (a futura França), com uma fúria avassaladora. Eles saquearam Bordeaux, queimaram igrejas e mosteiros, e avançaram para o norte, em direção à rica cidade de Tours, onde se encontrava a Abadia de São Martinho, um dos maiores santuários da Cristandade. O seu objetivo era claro: subjugar o último grande reino cristão do Ocidente e transformar a Gália em mais uma província do Islã.

A Europa prendeu a respiração. Parecia que nada podia deter a cavalaria islâmica, invicta por um século. Mas entre o exército invasor e o seu objetivo, postava-se um homem: Carlos, o líder dos francos. Um guerreiro formidável, cuja tenacidade em batalha lhe valeria o apelido de ""Martel"" – o Martelo.

Em outubro de 732, perto da cidade de Tours (ou Poitiers, a localização exata é debatida), os dois exércitos encontraram-se. Imagine a cena: de um lado, a cavalaria leve e veloz dos muçulmanos, confiante após décadas de vitórias fáceis. Do outro, a infantaria pesada dos francos, uma muralha de escudos, lanças e machados, formada por homens a lutar pela sua terra, pela sua fé e pela sua própria existência.

Durante dias, os exércitos observaram-se. Então, a cavalaria de Abd al-Rahman carregou. Várias vezes, eles se chocaram contra o ""muro de gelo"" dos francos, mas a infantaria não cedeu. Num momento decisivo, Carlos Martel enviou um destacamento para atacar o acampamento inimigo, onde estavam os tesouros saqueados. Parte do exército muçulmano, temendo perder o seu butim, abandonou a linha de frente para proteger o acampamento. A desordem instalou-se. Abd al-Rahman, ao tentar reagrupar os seus homens, foi cercado e morto.

Ao amanhecer, os francos prepararam-se para o segundo dia de batalha, mas o acampamento inimigo estava silencioso. Durante a noite, o exército muçulmano, sem o seu líder e em desordem, tinha fugido de volta para a Espanha.

A Batalha de Poitiers foi mais do que uma batalha; foi um ponto de viragem civilizacional. O Martelo de Carlos esmagou o mito da invencibilidade islâmica e garantiu que a Europa permaneceria cristã. O avanço da jihad foi travado no coração do Ocidente, e o avô de Carlos Magno deu o primeiro grande golpe da longa luta que definiria a Idade Média.",18,2,"Poitiers, Carlos Martel, francos, Abd al-Rahman, batalha, Cristandade, salvação, infantaria, cavalaria","Obras de Gustavo Corção: Embora não seja um historiador, o pensador católico brasileiro Gustavo Corção, em obras como ""O Século do Nada"", analisa a importância da luta contra as forças que dissolvem a Cristandade, um espírito perfeitamente encarnado por Carlos Martel.

The Crusades, Christianity, and Islam de Jonathan Riley-Smith: Contextualiza batalhas como Poitiers dentro da longa história da resposta cristã à expansão islâmica.","Se Carlos Martel tivesse perdido a Batalha de Poitiers, como seria a Europa hoje? A catedral de Notre-Dame seria uma mesquita?

A disciplina da infantaria franca, que resistiu às cargas da cavalaria, foi um fator decisivo. O que esta disciplina nos diz sobre a importância da ordem e da coesão em tempos de crise?

Carlos Martel é um herói celebrado na França hoje ou uma figura ""controversa"" para a mentalidade multiculturalista? O que a resposta a esta pergunta nos diz sobre a saúde de uma civilização?",,
7.8.2,book,O milagre de Covadonga,Pelágio e o nascimento da Reconquista,"Enquanto Carlos Martel salvava a Gália, um drama ainda mais desesperado e, a longo prazo, ainda mais significativo, desenrolava-se nas montanhas enevoadas do norte da Península Ibérica. Após o desastre de Guadalete, a maioria da nobreza visigótica submeteu-se aos novos senhores muçulmanos. Mas um pequeno grupo, liderado por um nobre chamado Pelágio, recusou-se a dobrar o joelho.

Eles fugiram para as Astúrias, uma região montanhosa e de difícil acesso, o último reduto da Hispânia cristã. Ali, com um punhado de guerreiros, Pelágio iniciou uma resistência que parecia suicida. O governador muçulmano enviou um exército para esmagar este foco de rebelião.

Em 722, o exército islâmico encurralou a pequena força de Pelágio num vale estreito, perto de uma gruta, Covadonga. A desproporção de forças era absurda. A crônica da época fala de 300 cristãos contra um exército de dezenas de milhares. Antes da batalha, um bispo chamado Oppa, que colaborava com os muçulmanos, foi enviado para convencer Pelágio a render-se. Pelágio deu-lhe a resposta que se tornaria o lema da Reconquista: ""Não ouviste dizer nas Escrituras que a Igreja do Senhor se tornará como um grão de mostarda e crescerá pela misericórdia de Deus? [...] A nossa esperança está em Cristo; esta pequena montanha será a salvação da Espanha.""

O que se seguiu é contado como um milagre. Os guerreiros de Pelágio, usando o terreno a seu favor, choveram pedras e flechas sobre o exército inimigo, que não conseguia manobrar no vale apertado. Uma tempestade desabou, e um deslizamento de terra enterrou parte das forças muçulmanas. Em pânico, o exército invasor bateu em retirada desordenada e foi aniquilado.

Militarmente, Covadonga foi uma pequena escaramuça. Mas, psicologicamente, foi o Big Bang da Reconquista. Foi a prova de que a resistência era possível. Foi a faísca de esperança que mostrou que a fé e a coragem de um punhado de homens podiam, com o auxílio de Deus, derrotar um império. Aquele pequeno reino das Astúrias, nascido no sangue e na fé em Covadonga, tornou-se o coração a partir do qual, ao longo de oito séculos, o corpo da Espanha cristã seria lentamente reconquistado.

A força de Pelágio e dos seus homens não vinha apenas da sua coragem, mas do exemplo dos mártires asturianos e de toda a Ibéria, cristãos que, nas cidades ocupadas, preferiam a morte a renunciar a Cristo, inspirando os guerreiros nas montanhas a nunca desistirem.",18,3,"Pelágio, Covadonga, Astúrias, Reconquista, resistência, mártires, fé, milagre, David vs Golias","Crônicas Asturianas: As fontes primárias, como a Crônica de Afonso III, que narram a história de Pelágio e Covadonga com o tom de uma epopeia sagrada.

A Formação de Portugal (1070-1250) de José Mattoso: Embora focado em Portugal, este grande historiador português analisa as origens da Reconquista e a mentalidade dos reinos cristãos primitivos.","A história de Pelágio em Covadonga é um exemplo de ""David contra Golias"". O que estas histórias nos ensinam sobre o poder da fé e da coragem contra a força bruta?

Por que é que a resistência começou nas montanhas, num lugar isolado e de difícil acesso? O que isso nos diz sobre a geografia da liberdade?

A memória dos mártires inspirou os guerreiros. A memória do sacrifício dos nossos antepassados inspira-nos hoje a lutar pelas nossas próprias convicções?",,
7.8.3,book,O papel dos Carolíngios,A primeira frente da Reconquista,"A resistência ao avanço islâmico não foi apenas um fenômeno ibérico. A vitória de Carlos Martel em Poitiers e a resistência de Pelágio nas Astúrias foram parte de uma reação mais ampla da Cristandade. O papel dos Carolíngios, a dinastia de Carlos Martel e do seu neto, Carlos Magno, foi crucial para criar uma ""segunda frente"" na Reconquista.

Após Poitiers, Carlos Martel e os seus sucessores não se contentaram em defender a Gália; eles iniciaram o contra-ataque. Ao longo do final do século VIII e início do IX, Carlos Magno liderou várias expedições para o sul dos Pireneus, empurrando lentamente os exércitos muçulmanos.

Ele não conseguiu reconquistar toda a Espanha – essa seria a tarefa dos próprios povos ibéricos –, mas ele criou uma zona-tampão vital, uma fronteira militarizada que ficou conhecida como a Marca Hispanica. Esta faixa de território, que incluía cidades como Barcelona, funcionava como um escudo, protegendo o sul do reino franco e servindo como uma base a partir da qual futuras campanhas da Reconquista poderiam ser lançadas.

O envolvimento dos Carolíngios teve um significado profundo:

Mostrou que a luta era Europeia: A defesa da Ibéria não era um problema ""local"", mas uma preocupação de toda a Cristandade. O maior imperador da Europa estava a empenhar a sua força nesta luta.

Trouxe a Ordem Carolíngia: Nas terras que reconquistava, Carlos Magno implementava o seu sistema de administração, fundava mosteiros e igrejas, e reintroduzia a ordem e a cultura que vimos no livro anterior. A Marca Hispanica não era apenas uma fronteira militar, era uma fronteira de civilização.

Aliviou a Pressão sobre as Astúrias: Ao forçar os emires de Córdoba a lutar em duas frentes – contra os francos nos Pireneus e contra os asturianos a noroeste –, os Carolíngios deram ao pequeno e frágil reino das Astúrias o tempo e o espaço vitais para respirar, crescer e se consolidar.

A resistência, portanto, nasceu de duas fontes: da teimosia local e sagrada de Pelágio, entrincheirado nas suas montanhas, e da visão imperial e pan-europeia de Carlos Magno, que entendia que a defesa da civilização exigia uma resposta unida. A Reconquista foi, desde o seu início, um empreendimento simultaneamente local e universal.",18,4,"Carolíngios, Carlos Magno, Marca Hispânica, Pireneus, Barcelona, fronteira, contra-ataque, ordem, Europa","Vida de Carlos Magno (Vita Karoli Magni) de Eginhardo: A biografia descreve as campanhas de Carlos Magno na Espanha, incluindo a famosa e trágica Batalha de Roncesvales, que deu origem à ""Canção de Rolando"".

A History of Medieval Spain de Joseph F. O'Callaghan: Cobre em detalhe a formação da Marca Hispanica e a interação entre os reinos francos e os emergentes reinos cristãos da Ibéria.","A estratégia de Carlos Magno de criar uma ""zona-tampão"" ainda é usada na geopolítica moderna? Dê exemplos.

A resistência à expansão islâmica precisava tanto da fé local de Pelágio quanto do poder imperial de Carlos Magno. O que isso nos ensina sobre a necessidade de aliar a convicção local com uma estratégia mais ampla?

A Marca Hispanica tornou-se a região da Catalunha. Como a história única desta região, como fronteira da Cristandade, pode ajudar a explicar o seu forte senso de identidade até hoje?",,
7.9,avatar5,Capítulo 9: Cruzadas papais e Terra Santa,A restauração da ordem no berço da fé (1095-1291),"""Chegamos a um dos eventos mais caluniados e incompreendidos da história: as Cruzadas. A narrativa que lhe contaram na escola, influenciada por décadas de revisionismo marxista, provavelmente pintou-as como uma invasão bárbara, uma aventura colonialista de europeus gananciosos e intolerantes a atacar um pacífico mundo islâmico. Isto é uma mentira grotesca.

Para entender as Cruzadas, é preciso apagar esta caricatura e entender o contexto que discutimos. A Cristandade estava sitiada. Por mais de 400 anos, desde o século VII, o Islã expandiu-se através da jihad, conquistando territórios que eram o berço do cristianismo: Jerusalém, Antioquia, Alexandria, todo o Norte de África e a Espanha. Peregrinos cristãos eram rotineiramente assaltados, torturados e mortos na sua jornada à Terra Santa. O Império Bizantino, o último bastião do cristianismo no Oriente, estava à beira do colapso e implorava por ajuda.

As Cruzadas não foram um ato de agressão; foram uma resposta. Uma resposta tardia e desesperada de uma civilização que lutava pela sua própria sobrevivência. Foram uma peregrinação armada, um ato de fé de homens que arriscavam tudo, não para """"roubar ouro"""", mas para libertar os seus irmãos cristãos oprimidos e para garantir o acesso seguro ao lugar mais sagrado da sua fé. Entender isto é crucial para entender o espírito que, mais tarde, animaria a Reconquista e as Grandes Navegações.""",18,5,"Cruzadas, Urbano II, Jerusalém, Terra Santa, restauração, ordem, fé, jihad, defesa","God's Battalions: The Case for the Crusades de Rodney Stark: Usando fontes primárias, Stark desmente metodicamente os mitos modernos e apresenta o caso histórico para as Cruzadas como uma guerra defensiva e justificada.

A History of the Crusades (3 volumes) de Steven Runciman: A obra monumental e clássica sobre o tema. Embora com um tom por vezes crítico, a sua erudição e detalhe são inigualáveis.","Se o seu país fosse invadido e a sua religião suprimida, uma resposta militar para libertar o seu território seria um ato de ""agressão"" ou de ""legítima defesa""?

Por que a narrativa moderna tende a simpatizar com o agressor (a expansão da jihad) e a demonizar quem reagiu (os cruzados)?

Qual a diferença entre um exército que luta por território e riqueza e um que luta por um ideal sagrado?",,
7.9.1,book,O Chamado de Urbano II,Deus vult!: a faísca que incendiou a Europa (1095),"Imagine a cena. Um campo aberto em Clermont, no sul da França, em novembro de 1095. Uma multidão imensa de nobres, cavaleiros, clérigos e camponeses reúne-se para ouvir o Papa Urbano II. O frio do outono é esquecido pela urgência das suas palavras.

O Papa não fala de poder ou de riqueza. Ele lê as cartas desesperadas que chegaram do Imperador Bizantino, descrevendo o avanço dos turcos seljúcidas, que ameaçavam aniquilar os últimos cristãos do Oriente. Ele narra as histórias de horror que os peregrinos sobreviventes contavam: as profanações de igrejas, as torturas, os assassinatos de homens, mulheres e crianças nos próprios lugares onde Cristo caminhou.

Ele apela à memória dos grandes feitos dos francos, lembrando-os de Carlos Magno. E então, ele faz um chamado direto à classe guerreira, aos cavaleiros, que muitas vezes usavam a sua força em guerras fratricidas na Europa. Ele oferece-lhes uma nova missão, uma causa digna da sua espada: parar de lutar uns contra os outros e lutar como um só exército de Cristo para libertar os seus irmãos e o Santo Sepulcro.

Ele promete a remissão dos pecados para aqueles que empreendessem esta ""peregrinação armada"", não como um passe livre para o céu, mas como o reconhecimento do sacrifício penitencial de arriscar a vida por uma causa sagrada.

Quando ele termina o seu sermão, um grito uníssono e espontâneo ecoa pela multidão, um grito que se tornaria o lema de todo o movimento: ""Deus vult! Deus vult!"" – ""Deus o quer! Deus o quer!"".

Naquele momento, algo novo nasceu. A energia violenta da Europa feudal foi canalizada para um propósito transcendente. Cavaleiros começaram a coser cruzes de tecido nas suas roupas, não como símbolo de conquista, mas como sinal de que eram peregrinos a caminho do túmulo de Cristo. A Primeira Cruzada não foi ordenada por um rei ou imperador; foi uma explosão de fé popular e aristocrática, uma resposta direta ao chamado do Vigário de Cristo.",19,1,"Urbano II, Clermont, Deus vult, apelo, peregrinação, libertação, sermão, Cristandade, fé","As diferentes versões do Sermão do Papa Urbano II em Clermont, registadas por cronistas como Fulcher de Chartres e Roberto, o Monge. Ler as suas palavras é sentir a força retórica que moveu um continente.

The First Crusade: A New History de Thomas Asbridge: Um relato vívido e detalhado da Primeira Cruzada, desde o chamado em Clermont até à conquista de Jerusalém.","O apelo do Papa Urbano II foi primariamente político, militar ou religioso?

Imagine um líder mundial hoje a tentar mobilizar uma nação com um apelo baseado na fé e no sacrifício, em vez de na economia ou na segurança. Seria possível?

O que o grito espontâneo ""Deus vult!"" nos diz sobre a mentalidade e a fé do homem medieval?",,
7.9.2,book,A Primeira Cruzada,A vitória improvável e a honra de um rei (1096-1099),"A Primeira Cruzada foi um milagre logístico e militar. Um caos de diferentes exércitos, liderados por nobres rivais, sem um comando unificado, que marcharam milhares de quilômetros por território hostil, enfrentando a fome, a sede, as doenças e exércitos muito superiores. Que eles tenham chegado a Jerusalém é espantoso. Que a tenham conquistado é um testemunho da sua fé inacreditável.

Após uma jornada brutal de três anos, os sobreviventes da Cruzada, um exército esfarrapado e drasticamente reduzido, chegaram finalmente aos muros de Jerusalém em 1099. A cidade era uma das fortalezas mais bem defendidas do mundo. O cerco que se seguiu foi desesperado. Os cruzados construíram torres de cerco, sofreram ataques constantes e quase morreram de sede.

No clímax do cerco, eles fizeram o que sabiam fazer: apelaram a Deus. Realizaram uma procissão descalços em volta das muralhas da cidade, jejuando e rezando, como os israelitas em volta de Jericó. Pouco depois, num assalto final e desesperado, eles conseguiram o impossível: tomaram a cidade.

A conquista foi seguida por um massacre, um ato brutal típico da guerra medieval (praticado por cristãos e muçulmanos), mas o que se seguiu define o espírito do movimento. Os nobres reuniram-se para escolher um rei para o novo Reino de Jerusalém. A escolha unânime recaiu sobre o líder mais respeitado e piedoso: Godofredo de Bulhão.

E aqui, acontece uma cena que resume a beleza moral do ideal cruzado. Godofredo aceita a responsabilidade de governar, mas recusa o título de ""rei"" e a coroa de ouro. A sua justificativa ecoou pela história: ""Eu não usarei uma coroa de ouro na cidade onde o meu Salvador usou uma coroa de espinhos.""

Ele aceitou apenas o título de Advocatus Sancti Sepulchri, ""Defensor do Santo Sepulcro"". A sua prioridade não era o poder, mas o dever. A sua motivação não era a glória pessoal, mas a honra de proteger o lugar mais sagrado da sua fé. Este ato de humildade de Godofredo é a prova irrefutável de que, no coração da Primeira Cruzada, ardia uma chama de fé genuína, um espírito de sacrifício que a propaganda moderna se esforça desesperadamente por apagar.",19,2,"Primeira Cruzada, Godofredo de Bulhão, Jerusalém, conquista, milagre, fé, sacrifício, honra","The New Knighthood: A History of the Order of the Temple de Malcolm Barber: O livro detalha como o sucesso da Primeira Cruzada e a necessidade de proteger os peregrinos levaram à criação das ordens militares, como os Templários.

Chronicles of the First Crusade (tradução de Peters e Krey): Uma coleção de relatos de testemunhas oculares da Cruzada, que nos permite ver os eventos através dos olhos de quem os viveu.","A recusa de Godofredo de Bulhão em usar uma coroa foi um gesto de falsa modéstia ou a expressão de uma fé autêntica?

O que é mais difícil: conquistar uma cidade ou governá-la com justiça e humildade?

A Primeira Cruzada foi um sucesso apesar da sua desorganização, ou por causa da fé que unia os seus participantes?",,
7.9.3,book,A queda de Acre,O fim trágico e o legado da expansão (1291),"Os Reinos Cruzados estabelecidos no Oriente foram uma anomalia histórica: uma pequena elite de cavaleiros francos a governar uma população hostil, a milhares de quilômetros de casa. A sua existência foi uma luta constante e, após quase 200 anos, ela chegou a um fim trágico.

A Queda de Acre, em 1291, foi o último suspiro. Acre era a última grande cidade e porto dos cruzados na Terra Santa. O seu cerco e a sua queda, perante o exército avassalador dos mamelucos do Egito, foram de uma brutalidade apocalíptica. Os cavaleiros Templários e Hospitalários lutaram até ao último homem, numa defesa heroica, mas sem esperança. Com a queda da cidade, a presença cristã organizada na Terra Santa terminou.

A era das Cruzadas no Oriente tinha acabado em derrota militar. Mas o seu legado apenas começava. O que a Cristandade aprendeu naqueles 200 anos de luta?

Aprendeu a lutar como uma unidade, ainda que imperfeita.

Desenvolveu ordens militares, como os Templários, que se tornaram as primeiras corporações multinacionais da história.

Abriu rotas comerciais e um intercâmbio de conhecimento (bom e mau) com o Oriente.

E, o mais importante, forjou no seu imaginário a ideia de que a sua civilização tinha uma missão universal.

O Paralelo com a Expansão Providencial
Aqui, a comparação que fizemos para as Grandes Navegações aplica-se perfeitamente. A derrota na Terra Santa não extinguiu o espírito cruzado; ela o redirecionou. A energia que antes se dirigia para o leste, para Jerusalém, começaria a virar-se para o sul, na Reconquista, e para o oeste, para o Oceano Atlântico.

Pense novamente na SpaceX e na exploração espacial. O objetivo declarado não é apenas comercial. É um objetivo de expansão da própria vida e da consciência humana, de ir ""onde nenhum homem jamais esteve"". É uma narrativa quase religiosa de salvação e de destino.

As Cruzadas, e mais tarde as Navegações, foram o equivalente medieval deste impulso. Eram a manifestação de uma civilização que acreditava ter recebido uma missão providencial: levar a sua fé e a sua ordem (o Logos) a todos os cantos da Terra. A queda de Acre não foi o fim da história; foi o fim de um capítulo, que forçou a Cristandade a encontrar um novo e ainda mais audacioso caminho para cumprir o seu destino. Esse caminho passaria por Portugal e levaria a um Novo Mundo.",19,3,"Acre, queda, Estados Cruzados, legado, expansão, providência, SpaceX, missão, civilização","Acre 1291: The End of the Crusades de John Waterson: Um relato detalhado e emocionante da última grande batalha dos reinos cruzados.

Os Descobrimentos Portugueses de Jaime Cortesão: Uma obra que, embora com a sua própria visão, ajuda a entender a transição do espírito cruzado do Mediterrâneo para o Atlântico.

","Uma derrota militar significa necessariamente uma derrota espiritual ou cultural?

O que a história dos Reinos Cruzados (uma pequena minoria a governar uma grande população hostil) nos ensina sobre a viabilidade do multiculturalismo sem assimilação?

A ideia de uma ""missão civilizacional"" é inerentemente arrogante e ""imperialista"", ou pode ser uma força motriz para grandes feitos e para o avanço do conhecimento?",,
7.10,avatar6,Capítulo 10: Templários,Perseguição e refúgio português (séc. XII-XIV),"Após a conquista de Jerusalém na Primeira Cruzada, os peregrinos cristãos que viajavam para a Terra Santa enfrentavam um perigo constante. As estradas eram infestadas de bandidos e de patrulhas sarracenas. Muitos que arriscavam tudo para rezar no Santo Sepulcro acabavam roubados, escravizados ou mortos no caminho.

É neste cenário de fé e perigo que nasce a ordem mais icônica da Idade Média, a encarnação perfeita do ideal cavaleiresco: os Pobres Cavaleiros de Cristo e do Templo de Salomão, ou simplesmente, os Templários.

Este capítulo narra a sua ascensão meteórica, a sua queda trágica e a sua sobrevivência providencial em Portugal, um evento que mudaria para sempre a história do mundo. A saga dos Templários é uma lição profunda sobre o simbolismo do sacrifício, a brutalidade da perseguição política e a resiliência da fé. É a história de como a semente de uma ordem, plantada em Jerusalém, foi perseguida na França e floresceu em Portugal, dando os frutos que, séculos mais tarde, seriam colhidos na forma das caravelas que chegariam ao Brasil.",20,1,"Templários, Ordem de Cristo, perseguição, Filipe IV, Portugal, sacrifício, honra, cruzada","Os Templários: A Dramática História da Ordem Militar que se Tornou a Mais Poderosa e Secreta da Cristandade de Piers Paul Read: Uma narrativa envolvente e bem pesquisada, que cobre desde a fundação até à supressão da ordem.

O Julgamento dos Templários de Malcolm Barber: A obra acadêmica definitiva sobre o processo fraudulento que levou à destruição dos Templários, analisando as acusações, as confissões sob tortura e as motivações políticas.","A ideia de uma ""ordem militar religiosa"", de monges que são também guerreiros de elite, parece-lhe contraditória? O que esta união nos diz sobre a mentalidade medieval e a sua visão da fé em ação?

Por que a figura do Templário se tornou um arquétipo tão poderoso no nosso imaginário, inspirando desde lendas a filmes?

O que a história dos Templários nos ensina sobre a relação entre o poder financeiro, o poder militar e o poder político?",,
7.10.1,book,A formação da ordem,Os monges que protegiam os peregrinos,"Imagine a Jerusalém recém-conquistada, por volta de 1119. A cidade está segura, mas as estradas que levam a ela são um banho de sangue. Um cavaleiro francês chamado Hugo de Payns, junto com oito companheiros, tem uma ideia radical. Eles apresentam-se ao rei de Jerusalém e fazem um voto: dedicar as suas vidas não apenas à oração, mas à proteção armada dos peregrinos.

Eles eram a síntese perfeita do Ora et Labora beneditino, mas o seu """"trabalho"""" era o combate. Eram os primeiros monges-guerreiros. O rei concede-lhes uma ala do seu palácio, construído sobre as ruínas do antigo Templo de Salomão – e assim eles ganham o seu nome, os """"Cavaleiros do Templo"""".

No início, eles eram tão pobres que Hugo de Payns e o seu cofundador partilhavam um único cavalo, uma imagem que se tornou o seu selo: dois cavaleiros numa só montada, um símbolo de pobreza e de fraternidade.

Mas a sua ideia era revolucionária e poderosa demais para permanecer pequena. Eles ganharam o apoio do homem mais influente da Igreja na época, São Bernardo de Claraval. Foi São Bernardo que escreveu o seu louvor, """"Em louvor da Nova Cavalaria"""", e que os ajudou a redigir a sua Regra, aprovada pelo Papa. Ele definiu o Templário como o ideal do cavaleiro cristão: """"um cavaleiro sem medo e sem censura"""", que matava não por ódio, mas para defender a justiça, e que morria não em desespero, mas com a esperança da salvação.

Com o apoio papal, a ordem explodiu em popularidade. Nobres de toda a Europa doavam-lhes terras ou juntavam-se às suas fileiras. Eles tornaram-se uma força de elite na Terra Santa, a vanguarda em todas as batalhas. E, com as suas vastas possessões na Europa, eles criaram o primeiro sistema bancário internacional, usando cartas de crédito para que os peregrinos pudessem viajar sem carregar ouro, depositando o seu dinheiro numa comendadoria na França e sacando-o em Jerusalém.

Eles tornaram-se ricos, poderosos e respeitados. E, com isso, semearam as sementes da sua própria destruição, pois a sua riqueza e a sua independência despertariam a inveja e a cobiça do rei mais poderoso da Europa.",20,2,"formação, Templários, Hugo de Payns, Bernardo de Claraval, Regra, monge-guerreiro, Terra Santa, peregrinos","Em Louvor da Nova Cavalaria de São Bernardo de Claraval: Um texto curto e fundamental para entender a justificativa teológica e o ideal espiritual por trás dos Templários.

The Templars: The Rise and Spectacular Fall of God's Holy Warriors de Dan Jones: Uma história moderna e muito bem narrada da ascensão e queda da ordem.","Os Templários inventaram o sistema de ""cheque de viagem"". O que isso nos diz sobre a sua inteligência prática e a sua capacidade de inovação, para além da sua habilidade militar?

A imagem dos dois cavaleiros num só cavalo simboliza a pobreza. Como uma ordem que começou com este símbolo se tornou a mais rica da Europa? A riqueza corrompeu necessariamente o seu ideal original?

São Bernardo argumenta que o Templário luta por Cristo. Como esta motivação muda a psicologia de um guerreiro, em comparação com alguém que luta por pilhagem ou por um senhor feudal?",,
7.10.2,book,O processo de 1312,A ganância de um rei e a fogueira da injustiça,"Sexta-feira, 13 de outubro de 1307. Numa operação secreta e coordenada, todos os Templários em França são presos por ordem do rei, Filipe IV, o Belo. O rei, um homem astuto, cruel e profundamente endividado (em parte com a própria Ordem do Templo), cobiçava a imensa riqueza dos cavaleiros. Mas ele precisava de um pretexto.

Incapaz de os atacar militarmente, ele usou a arma mais suja: a calúnia. Lançou uma campanha de difamação, acusando os Templários dos crimes mais absurdos e chocantes para a mentalidade da época: heresia, sodomia, adoração de um ídolo chamado Baphomet, cuspir na cruz durante os rituais de iniciação.

Sob tortura brutal, muitos cavaleiros confessaram qualquer coisa que os seus carrascos quisessem ouvir. Filipe usou estas confissões para pressionar o Papa, Clemente V, um homem fraco e praticamente prisioneiro do rei francês em Avignon. O Papa, inicialmente hesitante, cedeu à pressão e ordenou a prisão dos Templários em toda a Cristandade.

O que se seguiu foi um dos processos judiciais mais infames da história. Um teatro de acusações forjadas e confissões extraídas à força. Quando o Grão-Mestre da Ordem, Jacques de Molay, e outros líderes tentaram retirar as suas confissões e defender a inocência da Ordem, foram condenados como hereges relapsos.

Imagine a cena final, em 1314. Numa pequena ilha no rio Sena, em frente à catedral de Notre-Dame, Jacques de Molay, um velho guerreiro, é amarrado à fogueira. Enquanto as chamas sobem, ele não pede clemência. Ele reafirma a inocência dos Templários e, segundo a lenda, amaldiçoa o Rei Filipe e o Papa Clemente, convocando-os a encontrarem-se com ele perante o tribunal de Deus dentro de um ano. Ambos, rei e papa, morreriam nos meses seguintes.

A história da perseguição aos Templários é a lição perene de como um poder estatal tirânico pode usar o sistema legal e a propaganda para destruir os seus inimigos. A acusação de ""heresia"" na Idade Média funciona da mesma forma que acusações vagas e carregadas de ideologia como ""discurso de ódio"" ou ""atos antidemocráticos"" hoje: são armas políticas disfarçadas de processos legais, usadas para eliminar adversários que não podem ser derrotados num debate honesto. É a instrumentalização da justiça para fins de perseguição política, uma tática tão antiga como a tirania.",20,3,"processo, Filipe IV, Clemente V, perseguição, tortura, heresia, Jacques de Molay, injustiça, sacrifício","O Julgamento dos Templários de Malcolm Barber: A análise mais detalhada do processo, mostrando como as acusações eram inconsistentes e como a tortura foi o fator decisivo.

Os Reis Malditos (série de romances) de Maurice Druon: Uma obra de ficção histórica que começa precisamente com a maldição de Jacques de Molay na fogueira e narra as desgraças que se abateram sobre a coroa francesa.","Por que as acusações contra os Templários precisavam de ser tão chocantes e sexualizadas? O que isso nos diz sobre a psicologia da propaganda e da difamação?

O Papa Clemente V foi um cúmplice ou uma vítima de Filipe IV? Até que ponto um líder pode ser responsabilizado por ceder à pressão de um poder tirânico?

A história do processo dos Templários lembra-lhe algum caso de ""lawfare"" (uso da lei como arma) ou perseguição política no Brasil moderno? (O roteiro menciona o caso de José Dirceu como um possível paralelo a ser explorado).",,
7.10.3,book,O refúgio português,A Fênix Templária e a Ordem de Cristo,"Enquanto as fogueiras ardiam na França e os bens dos Templários eram confiscados em toda a Europa, um pequeno reino à beira do Atlântico tomou um caminho diferente. Em Portugal, o rei Dom Dinis, um monarca sábio e prudente, recusou-se a acreditar nas acusações absurdas.

Ele sabia o valor dos Templários. Tinham sido a espinha dorsal do seu exército na fase final da Reconquista. As suas comendadorias eram centros de inovação agrícola e de defesa. Persegui-los não seria apenas uma injustiça; seria uma estupidez estratégica.

Dom Dinis iniciou uma negociação brilhante e paciente com o Papado. Ele não desafiou a ordem papal de extinguir a ""Ordem do Templo"", mas argumentou que os homens e os bens da ordem em Portugal eram inocentes e vitais para a defesa do reino contra os mouros.

A solução foi uma obra-prima da diplomacia. Em 1319, o Papa autorizou Dom Dinis a transferir todos os cavaleiros e todas as propriedades dos Templários para uma nova ordem, fundada e controlada pela coroa portuguesa: a Ordem de Nosso Senhor Jesus Cristo, ou simplesmente, a Ordem de Cristo.

Isto não foi uma mera mudança de nome. Foi um ato de ressurreição. A Fênix Templária renascia das cinzas. A sua sede foi estabelecida no magnífico Convento de Cristo, em Tomar. A sua riqueza, o seu conhecimento náutico (acumulado através da sua frota no Mediterrâneo) e, o mais importante, o seu espírito cruzado foram preservados e colocados ao serviço do reino de Portugal.

E aqui, a história dá uma volta extraordinária. A cruz que os Templários usavam era uma cruz vermelha simples. A nova Ordem de Cristo adotou uma cruz vermelha com uma cruz branca inscrita no centro, a que erroneamente muitos chamam de ""Cruz de Malta"" (que pertence à Ordem dos Hospitalários). É esta Cruz da Ordem de Cristo que, mais de um século depois, sob a liderança do Infante D. Henrique, o Grão-Mestre da Ordem, estamparia as velas das caravelas.

A mesma ordem de monges-guerreiros, nascida para proteger peregrinos em Jerusalém e perseguida pela ganância de um rei francês, renasceu em Portugal e tornou-se a força motriz por trás das Grandes Navegações. A perseguição não os destruiu; ela os concentrou e os redirecionou para a missão que, segundo a promessa feita a Dom Afonso Henriques, estava na alma de Portugal: levar a fé aos confins da Terra. O Brasil é, em última instância, um fruto da resiliência dos Templários e da sabedoria de um rei português que escolheu a justiça em vez da conveniência.",20,4,"Ordem de Cristo, Portugal, Dom Dinis, refúgio, sobrevivência, navegações, Cruz de Cristo, Tomar, herança","Os Templários de Piers Paul Read: O livro narra em detalhe o processo de supressão e a solução única encontrada por Portugal.

História de Portugal de A. H. de Oliveira Marques: A obra detalha o reinado de Dom Dinis e a sua importância na consolidação do reino e na criação da Ordem de Cristo.","A decisão de Dom Dinis foi um ato de rebeldia contra o Papa ou um ato de lealdade a um bem maior (a justiça e a defesa do seu reino)?

Visite virtualmente o Convento de Cristo em Tomar. O que a sua arquitetura, que mistura elementos do castelo templário com a igreja manuelina, lhe diz sobre esta transição?

Se a Ordem de Cristo não tivesse sido criada, Portugal teria tido os recursos, o conhecimento e a motivação para lançar as Grandes Navegações?",,
7.11,bookmark,Capítulo 11: Reconquista e Fundação de Portugal,A forja de uma nação predestinada (séc. XII-XV),"A longa noite da ocupação islâmica na Península Ibérica começa a ceder. A resistência, iniciada séculos antes nas montanhas das Astúrias, transformou-se numa ofensiva disciplinada, impulsionada pelo espírito cavaleiresco e pela bênção da Igreja. Vários reinos cristãos – Leão, Castela, Aragão, Navarra – empurravam lentamente as fronteiras da fé para o sul.

Mas é na faixa ocidental da península, no Condado Portucalense, que o espírito da Reconquista se manifestará de forma mais pura e predestinada. Este capítulo narra o nascimento de Portugal. Não o nascimento acidental de mais um reino, mas a forja de uma nação com uma missão, um ""reino como bastião"" da fé, liderado por um herói cuja história se confunde com a lenda.

Esta é a história de como a espada de um guerreiro e a visão de um santo deram origem à nação que, mais tarde, se lançaria aos oceanos para cumprir o seu destino. Entender a fundação de Portugal é entender a certidão de nascimento espiritual do Brasil.",21,1,"Portugal, fundação, Reconquista, Afonso Henriques, Ourique, bastião, heróis, nação, missão","A Reconquista de Derek W. Lomax: Uma das melhores e mais completas histórias sobre o longo processo de libertação da Península Ibérica, com excelente detalhe sobre a formação dos reinos cristãos.

História de Portugal de A. H. de Oliveira Marques: Uma obra de referência para entender o contexto político e social da fundação de Portugal.","Uma nação precisa de um ""mito fundador"", uma história heroica sobre as suas origens, para ter uma identidade forte?

Compare a figura de um ""herói fundador"" como Afonso Henriques com a de um ""político fundador"" moderno. Quais as diferenças de motivação e de legado?

A ideia de uma nação com uma ""missão divina"" é perigosa ou inspiradora?",,
7.11.1,book,A Batalha de Ourique,A visão de Cristo e a certidão de nascimento de Portugal (1139),"Imagine a cena. É a véspera da batalha, 24 de julho de 1139. O jovem líder do Condado Portucalense, Dom Afonso Henriques, encontra-se numa situação desesperadora. No campo de Ourique, no sul de Portugal, o seu pequeno exército de cavaleiros está cercado por uma força esmagadoramente superior: os exércitos de cinco reis mouros. A derrota parece certa.

Afonso Henriques, um homem forjado na fé e na guerra, retira-se para a sua tenda, não para planear uma estratégia militar, mas para rezar. Ele abre a Bíblia e, segundo a tradição, lê a história de Gideão, que com apenas 300 homens venceu um exército incontável. Ele adormece a meditar sobre o poder de Deus.

Durante a noite, um velho eremita aparece-lhe e diz para ele sair da tenda ao soar da sineta. Ao sair, Afonso Henriques vê, no céu estrelado, uma luz ofuscante e, no meio dela, a imagem de Cristo crucificado. A voz divina fala com ele, prometendo-lhe não apenas a vitória na batalha do dia seguinte, mas um reino. E mais: uma missão. A sua coroa e a sua descendência seriam usadas por Deus para levar o Seu nome a terras distantes e desconhecidas.

No dia seguinte, galvanizado por esta visão, Afonso Henriques lidera os seus homens numa carga furiosa. A batalha é um massacre. Contra todas as probabilidades, os cinco reis mouros são derrotados e mortos. No próprio campo de batalha, encharcado de sangue, os seus soldados erguem-no sobre o seu escudo e aclamam-no pela primeira vez: ""Rei! Rei! Rei de Portugal!"".

A Batalha de Ourique não foi apenas uma vitória militar; foi um batismo de fogo, a certidão de nascimento sagrada de Portugal. A nação não nasceu de um tratado ou de um acordo político. Ela nasceu de um ato de fé, de um milagre, e com uma missão divina inscrita na sua alma desde o primeiro dia. O ADN de Portugal, e por herança, o do Brasil, é este: a crença de que, com a ajuda de Deus, o impossível pode ser realizado, e que a nossa existência tem um propósito que ultrapassa as nossas próprias fronteiras.",21,2,"Ourique, Afonso Henriques, batalha, visão, Cristo, milagre, fundação, Portugal, fé, missão","Os Lusíadas de Luís de Camões: O poema épico nacional português narra a história de Portugal como uma sucessão de feitos heroicos guiados pela Providência, com a Batalha de Ourique como um dos seus momentos fundadores.

História de Portugal de Joaquim Veríssimo Serrão: Oferece uma análise histórica detalhada do reinado de Afonso Henriques e da importância de Ourique.","Independentemente de acreditar na visão como um evento literal, qual o poder de uma história como esta para forjar a identidade e a moral de um povo?

A missão de ""levar a fé a terras distantes"" dada a Afonso Henriques em 1139 conecta-se de que forma com a chegada de Cabral ao Brasil em 1500?

Hoje, os nossos líderes buscam inspiração na oração e em visões transcendentes, ou em pesquisas de opinião e em cálculos políticos?",,
7.11.2,book,"Afonso Henriques, o Conquistador",O herói que não se curvou a reis nem à própria mãe,"Quem era o homem que se tornou o primeiro Rei de Portugal? Afonso Henriques não era um político de gabinete. Era um guerreiro, a encarnação do ideal cavaleiresco. A sua vida foi uma luta incessante, não apenas contra os inimigos da fé, mas também contra os poderes que queriam impedir o nascimento de Portugal.

A sua maior e mais dolorosa batalha não foi contra os mouros, mas contra a sua própria mãe, Dona Teresa. Após a morte do seu pai, o Conde Henrique de Borgonha, a sua mãe assumiu a regência do Condado Portucalense. Mas, influenciada pelo seu amante, um nobre galego, ela começou a favorecer a união com o reino da Galiza, o que significaria o fim do sonho de um Portugal independente.

Afonso Henriques, ainda adolescente, vê o legado do seu pai a ser traído. Ele pega em armas, não por ambição pessoal, mas para defender a autonomia da sua terra e a vontade dos barões portucalenses. Em 1128, na Batalha de São Mamede, perto de Guimarães, ele derrota as forças da sua própria mãe e assume o controlo do condado. Este ato, que parece brutal, foi na verdade um ato de piedade filial para com o seu pai e de lealdade para com o seu povo.

Depois, ele teve de lutar contra o seu primo, Afonso VII de Leão e Castela, o imperador de toda a Hispânia, que o via como um vassalo rebelde. Foi uma luta diplomática e militar constante para afirmar a sua independência.

Afonso Henriques, apelidado de ""O Conquistador"", passou mais de quarenta anos da sua vida em campanha militar, a alargar as fronteiras do seu novo reino para sul, a reconquistar castelos e cidades aos mouros. Era um rei que lutava na linha da frente, que sangrava com os seus homens e que, por isso, gozava de uma lealdade fanática.

A sua figura ensina-nos uma lição crucial sobre a fundação das nações. As nações não nascem de comités ou de constituições. Nascem da vontade indomável de heróis, de homens que, por uma mistura de ambição, fé e um profundo amor à sua terra, ousam desafiar o impossível e forjar um novo destino com a sua própria espada.",21,3,"Afonso Henriques, herói, fundador, Portugal, Teresa, Leão, Castela, independência, caráter","D. Afonso Henriques de José Mattoso: Considerada a biografia definitiva do primeiro rei de Portugal, escrita por um dos maiores medievalistas portugueses.

A Fundação de Portugal, volume da ""Nova História de Portugal"" dirigida por Joel Serrão e A. H. de Oliveira Marques: Detalha o complexo contexto político da independência portuguesa.","Afonso Henriques teve de lutar contra a sua própria mãe para criar Portugal. O que isso nos diz sobre o conflito entre os laços de sangue e a lealdade a um ideal maior, como a pátria?

A história oficial do Brasil, influenciada pelo revisionismo, tende a apagar ou a demonizar os seus heróis fundadores. Por que é que uma cultura que despreza os seus heróis se torna fraca?

Compare a figura de Afonso Henriques, o rei-guerreiro, com a de Dom Pedro II, o rei-filósofo. São tipos de liderança diferentes, mas ambos foram essenciais para o Brasil?",,
7.11.3,book,O reino como bastião,"Templários, peregrinos e a vocação atlântica","O novo reino de Portugal, nascido da fé e da espada, tinha uma missão clara: ser um bastião. Uma fortaleza na vanguarda da Cristandade, a defender a Europa do avanço islâmico e a servir de base para a expansão da fé. Para cumprir esta missão, Afonso Henriques e os seus sucessores contaram com aliados cruciais: as ordens militares.

Como vimos no capítulo anterior, os Templários foram fundamentais. Eles receberam vastas terras e castelos ao longo da fronteira com o Al-alus, tornando-se a força de elite na defesa e no repovoamento do território. A sua disciplina e a sua perícia militar eram a espinha dorsal do exército português.

Mas eles trouxeram mais do que espadas. Trouxeram organização. O seu sistema de ""bancos de peregrinos"", que permitia transferências de fundos por toda a Europa, ajudou a financiar a Reconquista. As suas comendas eram centros de inovação agrícola e logística, criando a infraestrutura necessária para sustentar o esforço de guerra e colonizar as terras reconquistadas. Eles ajudaram a construir a base econômica e administrativa do novo reino.

Quando a Reconquista em Portugal termina, muito antes do que na Espanha, a nação encontra-se numa posição única. A sua missão em terra estava cumprida. Mas a sua identidade, forjada em séculos de cruzada, não se podia apagar. O que fazer com toda aquela energia, com aquele espírito cavaleiresco?

É aqui que a genialidade portuguesa se revela. Sob a liderança de reis visionários e impulsionada pela Ordem de Cristo (a herdeira dos Templários), Portugal vira-se para o mar. A nação-bastião, que antes defendia a fronteira terrestre da Europa, agora tomaria para si a missão de expandir a fronteira da Cristandade através do Oceano Atlântico.

O legado da Reconquista não foi apenas um país livre, mas uma vocação. A vocação de ir mais além, de enfrentar o desconhecido, de levar a Cruz aos confins da Terra. A caravela portuguesa não era apenas um barco; era um castelo templário a flutuar, a última e mais gloriosa manifestação do espírito que nasceu nas montanhas de Pelágio e foi coroado no campo de Ourique.",21,4,"bastião, templários, bancos peregrinos, Ordem de Cristo, Portugal, vocação, Atlântico, Reconquista, legado","Os Cavaleiros de Cristo: De Templários a Navegantes de José Manuel de Barros: Um livro focado na transição da Ordem do Templo para a Ordem de Cristo e o seu papel central nas navegações.

A Expansão Quatrocentista Portuguesa de Vitorino Magalhães Godinho: Uma análise clássica sobre as motivações econômicas, políticas e sociais que impulsionaram os descobrimentos.","Como a experiência de administrar uma ""guerra de fronteira"" por séculos pode ter preparado os portugueses para administrar um império ultramarino?

A transição da Reconquista para as Navegações foi uma mudança de objetivo ou apenas uma mudança de método?

A nossa sociedade hoje valoriza a ideia de uma ""vocação"" nacional ou de uma missão coletiva? Se não, o que colocamos no lugar?",,
8,sword,Livro 3: Humanismo ao imperialismo,Rupturas e navegações (séc. XV-XIX),"Nos livros anteriores, testemunhamos a morte de um mundo e o nascimento de outro. Vimos a queda do Império Romano, não por força externa, mas por decadência interna. E vimos, das suas cinzas, a Igreja Católica forjar uma nova civilização, a Cristandade, que ergueu mosteiros, coroou imperadores, construiu catedrais e inventou a universidade.

Agora, a nossa jornada entra numa era de contradições vertiginosas. Este livro narra duas histórias que acontecem em paralelo, como dois rios que nascem da mesma montanha medieval, mas que correm em direções opostas.

O Rio da Ruptura: Na Itália e depois em toda a Europa, uma nova corrente de pensamento começa a ganhar força. O Humanismo, o Renascimento, o Iluminismo. Movimentos que, sob o pretexto de resgatar a glória do homem, iniciam o processo de o divorciar de Deus. Veremos como o antropocentrismo, o colocar o homem no centro de tudo, nasce como um vício intelectual que corrói a grande síntese entre fé e razão, culminando no terror da Revolução Francesa e nas tiranias modernas.

O Rio da Missão: Ao mesmo tempo, no extremo da Europa, Portugal, a nação forjada na Reconquista, leva o espírito teocêntrico medieval à sua máxima expressão. As suas expansões evangelísticas não são um projeto humanista, mas a última grande cruzada.

Este livro é a história desta grande esquizofrenia do Ocidente. É a crônica de como, no exato momento em que a Europa começava a virar as costas para Deus, os seus filhos mais fiéis estavam a levar a Cruz aos confins da Terra.",22,1,"humanismo, imperialismo, rupturas, navegações, revolução, descobertas, antropocentrismo","Da Idade Média à Renascença de Johan Huizinga: Uma análise clássica da mentalidade do final da Idade Média, mostrando como os ideais de cavalaria e piedade coexistiam com as novas correntes humanistas.

Rethinking the Enlightenment: Faith in the Age of Reason de Joseph T. Stuart: Um livro que desafia a narrativa de que o Iluminismo foi puramente secular, mostrando as suas complexas relações com a fé.","A ideia de colocar o ""Homem no centro"" parece, à primeira vista, positiva. Qual pode ser o perigo oculto nesta visão de mundo?

É possível que uma civilização avance tecnologicamente e, ao mesmo tempo, regrida espiritualmente? Dê exemplos.

Como a história das navegações portuguesas desafia a ideia de que a Idade Média foi um período de isolamento e ""escuridão""?",,
8.1,bible,Capítulo 12: Renascimento,O homem no centro (séc. XIV-XVI),"A palavra ""Renascimento"" evoca imagens de beleza e de gênio: as esculturas de Michelangelo, as pinturas de Leonardo da Vinci, a arquitetura de Brunelleschi. A narrativa oficial vende este período como a ""luz"" que se seguiu às ""trevas"" da Idade Média, o momento em que o homem redescobriu a sua própria grandeza. Esta é uma simplificação perigosa.

O Renascimento não foi uma negação da Idade Média, mas uma mudança de foco. A grande síntese medieval, especialmente a de São Tomás de Aquino, mantinha a fé e a razão em perfeito equilíbrio, como as duas asas que elevam a alma a Deus. O Renascimento, ao mergulhar nos clássicos pagãos da Grécia e de Roma, começa a desequilibrar esta harmonia.

O teocentrismo, a visão de que Deus é o centro e a medida de todas as coisas, começa a ser sutilmente substituído pelo antropocentrismo: o homem torna-se a nova medida. A beleza já não é primariamente um caminho para Deus, mas a celebração da glória do homem. Este capítulo vai explorar esta ruptura fundamental, a semente de toda a modernidade.",22,2,"Renascimento, humanismo, antropocentrismo, tomismo, fé, razão, arte, ídolo, Brasília","Fides et Ratio (Fé e Razão) de Papa São João Paulo II: Uma encíclica fundamental que diagnostica a separação entre fé e razão como a grande tragédia do pensamento moderno, uma separação que começa a ganhar força no Renascimento.

A Civilização do Renascimento na Itália de Jacob Burckhardt: A obra clássica do século XIX que definiu o Renascimento como o berço do individualismo moderno.","Qual a diferença entre a admiração pela capacidade humana como um dom de Deus (visão medieval) e a glorificação do homem como um ser autônomo (visão renascentista)?

O individualismo é uma virtude ou um vício? Ou depende de como é entendido?

O conhecimento da cultura pagã (greco-romana) é necessariamente oposto à fé cristã, ou podem ambos ser integrados, como fez São Tomás de Aquino?",,
8.1.1,book,O humanismo florentino,"A beleza que serve ao homem, não a Deus","Imagine-se a caminhar por Florença no século XV. Você não está mais na Paris medieval. O edifício que domina a cidade não é uma catedral gótica que se lança aos céus, mas a cúpula maciça de Brunelleschi na Catedral de Santa Maria del Fiore – uma maravilha da engenharia, sim, mas uma que celebra tanto o gênio do seu arquiteto quanto a glória de Deus. Ao lado, você não vê apenas mosteiros, mas os palácios opulentos de famílias de banqueiros, como os Médici.

Este é o berço do humanismo florentino. O foco mudou. O mecenato das artes já não é primariamente um ato de piedade da comunidade, mas um instrumento de poder e de prestígio para as famílias ricas. Os temas da arte ainda são, muitas vezes, religiosos, mas o tratamento é diferente. As Madonas de Rafael são belas, mas a sua beleza é a de uma camponesa italiana idealizada, uma beleza terrena. O Davi de Michelangelo é uma celebração da perfeição do corpo humano, da força e da inteligência do homem.

Os humanistas redescobriram os clássicos, mas muitas vezes focaram-se no conceito pagão de virtù – não a virtude cristã da humildade e da caridade, mas a excelência, a fama e a glória mundana do indivíduo. O ideal já não é o santo, mas o ""homem renascentista"", o gênio polivalente que se destaca em todas as áreas.

Esta mudança é sutil, mas sísmica. A beleza, como diria Scruton, começa a ser arrancada do seu lar transcendente. Deixa de ser uma escada para o sagrado e começa a tornar-se um objeto de admiração estética e um símbolo de status mundano. O homem começa a olhar-se no espelho da sua própria arte e a apaixonar-se pela sua imagem.",22,3,"humanismo, Florença, Médici, mecenato, beleza, poder, individualismo, Brunelleschi, virtù","O Príncipe de Nicolau Maquiavel: O produto mais extremo e cínico do humanismo florentino. Um manual sobre como adquirir e manter o poder, onde a moralidade cristã é vista como um obstáculo.

Vidas dos Artistas de Giorgio Vasari: A primeira história da arte, que ajudou a criar o culto à personalidade dos grandes artistas do Renascimento, tratando-os como gênios quase divinos.","Qual a diferença entre um banqueiro que financia uma capela para a salvação da sua alma e um banqueiro que financia a mesma capela para exibir a sua riqueza e o seu poder? A intenção muda a natureza do ato?

A celebração da beleza do corpo humano na arte renascentista é um ato de louvor ao Criador ou o início de uma nova forma de idolatria?

O nosso conceito moderno de ""celebridade"" e de ""gênio"" tem as suas raízes neste período?",,
8.1.2,book,A erosão da síntese tomista,A primeira fissura entre fé e razão,"A mudança de foco do Renascimento não foi apenas artística; foi, acima de tudo, filosófica. A grande catedral do pensamento medieval, a síntese de São Tomás de Aquino que mantinha a fé e a razão em perfeita e harmoniosa colaboração, começou a sofrer as suas primeiras fissuras.

O pensamento de São Tomás baseava-se na confiança de que o mundo, criado por um Deus racional, é inteligível. A nossa razão pode, a partir da observação da realidade, ascender ao conhecimento de verdades universais e, por fim, à própria existência de Deus.

Mas no final da Idade Média, uma nova corrente filosófica, o Nominalismo, associada a pensadores como Guilherme de Ockham, começou a atacar esta confiança. De forma simplificada, os nominalistas argumentavam que os ""universais"" (conceitos como ""humanidade"", ""justiça"", ""beleza"") não existem na realidade; são apenas ""nomes"" (nomina) que nós damos a conjuntos de coisas individuais.

Isto parece uma discussão acadêmica abstrata, mas as suas consequências foram cataclísmicas.

Se os conceitos universais são apenas nomes, então a nossa razão não pode realmente conhecer a essência das coisas.

Se a razão não pode conhecer a essência, ela não pode, por si mesma, chegar a Deus a partir do mundo criado.

A razão e a fé, antes parceiras, começam a divorciar-se. A razão fica limitada ao mundo material e mensurável (o embrião da ciência moderna), enquanto a fé se torna uma questão de pura vontade, um ""salto no escuro"" sem fundamento racional (o embrião do protestantismo e do sentimentalismo religioso).

Esta foi a primeira grande ruptura no pensamento ocidental. O Renascimento, ao revalorizar a filosofia platônica (que muitas vezes cria um dualismo entre o mundo das ideias e o mundo material) em detrimento do realismo aristotélico de São Tomás, aprofundou esta fissura. O homem já não era visto como uma unidade de corpo e alma, vivendo num universo unificado pela mão de Deus. Começava a nascer um homem dividido, num universo dividido.",22,4,"erosão, tomismo, São Tomás de Aquino, fé, razão, nominalismo, Guilherme de Ockham, ruptura, dualismo","Fides et Ratio (Fé e Razão) de Papa São João Paulo II: A encíclica explica de forma magistral como esta separação entre fé e razão está na raiz da crise do pensamento moderno.

O Nome da Rosa de Umberto Eco: O personagem do monge franciscano, Guilherme de Baskerville, é um nominalista e representa perfeitamente esta nova forma de pensar, cética e focada no individual, em contraste com a antiga ordem tomista.","A ciência e a religião são, na sua opinião, inimigas ou aliadas? A sua resposta reflete a síntese tomista ou a ruptura nominalista?

Se a ""beleza"" é apenas um ""nome"" que damos a coisas que nos agradam (visão nominalista), em vez de uma qualidade real e objetiva (visão tomista/clássica), quais as consequências para a arte e a arquitetura?

A ideia de que ""a minha fé é uma coisa pessoal que não tem nada a ver com a minha vida pública ou profissional"" é uma consequência desta ruptura?",,
8.1.3,book,A arte como ídolo,Do artesão anônimo ao gênio celebridade,"Imagine o escultor que trabalhou nos portais da Catedral de Chartres no século XIII. Não sabemos o seu nome. Ele era um artesão, um membro de uma guilda, um homem que via o seu trabalho não como ""autoexpressão"", mas como um serviço a Deus e à sua comunidade. A sua glória era o anonimato na grandiosidade da obra coletiva.

Agora, imagine Michelangelo a pintar a Capela Sistina. Ele é o Divino Michelangelo. Ele briga com o Papa, impõe a sua visão artística, assina a sua obra e torna-se a maior celebridade da sua época. A obra ainda é para a glória de Deus, mas agora é também, e talvez principalmente, para a glória do gênio do artista.

Esta mudança é a consequência final do Renascimento. A arte começa a separar-se do seu propósito sagrado e torna-se um ídolo. E o artista, o seu sumo sacerdote.

O Artesão Anônimo vs. O Gênio-Celebridade: O foco desloca-se da obra para o criador. O artista já não é um servo da beleza, mas o seu mestre.

A Beleza como Verdade vs. A Originalidade como Verdade: Na Idade Média, a beleza era a conformidade com a ordem divina. No Renascimento, e mais ainda depois, o valor da arte começa a ser medido pela sua originalidade, pela sua capacidade de quebrar as regras. A ""autoexpressão"" do artista torna-se mais importante do que a verdade que a obra deveria comunicar.

Esta trajetória, que começa no Renascimento, leva diretamente à arte moderna, onde a ""transgressão"" se torna o valor supremo, e à arquitetura desumanizada que vemos hoje. A arquitetura de Brasília, por exemplo, é o apogeu desta mentalidade. Não é uma cidade construída para as pessoas que nela vivem, nem para a glória de Deus. É um monumento ao ego do seu criador, Oscar Niemeyer, que impôs a sua visão ideológica e estética abstrata sobre a paisagem e sobre a vida de milhões, com um desprezo olímpico pela escala humana e pela tradição.

Quando a arte deixa de servir à beleza transcendente e passa a servir ao ego do artista, ela deixa de nos elevar e começa a nos oprimir. O belo é generoso; o ""gênio"" é, muitas vezes, tirânico.",22,5,"arte, ídolo, gênio, celebridade, Michelangelo, Leonardo da Vinci, artista, transgressão, beleza, Brasília","Agonia e Êxtase de Irving Stone: Uma biografia romanceada de Michelangelo que, apesar da ficção, capta perfeitamente a nova mentalidade do ""artista como gênio"" em conflito com o poder.

De Bauhaus à Nossa Casa (From Bauhaus to Our House) de Tom Wolfe: Uma crítica demolidora a como a arquitetura moderna se tornou uma ditadura de teorias abstratas impostas por ""gênios"" que desprezam o gosto e as necessidades das pessoas comuns.","Quem você admira mais: o escultor anônimo de uma catedral gótica ou uma celebridade da arte moderna conhecida por ser ""polêmica"" e ""transgressora""? O que a sua resposta diz sobre os seus valores?

A ideia de que a arte deve ""chocar"" e ""provocar"" é compatível com a ideia de que a arte deve ser bela e elevar a alma?

Se a autoexpressão é o valor máximo, e se o que um artista expressa é o seu próprio vazio ou a sua própria depravação, a sua arte ainda tem valor?",,
8.2,lightbulb,Capítulo 13: Iluminismo,A razão autônoma (séc. XVII-XVIII),"Se o Renascimento colocou o homem no centro do palco, o Iluminismo acendeu todos os holofotes sobre ele e apagou as luzes do Céu. A narrativa escolar pinta esta era como a ""Idade da Luz"", o momento em que a ""Razão"" finalmente triunfou sobre a ""superstição"" da fé. Esta é a maior peça de propaganda da modernidade.

O Iluminismo não foi a celebração da razão, mas a deificação de um tipo específico de razão: a Razão Autônoma. É a razão divorciada da fé, da tradição e da própria realidade revelada por Deus. É a razão que se declara a única fonte de toda a verdade, uma juíza suprema que se arroga o direito de reconstruir o mundo do zero, como se milênios de sabedoria fossem apenas um entulho a ser descartado.

Este capítulo vai expor como esta arrogância intelectual, nascida nos salões elegantes de Paris, não trouxe a luz, mas pavimentou com ouro o caminho para o inferno do Terror, da guilhotina e das tiranias modernas. Veremos como as ideias, que parecem tão inofensivas no papel, têm consequências mortais quando se materializam na história.",23,1,"Iluminismo, razão, Descartes, Voltaire, Rousseau, jacobinos, revolução, PEC, tomismo, Chesterton","Os Limites do Iluminismo (ensaio) por G.K. Chesterton: Uma crítica brilhante que mostra como a razão, quando isolada de outras formas de conhecimento, torna-se uma forma de loucura.

The Church and the Age of Enlightenment, 1648-1848 de Christopher Dawson e outros (Aquila Press): Uma análise católica do período, mostrando a complexa relação entre a Igreja e os pensadores iluministas.","A razão humana, por si só, é suficiente para construir uma sociedade justa e boa? Ou ela precisa de ser guiada por algo mais (fé, tradição, lei moral)?

A ideia de ""começar do zero"" e ""construir um mundo novo"" é um ato de coragem ou de arrogância perigosa?

Por que os movimentos revolucionários sempre sentem a necessidade de atacar e de ridicularizar a religião e a tradição?",,
8.2.1,book,A revolução de Descartes e a ironia de Voltaire,"O ""eu"" como fundamento e a arma do sarcasmo","A revolução iluminista começou, silenciosamente, num quarto aquecido. Imagine René Descartes, o filósofo francês, a decidir duvidar de tudo: da existência do mundo, do seu próprio corpo, da palavra dos seus mestres, da existência de Deus. Ele busca um ponto de partida inabalável para o conhecimento. E encontra-o na sua famosa frase: ""Penso, logo existo."" (Cogito, ergo sum).

Isto parece um simples exercício lógico, mas é o Big Bang da mentalidade moderna. O ponto de partida da verdade deixou de ser a realidade objetiva criada por Deus (como para São Tomás de Aquino) e passou a ser a consciência do indivíduo. O ""eu pensante"" tornou-se o fundamento de tudo. É o ato supremo de colocar o homem no centro, não apenas do mundo, mas da própria realidade.

Se Descartes foi o arquiteto silencioso, Voltaire foi o seu mestre de propaganda. Imagine os salões parisienses do século XVIII. Aristocratas entediados e intelectuais ambiciosos reúnem-se para beber café e chocolate, trocando gracejos e ideias. Voltaire é o rei deste mundo. Ele não é um filósofo profundo, mas um mestre da ironia, do sarcasmo e do panfleto.

A sua grande missão era demolir a Igreja Católica. O seu lema, que repetia incessantemente nas suas cartas, era ""Écrasez l'infâme!"" – ""Esmagai a infame!"". Ele usava a sua inteligência brilhante não para construir um sistema, mas para corroer as fundações da civilização. Ridicularizava os dogmas, escarnecia dos milagres e pintava a história da Igreja como uma sucessão de crimes e de ignorância.

Voltaire tornou a rebelião contra Deus algo chique, elegante, um sinal de inteligência para a elite. Ele não lutava com argumentos filosóficos complexos, mas com a arma mais eficaz contra o sagrado: o ridículo. Ele ensinou a uma geração inteira que a forma mais inteligente de lidar com a tradição não era entendê-la, mas rir dela. E essa risada ecoaria, décadas mais tarde, no som da lâmina da guilhotina.",23,2,"Descartes, Voltaire, cogito, razão, eu, salão, ironia, sarcasmo, Écrasez l'infâme, propaganda","Discurso do Método de René Descartes: Leia a fonte primária. É um livro curto e surpreendentemente acessível, onde Descartes narra a sua jornada intelectual para a descoberta do Cogito.

Cândido, ou o Otimismo de Voltaire: A sua obra mais famosa. Uma sátira brilhante que usa o humor e a tragédia para atacar a ideia de uma providência divina.","Qual o perigo de fazer do ""eu"" e dos seus próprios pensamentos o único fundamento da verdade?

O sarcasmo e a ironia são ferramentas eficazes para se chegar à verdade ou apenas para destruir as crenças dos outros?

Hoje, quem são os ""Voltaires"" da nossa cultura? Que instituições ou crenças eles tentam demolir através do ridículo?",,
8.2.2,book,A crítica tomista,"O louco é aquele que perdeu tudo, menos a razão","Diante desta deificação da Razão Autônoma, a sabedoria tomista (baseada em São Tomás de Aquino) oferece a crítica mais devastadora. Para São Tomás, a razão é uma ferramenta maravilhosa, um dom de Deus para entendermos a Sua criação. Mas ela funciona como uma janela: a sua função é permitir-nos ver a realidade que está fora dela.

O projeto iluminista, iniciado por Descartes, foi o de transformar a janela num espelho. A razão deixou de olhar para fora, para a realidade, e passou a olhar apenas para si mesma, para as suas próprias construções lógicas.

O grande pensador católico G.K. Chesterton resumiu perfeitamente as consequências desta inversão no seu livro Ortodoxia: ""O louco não é o homem que perdeu a razão. O louco é o homem que perdeu tudo, menos a razão.""

O que ele quer dizer com isto? Um louco num hospício pode ser perfeitamente lógico. O seu universo é pequeno e circular, mas dentro dele, tudo faz sentido. Se um homem acredita que é uma galinha, ele agirá de forma perfeitamente lógica para uma galinha. O problema não está na sua lógica, mas na sua primeira premissa, que está divorciada da realidade.

O Iluminismo, ao divorciar a razão da fé, da tradição e do senso comum, criou um exército de ""loucos lógicos"". Eles são capazes de construir sistemas de pensamento imensos e complexos (como o marxismo, o seu descendente direto), mas que se baseiam em premissas falsas sobre a natureza humana e a realidade. Como a sua razão não tem uma âncora na realidade criada por Deus, ela torna-se uma máquina de produzir utopias monstruosas.

A crítica tomista não é contra a razão; é contra a razão arrogante. É um apelo à humildade, ao reconhecimento de que a nossa razão não cria a verdade, mas a descobre. Quando a razão se esquece dos seus limites e se declara Deus, ela não se torna super-humana; torna-se desumana.",23,3,"crítica tomista, Chesterton, loucura, razão, fé, realidade, equilíbrio, limites, arrogância","Ortodoxia de G.K. Chesterton: Um dos livros mais importantes do século XX. O capítulo ""A loucura do universo"" é uma defesa brilhante da sanidade do senso comum e da fé contra a lógica circular dos ideólogos.

O Herge Contra o Mundo Moderno de Étienne Gilson: Um grande historiador da filosofia medieval que mostra como o abandono da síntese tomista levou às crises do pensamento moderno.","Pense numa teoria da conspiração. Ela costuma ser ilógica ou, pelo contrário, extremamente lógica dentro das suas próprias premissas bizarras? Como o exemplo do ""louco lógico"" de Chesterton se aplica aqui?

A fé é uma ""âncora"" para a razão ou uma ""jaula""? Explique a sua perspetiva.

""Humildade intelectual"" parece-lhe uma virtude ou uma fraqueza?",,
8.2.3,book,Os precursores jacobinos,Rousseau e a pavimentação do terror,"Se Descartes e Voltaire carregaram a dinamite intelectual, foi um homem chamado Jean-Jacques Rousseau quem acendeu o rastilho que levaria à explosão da Revolução Francesa. Rousseau é o precursor direto dos jacobinos, os arquitetos do Terror.

A sua grande ideia, apresentada em obras como ""O Contrato Social"", parece bela e nobre à primeira vista: a ""Vontade Geral"" (Volonté Générale). Para Rousseau, a sociedade corrompeu o ""bom selvagem"" que é o homem natural. A solução é criar um novo contrato social onde cada indivíduo se submete completamente a esta ""Vontade Geral"", que representa o bem comum.

Onde está o veneno? A ""Vontade Geral"" de Rousseau não é a soma das vontades individuais. É uma entidade mística, abstrata, que uma elite ""iluminada"" arroga para si o direito de interpretar. E, o mais perigoso: Rousseau afirma que, se um indivíduo discordar da Vontade Geral, ele deve ser ""forçado a ser livre"".

Leia esta frase novamente: forçado a ser livre.

Está aqui a justificação para toda a tirania moderna. Se existe uma ""Vontade do Povo"" abstrata e perfeita, e se um grupo de revolucionários se declara o seu intérprete, então qualquer pessoa que discorde deles não é um opositor político; é um traidor do povo. É um doente que precisa de ser ""curado"", um obstáculo que precisa de ser removido para o bem de todos. A guilhotina é a consequência lógica de Rousseau.

O Paralelo com as PECs Manipuláveis:
Este delírio da ""engenharia social"", a crença de que um grupo de ""iluminados"" pode sentar-se numa sala e redigir um documento perfeito (uma constituição, uma lei, uma Proposta de Emenda à Constituição - PEC) que irá magicamente criar uma sociedade justa, ignorando a tradição, a cultura e a natureza humana, é a herança direta do Iluminismo e de Rousseau.

No Brasil, vemos isto constantemente. Uma PEC é proposta em Brasília por um pequeno grupo de políticos ou juízes, muitas vezes com uma linguagem vaga e abstrata (""em defesa da democracia"", ""pelo bem da sociedade""), mas que na prática serve para concentrar poder, restringir liberdades ou impor uma agenda ideológica contra a vontade real da população. Acredita-se que a lei, no papel, pode redefinir a realidade. É a mesma arrogância da Razão Autônoma que pavimentou o caminho para a Revolução Francesa.",23,4,"jacobinos, precursores, Rousseau, Vontade Geral, contrato social, utopia, tirania, PEC, engenharia social","O Contrato Social de Jean-Jacques Rousseau: É crucial ler a obra original para entender o perigo das suas ideias aparentemente belas.

Reflexões sobre a Revolução na França de Edmund Burke: A crítica mais poderosa já escrita contra a mentalidade revolucionária. Burke previu, em 1790, que as ideias abstratas de liberdade dos revolucionários levariam inevitavelmente ao terror e à tirania militar.","Quem decide qual é a ""Vontade Geral""? E o que acontece a quem discorda dessa decisão?

Uma lei pode ser, ao mesmo tempo, perfeitamente legal e profundamente injusta? Dê exemplos.

Compare a ideia de uma PEC criada por uma elite em Brasília com a ideia de uma lei que nasce dos costumes e da tradição de um povo (o direito consuetudinário). Qual delas é mais democrática na sua essência?",,
8.3,beginner,Capítulo 14: Revolução Francesa,O terror jacobino (1789-1799),"Se o Iluminismo foi a teoria, a Revolução Francesa foi a prática. Se filósofos como Voltaire e Rousseau carregaram a dinamite intelectual, os revolucionários de 1789 acenderam o rastilho. A narrativa que lhe foi ensinada na escola pinta este evento com as cores gloriosas da ""Liberdade, Igualdade e Fraternidade"", o momento em que ""o povo"" se levantou contra a tirania. Esta é, talvez, a mais bem-sucedida peça de propaganda da história.

A verdade é muito mais sombria. A Revolução Francesa não foi a aurora da liberdade, mas o nascedouro do totalitarismo moderno. Foi a primeira vez que uma elite de intelectuais, acreditando-se dona de uma razão autônoma e de um plano perfeito para a humanidade, sentiu-se no direito de destruir uma nação inteira – a sua história, a sua fé, as suas tradições e, por fim, o seu próprio povo – para a reconstruir à imagem da sua utopia sangrenta.

Este capítulo vai desmascarar o mito. Vamos mostrar a ""liberdade"" na lâmina da guilhotina, a ""igualdade"" no genocídio de camponeses católicos e a ""fraternidade"" na paranoia que levou irmãos a denunciarem irmãos. É a lição trágica sobre os vícios coletivos e sobre o que acontece quando uma nação declara guerra a Deus e à própria realidade.",24,1,"Revolução Francesa, terror, jacobinos, guilhotina, Bastilha, esquerda, direita, Burke","Reflexões sobre a Revolução na França de Edmund Burke: Escrito em 1790, no início da revolução, é a crítica mais poderosa e profética já feita à mentalidade revolucionária. Burke previu o Terror, a tirania e o caos militar anos antes de acontecerem.

Os Deuses Têm Sede de Anatole France: Um romance histórico que retrata de forma brilhante o clima de paranoia e a psicologia dos revolucionários durante o auge do Terror jacobino.","Por que é que movimentos que prometem um ""paraíso na Terra"" e a ""criação de um homem novo"" (como a Revolução Francesa, o Comunismo, o Nazismo) acabam sempre por recorrer ao terror em massa?

A ideia de que ""os fins justificam os meios"" é a base de toda a tirania?

Qual a diferença entre uma reforma (corrigir os erros de um sistema) e uma revolução (destruir o sistema para começar do zero)?",,
8.3.1,book,A Queda da Bastilha,O mito fundador e a sede de sangue (14 de julho de 1789),"Todo movimento revolucionário precisa de um mito fundador, um evento heroico que possa ser celebrado e romantizado. Para a Revolução Francesa, este evento foi a Queda da Bastilha. A imagem que nos foi vendida é a de uma multidão heroica de parisienses a libertar centenas de prisioneiros políticos das masmorras de uma fortaleza-símbolo da tirania real.

A realidade é patética e brutal.
A Bastilha, em 14 de julho de 1789, não era o centro da opressão. Era uma fortaleza medieval velha e praticamente desativada, que servia de prisão para uma elite decadente. No dia da sua ""queda"", havia apenas sete prisioneiros: quatro falsificadores, dois loucos e um nobre preso por depravação a pedido da sua própria família. Não havia um único prisioneiro político.

A ""batalha"" não foi uma carga heroica. Uma turba enfurecida, incitada por agitadores e à procura de armas e pólvora, cercou a fortaleza. O seu governador, o Marquês de Launay, tentou negociar. Após um impasse, ele baixou a ponte levadiça sob a promessa de que a sua pequena guarnição seria poupada.

A promessa foi quebrada instantaneamente. A turba invadiu a fortaleza. De Launay foi arrastado pelas ruas, espancado e esfaqueado. A sua cabeça foi cortada com uma faca de bolso e espetada na ponta de uma lança, sendo então desfilada triunfalmente pelas ruas de Paris. Os poucos guardas que tentaram resistir tiveram o mesmo destino.

Isto não foi um ato de libertação. Foi um ato de selvageria e de quebra da palavra, o prenúncio do que estava por vir. A Queda da Bastilha não simboliza o nascimento da liberdade, mas o nascimento da tirania da turba, onde a violência irracional é justificada em nome de uma causa supostamente nobre. A propaganda revolucionária transformou um motim sangrento e sem propósito num épico da liberdade, e esta mentira é celebrada até hoje como a festa nacional da França.",24,2,"Bastilha, queda, 14 de julho, mito, propaganda, violência, turba, revolução","Cidadãos: Uma Crônica da Revolução Francesa de Simon Schama: Uma narrativa detalhada e vívida que não foge da violência e da brutalidade da revolução desde os seus primeiros dias.

The Jacobin Clubs in the French Revolution de Michael L. Kennedy: Analisa o papel dos ""clubes"" (as células revolucionárias) na organização e na incitação de eventos como a Queda da Bastilha.","Por que a propaganda revolucionária precisou de mentir tão descaradamente sobre o que a Bastilha representava e o que aconteceu no dia da sua queda?

A imagem da cabeça de um homem a ser desfilada numa lança é um símbolo de ""liberdade""?

Compare a violência da turba na Bastilha com a violência controlada e com um propósito de uma guerra justa. São moralmente equivalentes?",,
8.3.2,book,A guilhotina,A razão a serviço do extermínio e o genocídio da Vendeia,"Se a cabeça na ponta da lança foi o símbolo do início da Revolução, a guilhotina tornou-se o seu altar. Este instrumento, proposto como um método de execução ""humano"" e ""científico"" – um produto perfeito da razão iluminista –, transformou-se numa máquina de extermínio em massa durante o Reino do Terror (1793-1794).

Imagine a Paris daquela época. Na Praça da Revolução (hoje Praça da Concórdia), a guilhotina era uma atração diária. O cheiro de sangue pairava no ar. Mulheres, as famosas tricoteuses, sentavam-se e faziam tricô enquanto assistiam ao espetáculo, contando as cabeças que rolavam para dentro dos cestos.

No início, as vítimas eram a realeza, como o Rei Luís XVI e a Rainha Maria Antonieta. Depois, os nobres. Depois, os padres. Depois, os burgueses. E, finalmente, os próprios revolucionários, que se devoravam uns aos outros na paranoia liderada por figuras como Robespierre. A ""Vontade Geral"" de Rousseau, na prática, significava que qualquer um que discordasse do líder do dia era um ""inimigo do povo"" e devia ser ""forçado a ser livre"" pela lâmina.

Mas o pior horror não aconteceu em Paris. Aconteceu numa região rural e profundamente católica no oeste da França: a Vendeia. Em 1793, os camponeses da Vendeia levantaram-se em armas, não por privilégios, mas em defesa da sua fé e do seu rei (""Por Deus e pelo Rei!""). Eles recusaram-se a aceitar o recrutamento forçado para o exército revolucionário e a perseguição aos seus padres.

A resposta da República foi o primeiro genocídio da era moderna. As ""colunas infernais"" do exército republicano foram enviadas com ordens explícitas de exterminar a população. Mulheres foram violadas e mortas. Crianças foram esmagadas contra as paredes. Igrejas foram queimadas com os fiéis trancados lá dentro. Centenas de milhares de pessoas foram massacradas.

A história da Vendeia é a verdade inconveniente da Revolução Francesa. Ela prova que a revolução não foi um levante ""do povo"", mas a guerra de uma elite ideológica e anticristã de Paris contra o próprio povo francês. A guilhotina não foi um instrumento de justiça; foi a ferramenta da razão autônoma a ""purificar"" a humanidade, destruindo todos aqueles que se recusavam a caber no seu modelo de perfeição.",24,3,"guilhotina, Terror, Robespierre, Vendeia, genocídio, razão, desumanização, Luís XVI, Maria Antonieta","O Livro Negro da Revolução Francesa, obra coletiva de historiadores: Um compêndio que detalha os crimes e os genocídios cometidos pela Revolução, especialmente o da Vendeia.

Reflexões sobre a Revolução na França de Edmund Burke: Burke previu que a destruição da religião e da tradição levaria a um tipo de tirania nunca antes vista, e a Vendeia foi a prova trágica da sua profecia.","Como a ideia de uma execução ""científica"" e ""humana"" como a guilhotina pode ter tornado o assassinato em massa mais fácil de aceitar?

A história da Vendeia é ensinada com o mesmo destaque que a Queda da Bastilha nas aulas de história? Se não, por quê?

A lógica da Revolução foi: ""Se você não aceita a nossa definição de liberdade, você é um inimigo e deve ser eliminado."" Você vê ecos desta lógica em debates políticos hoje?",,
8.3.3,book,Esquerda e direita,A geografia do parlamento e a guerra perpétua,"A Revolução Francesa não nos legou apenas o terror e o totalitarismo; ela legou-nos o próprio vocabulário com que, até hoje, descrevemos a política: a esquerda e a direita.

A origem destes termos é puramente física e quase acidental. Imagine a Assembleia Nacional Francesa em 1789. É um grande salão semicircular. Olhando da cadeira do presidente da Assembleia:

À direita, sentavam-se os deputados mais moderados, que, embora quisessem reformas, defendiam a monarquia constitucional e algum papel para a Igreja na sociedade. Eram conhecidos como os Girondinos. Eles queriam reformar a ordem existente.

À esquerda, sentavam-se os deputados mais radicais, que queriam destruir completamente a ordem existente e construir uma república secular do zero. O grupo mais extremo da esquerda, liderado por Robespierre, sentava-se nos bancos mais altos do salão, ganhando o apelido de ""A Montanha"". Eram os Jacobinos.

O que começou como uma simples convenção de assentos, rapidamente se tornou um símbolo de duas visões de mundo opostas e irreconciliáveis.

A Direita passou a representar, de forma geral, a defesa da tradição, da ordem, de uma hierarquia natural, da propriedade privada, da religião como pilar da moralidade e de uma visão realista (e muitas vezes pessimista) sobre a natureza humana.

A Esquerda passou a representar a crença na revolução, na igualdade radical, na perfectibilidade do homem através da engenharia social, na abolição da propriedade privada e da religião, e na concentração do poder no Estado como ferramenta para criar uma utopia.

A tragédia da Revolução foi a vitória da Esquerda sobre a Direita. Os Girondinos, os moderados, foram todos guilhotinados pelos Jacobinos.

Este vocabulário, nascido da geografia de um parlamento revolucionário, sobrevive até hoje. E, como na sua origem, ele ainda descreve a batalha fundamental que define a política: a batalha entre aqueles que acreditam que a civilização é uma herança preciosa a ser preservada e reformada com cuidado (a direita) e aqueles que a veem como uma prisão a ser demolida para que um mundo novo e perfeito possa ser construído sobre as suas ruínas (a esquerda).",24,4,"esquerda, direita, jacobinos, girondinos, parlamento, Assembleia Nacional, ideologia, vocabulário","O Ópio dos Intelectuais de Raymond Aron: Uma crítica devastadora à mentalidade de esquerda no século XX, mostrando como a ""revolução"" se tornou uma religião secular para muitos intelectuais.

A Mentalidade Revolucionária de Olavo de Carvalho: Uma análise profunda sobre a psicologia do revolucionário, que, segundo o autor, vive num mundo invertido onde a destruição é vista como um ato de criação.","Os termos ""esquerda"" e ""direita"" ainda fazem sentido hoje? Ou as posições políticas tornaram-se mais complexas?

Com base nas definições originais, você diria que a sua própria visão de mundo tende mais para a direita ou para a esquerda? Por quê?

A Revolução Francesa terminou com os moderados a serem mortos pelos radicais, que depois se mataram entre si. Existe uma lição aqui sobre a natureza da política revolucionária?",,
8.4,flag,Capítulo 15: Napoleão e o exílio português,A guerra que deu à luz um império (1799-1815),"A Revolução Francesa não morreu com a queda de Robespierre na guilhotina. O caos e o vácuo de poder que ela criou deram à luz um filho terrível e genial: Napoleão Bonaparte. Ele foi a materialização da profecia de Edmund Burke: quando os homens brincam de ser Deus, a anarquia é sucedida por um tirano militar.

Este capítulo narra como a ambição desmedida de Napoleão para conquistar a Europa e impor os ideais revolucionários tornou-se, nas mãos da Providência, o instrumento paradoxal que forçou o nascimento do Império do Brasil. Veremos como o ""julgamento divino"" que se abateu sobre uma Europa apóstata, na forma das Guerras Napoleônicas, poupou o único reino que ousou uma solução radicalmente diferente.

A história da fuga da Família Real para o Brasil não é a história de uma covardia, como a propaganda republicana insiste em pintar. É a história de uma manobra de xadrez geopolítico de uma genialidade espantosa, a conclusão de uma herança de sabedoria e de fé que remonta aos próprios Cavaleiros Templários.",25,1,"Napoleão, Dom João VI, exílio, Brasil, império, Portugal, herança templária, Providência, estratégia","Napoleão: Uma Vida de Andrew Roberts: Considerada a biografia definitiva de Napoleão, detalha as suas campanhas e a sua mentalidade, permitindo entender a escala da ameaça que ele representava.

1808 de Laurentino Gomes: Embora com um viés que por vezes romantiza a figura de Napoleão, o livro é uma reportagem histórica indispensável sobre a transferência da corte portuguesa, repleta de detalhes vívidos.","Napoleão via-se como um libertador que levava os ""ideais da Revolução"" para a Europa ou como um conquistador a forjar um novo império romano? Ou ambos?

A ascensão de um tirano militar é uma consequência inevitável de um período de caos revolucionário?

A ideia de um ""julgamento divino"" na história significa que Deus causa o mal, ou que Ele usa o mal que os homens fazem para realizar um bem maior?",,
8.4.1,book,A invasão da Península,O ultimato de Napoleão e a escolha de Portugal,"No início do século XIX, Napoleão era o senhor da Europa continental. Tinha humilhado a Áustria, esmagado a Prússia e subjugado a Espanha. Apenas uma nação ainda o desafiava: a Inglaterra, protegida pelo seu poder naval. Incapaz de a invadir, Napoleão decide estrangulá-la economicamente. Ele decreta o Bloqueio Continental: nenhum porto europeu poderia mais comerciar com os britânicos.

Este decreto colocou o pequeno Portugal numa situação impossível. Era o mais antigo aliado da Inglaterra, uma aliança forjada em séculos de comércio e de laços dinásticos. Obedecer a Napoleão significaria a ruína econômica e a perda da proteção da marinha britânica. Desobedecer significaria a invasão certa pelo exército mais poderoso do mundo.

Imagine a tensão no palácio em Lisboa. Mensageiros chegavam de Paris com ultimatos cada vez mais arrogantes. Chegavam de Londres com promessas de apoio, mas também com a ameaça de atacar a frota portuguesa se ela caísse nas mãos de Napoleão. O regente, Dom João, era pressionado por todos os lados. A narrativa que o pinta como um glutão indeciso é uma caricatura. Na realidade, ele era um mestre da diplomacia, a tentar ganhar tempo, a jogar um jogo perigosíssimo contra o maior jogador do mundo.

No final de 1807, a paciência de Napoleão esgotou-se. Ele assinou um tratado secreto com a Espanha para dividir Portugal entre eles e enviou o seu general, Junot, à frente de um exército para invadir o reino. Enquanto as tropas francesas marchavam implacavelmente sobre Portugal, Dom João teve de tomar a decisão que definiria o futuro de dois continentes. Ele não cedeu ao tirano. E não ficou para ser martirizado. Ele escolheu uma terceira via, uma solução tão audaciosa que a mente de Napoleão não a conseguiu prever.",25,2,"invasão, Península Ibérica, Bloqueio Continental, Portugal, Inglaterra, aliança, ultimato, Junot","Guerra Peninsular de Charles Oman: A obra clássica em vários volumes sobre a brutal guerra que se seguiu à invasão francesa na Espanha e em Portugal.

The Napoleonic Wars: A Global History de Alexander Mikaberidze: Ajuda a contextualizar a invasão da Península Ibérica dentro da estratégia global de Napoleão.","Se estivesse na posição de Dom João, qual das duas opções (ceder a Napoleão ou resistir e ser invadido) lhe pareceria a mais ""lógica""?

A aliança de Portugal com a Inglaterra era baseada apenas em interesses comerciais ou havia uma afinidade cultural e de visão de mundo contra a França revolucionária?

O que a invasão de uma nação neutra como Portugal nos diz sobre a natureza do poder tirânico e a sua intolerância à independência?",,
8.4.2,book,A fuga para o Brasil,A genialidade heterodoxa e a inversão do Império,"Enquanto as tropas de Junot se aproximavam de Lisboa, uma atividade frenética tomava conta do porto. Não era a preparação para uma batalha, mas para a maior e mais extraordinária retirada estratégica da história. Dom João VI tinha tomado a sua decisão: o Império não se renderia; ele mover-se-ia.

A ideia de transferir a capital para o Brasil não era nova. Já era discutida há séculos como uma possibilidade estratégica. Afinal, o Brasil já era, de longe, a parte mais rica, vasta e populosa do mundo lusófono. A corte não estava a fugir para uma ""casa de praia"", para um ""puxadinho"". Estava a mudar a sede do poder para o centro de gravidade do seu próprio império. Era a manobra mais lógica, mas tão audaciosa que pareceu uma loucura.

Imagine a cena em novembro de 1807. Cerca de 15.000 pessoas – a Família Real, ministros, juízes, generais, toda a nobreza e o aparato estatal – embarcam em dezenas de navios, levando consigo o tesouro real, arquivos de Estado e a vasta Biblioteca Real, com mais de 60.000 volumes. É um Estado inteiro a fazer as malas. Quando os soldados de Junot finalmente entram em Lisboa, exaustos e famintos, eles encontram um palácio vazio e, no horizonte do Tejo, as velas da esquadra portuguesa, protegida pela Marinha Real Britânica, a desaparecer em direção ao Atlântico.

Napoleão foi humilhado. No seu exílio final, ele escreveria com amargura que Dom João foi o único que o enganou. O ""idiota do Bragança"", como ele o via, tinha salvado a sua coroa, o seu povo e o seu império, não com a espada, mas com uma manobra de gênio heterodoxo.

A chegada da corte ao Rio de Janeiro, em 1808, foi a inversão do Império. Pela primeira vez na história, uma colônia tornava-se a sede de um império europeu. O Brasil deixava de ser uma parte do ultramar para se tornar o coração de um reino transcontinental. Dom João abriu os portos às nações amigas, fundou o Banco do Brasil, a Imprensa Régia, o Jardim Botânico, as primeiras faculdades de medicina. Ele não estava a administrar uma colônia; estava a construir a capital de um novo mundo.",25,3,"fuga, exílio, Dom João VI, Brasil, inversão, império, estratégia, Rio de Janeiro, corte","D. João VI no Brasil de Oliveira Lima: A biografia que resgata a figura de Dom João, não como a caricatura, mas como o estadista que efetivamente fundou o Brasil como nação independente.

1808 de Laurentino Gomes: A sua descrição da viagem da corte e da transformação do Rio de Janeiro é uma narrativa jornalística vívida e repleta de detalhes.","A decisão de Dom João foi um ato de covardia ou de prudência e audácia extremas?

Compare a manobra de Dom João com a dos reis espanhóis, que ficaram e foram feitos prisioneiros por Napoleão. Qual atitude serviu melhor ao seu povo a longo prazo?

A ""inversão do Império"" foi o verdadeiro momento da independência do Brasil, muito antes do grito de Dom Pedro I?",,
8.4.3,book,A herança templária,A missão providencial e o refúgio da Cristandade,"A transferência da corte para o Brasil não pode ser entendida apenas como uma jogada geopolítica. Ela precisa de ser vista à luz da história que já percorremos, como o culminar de uma vocação, de uma herança templária que definia a alma de Portugal.

Lembre-se: Portugal nasceu da promessa feita a Dom Afonso Henriques em Ourique, a de que o seu reino levaria a fé a terras distantes. Esta missão foi levada a cabo pela Ordem de Cristo, a herdeira dos Templários. Foi a sua cruz que abriu os oceanos.

Agora, no início do século XIX, a Europa, o berço da Cristandade, estava a ser consumida pelo fogo que ela mesma acendera. A Revolução Francesa tinha tentado descristianizar a França, entronizando a ""Deusa Razão"" em Notre-Dame. Napoleão, o seu filho, era um déspota que humilhava o Papa e tratava a Igreja como um instrumento do seu poder. A Europa parecia estar a cometer apostasia.

Neste contexto, a mudança da corte de Portugal para o Brasil ganha um significado providencial. Não era apenas a monarquia que estava a ser salva; era a monarquia católica portuguesa, a última grande representante daquela união entre a espada e a cruz que forjara a civilização.

Enquanto a Europa se afundava no seu delírio de razão autônoma, o coração da mais antiga e fiel nação católica da Europa encontrava refúgio no Novo Mundo, trazendo consigo não apenas a administração, mas a fé, a cultura e a tradição. O Brasil tornava-se, naquele momento, o refúgio da Cristandade que ainda levava a sua missão a sério.

Comparação com as Guerras dos EUA:
A diferença de mentalidade é gritante. Os Estados Unidos nasceram de uma revolução iluminista, com uma separação radical entre Igreja e Estado. As suas guerras, muitas vezes, são justificadas por ideais seculares de ""democracia"" e ""liberdade"". A transferência da corte portuguesa, pelo contrário, foi um ato para preservar uma ordem tradicional e religiosa. Enquanto a política externa americana moderna, muitas vezes, exporta o caos revolucionário, a manobra de Dom João VI foi um ato conservador para preservar a ordem contra o caos revolucionário que Napoleão representava.

A herança templária, a missão de dilatar a fé, encontrava no Brasil a sua nova e mais grandiosa arca. A Europa podia arder; a chama da civilização cristã, agora, arderia com mais força do nosso lado do Atlântico.",25,4,"herança templária, Ordem de Cristo, missão, Providência, Cristandade, Portugal, Brasil, fé, destino","O Império Marítimo Português, 1415-1825 de C. R. Boxer: A obra ajuda a entender a longa duração e a mentalidade consistentemente missionária da expansão portuguesa.

The Founding Fathers and the Place of Religion in America de Frank Lambert: Um estudo sobre o complexo e muitas vezes contraditório papel da religião na fundação dos EUA, útil para contrastar com a união explícita entre fé e Estado em Portugal.","A ideia do Brasil como um ""refúgio"" ou uma ""arca"" para a civilização cristã parece-lhe exagerada ou faz sentido dentro da narrativa histórica que construímos?

Qual a diferença entre uma guerra travada para ""espalhar a democracia"" e uma cruzada para ""dilatar a fé""? Ambas são formas de imperialismo ou as suas motivações e consequências são fundamentalmente diferentes?

Se a herança de Portugal é a da união entre fé e Estado, e a dos EUA é a da separação, como estas duas ""fórmulas"" diferentes moldaram o Brasil e os Estados Unidos até aos dias de hoje?",,
8.5,books,Capítulo 16: Navegações Portuguesas,A última cruzada (séc. XV-XVI),"Enquanto a Europa continental mergulhava nas convulsões do humanismo e se preparava para as fogueiras das guerras religiosas e das revoluções, um pequeno reino, forjado em oitocentos anos de luta pela fé, voltava-se para o oceano. Este capítulo narra a maior epopeia da história de Portugal, e a certidão de nascimento do Brasil: as Grandes Navegações.

A narrativa moderna, filha do Iluminismo e do marxismo, tenta pintar esta era com as cores da ganância. Dizem-nos que foi uma corrida por ouro, especiarias e escravos. É uma mentira que serve para rebaixar um feito de proporções civilizacionais a uma mera transação comercial.

Nós contaremos a história verdadeira. A história de como a conquista oceânica não foi um projeto do homem renascentista, mas a última e mais grandiosa cruzada do homem medieval. Veremos como a fé, e não a cobiça, foi o principal combustível destas viagens. E faremos o paralelo: assim como hoje olhamos para a exploração espacial (SpaceX) como uma missão para a preservação da consciência humana para além das fronteiras de nações ou políticas, os descobrimentos portugueses foram a manifestação de uma civilização que se via com uma missão providencial de levar a sua fé e a sua ordem a todo o mundo.",26,1,"navegações, Portugal, descobrimentos, Cabral, Vasco da Gama, fé, cruzada, missão, SpaceX","Os Lusíadas de Luís de Camões: O poema épico nacional português. Não é apenas literatura; é a fonte primária para entender a alma, a fé, as glórias e as angústias do povo que se lançou aos mares.

The Portuguese in the Age of Discovery de Ronny Gomes: Uma obra moderna e acessível que cobre os principais eventos e personagens das navegações portuguesas.","Se as navegações fossem motivadas apenas pelo lucro, por que os portugueses gastariam imensos recursos a construir igrejas e a enviar missionários para terras distantes?

A ideia de uma ""missão civilizacional"" é inerentemente arrogante ou pode ser a força motriz para os maiores feitos da humanidade?

Compare a figura do ""navegador"" português com a do ""empreendedor"" moderno. As suas motivações são as mesmas ou fundamentalmente diferentes?",,
8.5.1,book,Heróis do Mar Tenebroso,Vasco da Gama e a chegada de Cabral,"Dois nomes encarnam a audácia e o propósito das navegações: Vasco da Gama e Pedro Álvares Cabral. Eles não eram meros aventureiros; eram nobres, cavaleiros da Ordem de Cristo, homens que personificavam a herança da Reconquista.

Vasco da Gama e o Caminho para a Índia (1498):
Imagine a cena. Após décadas de exploração metódica da costa africana, dobrando o temido Cabo da Boa Esperança, a pequena frota de Vasco da Gama finalmente atravessa o Oceano Índico e ancora em Calicute. Pela primeira vez, a Europa e a Índia estavam conectadas por mar. A reação de Gama ao ser questionado sobre o que viera buscar resume a missão portuguesa. Perante o Samorim de Calicute, ele não fala apenas de comércio. Ele diz que veio em busca de ""cristãos e especiarias"". A prioridade, sempre, era encontrar os irmãos na fé (como o lendário reino de Preste João) e, a partir daí, estabelecer as rotas que trariam riqueza. A sua viagem foi um triunfo da perseverança e da fé contra o escorbuto, as tempestades e a hostilidade.

Pedro Álvares Cabral e o Brasil (1500):
Dois anos depois, uma frota muito maior, com treze navios, parte de Lisboa sob o comando de outro nobre cavaleiro, Pedro Álvares Cabral. A sua missão oficial era consolidar a rota de Vasco da Gama para a Índia. Mas, seja por desvio intencional (como sugerem as expedições secretas anteriores) ou por uma tempestade providencial, a sua frota chega a uma nova terra a 22 de abril de 1500.

E aqui, a alma da missão revela-se de forma inequívoca. Qual é a primeira ação oficial de Cabral em solo brasileiro? Tomar posse em nome do rei? Procurar ouro? Não. A primeira coisa que ele ordena é a celebração de uma missa.

Imagine a cena, narrada vividamente por Pero Vaz de Caminha em sua carta: numa praia, sob a sombra da Mata Atlântica, um altar é improvisado. Os capitães, os soldados e os marinheiros, vestidos com as suas melhores roupas, ajoelham-se na areia. Frei Henrique de Coimbra celebra o santo sacrifício. Os indígenas, nus e curiosos, observam à distância, imitando os gestos dos portugueses, ajoelhando-se também.

Este ato não é um detalhe. É a declaração de propósito. Antes de qualquer ato de conquista ou de comércio, a terra é consagrada a Deus. Aquele momento não foi a descoberta de um recurso, mas o batismo de uma nação. A carta de Caminha, longe de ser um relatório econômico, é um documento fascinado com a inocência do povo e com a possibilidade da sua evangelização, declarando que o maior fruto que se podia tirar daquela terra era ""salvar esta gente"".",26,2,"Vasco da Gama, Pedro Álvares Cabral, Índia, Brasil, descobrimento, missa, Pero Vaz de Caminha, fé, missão","A Carta de Pero Vaz de Caminha: Leia o documento fundador do Brasil na íntegra. É a janela mais pura para a mentalidade e as intenções dos homens que aqui chegaram.

Diário da Viagem de Vasco da Gama, atribuído a Álvaro Velho: O relato em primeira mão da épica viagem à Índia, detalhando os perigos e as maravilhas da jornada.","A primeira ação de Cabral foi uma missa. Qual seria a primeira ação de um explorador moderno (de uma empresa ou de uma nação) ao chegar a um novo planeta? O que esta diferença nos diz?

A busca de Vasco da Gama por ""cristãos e especiarias"" mostra um conflito de interesses ou uma visão de mundo integrada, onde a fé e a vida prática não estão separadas?

Se a carta de Caminha é o nosso ""certificado de batismo"", o que ela nos diz sobre a vocação original do Brasil?",,
8.5.2,book,O financiamento da fé,A Ordem de Cristo e o mito da ganância,"""Mas e o ouro? E as especiarias? Não era tudo por dinheiro?"". Esta é a objeção da mentalidade moderna, incapaz de compreender uma motivação que não seja a do lucro. A resposta é um enfático não.

Pense nisto: ""Se você precisa de ter fé para montar uma empresa, imagina para montar um país inteiro."" As navegações eram um investimento de risco absurdo. Equipar uma caravela, pagar salários adiantados a homens que talvez nunca voltassem, abastecê-la para meses no mar... tudo isso sem nenhuma garantia de retorno. Nenhum capitalista de risco moderno investiria num projeto tão incerto.

A ganância não sustenta este tipo de empreendimento. A ganância busca o lucro fácil e rápido. Ela não inspira homens a arriscarem a vida a atravessar um oceano desconhecido. Somente uma motivação muito mais profunda, uma fé inabalável, pode sustentar um sacrifício desta magnitude.

De onde vinha, então, o financiamento?
Vinha, em grande parte, da Coroa Portuguesa e da Ordem de Cristo. Lembre-se: a Ordem de Cristo era a herdeira dos Templários. Ela possuía vastos recursos, mas, acima de tudo, possuía uma missão: a continuação da Cruzada. O grão-mestre da Ordem era o Infante D. Henrique, o ""Navegador"", o príncipe que dedicou a sua vida e a sua fortuna a este projeto.

As navegações não eram um ""negócio"". Eram uma missão de Estado e de Fé. O comércio era, obviamente, um objetivo – a ""segunda asa"" da missão, como diziam os documentos –, pois era ele que tornaria a empreitada sustentável. Era o meio para financiar a missão maior, que era a ""dilatação da fé"".

Reduzir esta epopeia à ""ganância"" é um anacronismo preguiçoso. É projetar a nossa mentalidade materialista num tempo que vivia e morria por ideais transcendentes. Eles arriscaram tudo não para se tornarem ricos no processo, mas porque acreditavam que estavam a cumprir um desígnio divino.",26,3,"financiamento, fé, Ordem de Cristo, ganância, risco, investimento, cruzada, missão, sacrifício","Príncipe Henrique o Navegador de Peter Russell: A biografia definitiva que mostra como a piedade profunda e a mentalidade cruzadista de D. Henrique foram o motor por trás do início dos descobrimentos.

Vitória da Razão: Como o Cristianismo Gerou a Liberdade, o Capitalismo e o Sucesso do Ocidente de Rodney Stark: Stark argumenta que a própria ideia de investimento de longo prazo e de inovação foi fomentada pela ética cristã, um contraponto à ideia de que a Igreja era ""anti-progresso"".","Pense num grande projeto que admira (uma obra de caridade, uma inovação científica, uma grande obra de arte). Ele foi motivado apenas pelo dinheiro ou por algo mais?

A nossa sociedade valoriza mais o risco assumido por um banqueiro em busca de lucro ou o risco assumido por um missionário ou um soldado em busca de um ideal?

Se a fé foi o principal ""financiamento"" das navegações, o que acontece a uma civilização que perde a sua fé? Ela ainda é capaz de grandes feitos?",,
8.5.3,book,Evangelização vs. predadores,O ideal português e a brutalidade de outros impérios,"A missão de ""dilatar a fé"" não era apenas um slogan. Era a diretriz fundamental da expansão portuguesa. A Coroa enviava, juntamente com os soldados e os administradores, os missionários – franciscanos, dominicanos e, acima de tudo, os jesuítas. Homens como São José de Anchieta, que não apenas catequizava, mas que aprendeu a língua dos índios e escreveu a primeira gramática tupi, mostrando um respeito pela sua cultura que era impensável para outros colonizadores.

Isto significa que não houve abusos? Claro que não. A história humana é a história de homens pecadores. Houve bandeirantes brutais, houve escravidão, houve violência. Mas a diferença crucial está na intenção oficial e no modelo de civilização. Para a Coroa Portuguesa, o indígena era um súdito a ser salvo e integrado, não um selvagem a ser exterminado. A prova disso, como já vimos, é a miscigenação, a nobreza indígena e a própria composição étnica do Brasil de hoje.

Agora, compare o modelo português com o de outros impérios:

A Expansão Espanhola: Embora também católica e missionária, a sua conquista de impérios estabelecidos como os Astecas e os Incas foi, muitas vezes, de uma brutalidade e de uma cobiça muito mais explícitas. A luta por ouro e prata foi, em muitos casos, o motor principal.

A Expansão Inglesa: Na América do Norte, o modelo foi completamente diferente. Era um modelo de segregação e extermínio. Os colonos protestantes, muitas vezes vendo-se como um ""novo Israel"" a entrar numa ""terra prometida"", viam os indígenas não como almas a serem convertidas, mas como ""cananeus"" a serem eliminados para dar lugar ao povo eleito. Praticamente não houve miscigenação. A política era a da ""fronteira"" que avançava, empurrando ou matando os nativos.

A história da expansão portuguesa, com todos os seus pecados e as suas falhas, foi fundamentalmente diferente. Não foi uma empresa de predadores, mas uma tentativa, imperfeita como todas as obras humanas, de realizar uma missão evangelizadora e integradora. O Brasil é o fruto desta intenção.",26,4,"evangelização, predadores, Portugal, Espanha, Inglaterra, missão, Anchieta, jesuítas, miscigenação","História da Companhia de Jesus no Brasil de Serafim Leite: Uma obra monumental que documenta o trabalho extraordinário dos jesuítas no Brasil, na educação, na proteção dos indígenas e na formação da nossa cultura.

O Império: Como a Grã-Bretanha Fez o Mundo Moderno de Niall Ferguson: Embora apologético, o livro é útil para entender a mentalidade e os métodos do Império Britânico, permitindo um contraste claro com o modelo português.","A intenção por trás de uma ação importa, mesmo que os resultados sejam imperfeitos? É diferente um império que peca contra os seus próprios ideais de um império que não tem ideal nenhum, para além do lucro e do poder?

O que a diferença na composição étnica do Brasil e dos Estados Unidos hoje nos diz sobre os diferentes ""modelos"" de colonização?

O trabalho de um missionário como Anchieta, que cria uma gramática para uma língua ágrafa, é um ato de ""imperialismo cultural"" ou um ato de amor e de respeito pela cultura do outro?",,
8.6,sword,Capítulo 17: Expansões comparadas,A alma de cada império (séc. XVI-XVIII),"As naus portuguesas rasgaram o mapa do mundo conhecido, mas não navegaram sozinhas por muito tempo. Outras nações europeias, impulsionadas por diferentes ambições e visões de mundo, seguiram o seu rasto, dando início à grande era das expansões marítimas. A narrativa moderna, na sua preguiça intelectual, tende a colocar todos estes impérios no mesmo saco, sob o rótulo simplista de ""colonialismo explorador"". Isto é uma mentira.

Cada império foi a manifestação da alma da nação que o gerou. As suas motivações, os seus métodos e as suas consequências foram radicalmente diferentes. Este capítulo final do nosso livro sobre as rupturas da modernidade vai comparar os três grandes modelos de expansão — português, espanhol e inglês — para que você entenda, por contraste, a singularidade da missão que deu origem ao Brasil.

Veremos como um tratado papal tentou dar uma ordem ao mundo, como diferentes teologias geraram diferentes formas de tratar os povos nativos e como, no fim, a história da fundação do Brasil é a história de um ideal que, com todos os seus pecados e as suas falhas, foi fundamentalmente diferente e mais nobre do que o dos seus rivais.",27,1,"expansão, império, comparação, Portugal, Espanha, Inglaterra, Tordesilhas, missão, métodos, heróis","Impérios do Mar: A Batalha Final pelo Mediterrâneo de Roger Crowley: Embora focado no conflito entre otomanos e espanhóis, o livro é uma aula sobre a mentalidade e os métodos do Império Espanhol no seu auge.

O Império Português, 1415-1825 de A. R. Disney: Uma história abrangente e equilibrada da expansão portuguesa, permitindo uma visão geral das suas diferentes fases e características.","A ideia de que diferentes nações têm diferentes ""almas"" ou ""vocações"" faz sentido para você, ou acredita que todas agem apenas por interesse econômico?

Um império pode ser ""melhor"" ou ""pior"" que outro, ou são todos moralmente equivalentes na sua violência e exploração?

O que a forma como uma nação trata os povos que conquista nos diz sobre o seu próprio caráter e os seus valores mais profundos?",,
8.6.1,book,O Tratado de Tordesilhas,A tentativa de ordenar o mundo (1494),"Imagine a situação no final do século XV. Duas superpotências católicas, Portugal e Espanha, estão na vanguarda da exploração de novas terras. Colombo, a serviço da Espanha, acaba de regressar da sua viagem, acreditando ter chegado às Índias pelo oeste. Os portugueses estão prestes a completar a sua rota para a Índia pelo leste, contornando a África. O potencial para um conflito sangrento entre as duas nações pela posse das novas terras era imenso.

Num mundo secular, a solução seria a guerra. Mas naquele tempo, ainda havia uma autoridade moral acima dos reis: o Papa. Foi ao Papa Alexandre VI que os monarcas de Portugal e da Espanha recorreram para arbitrar a disputa e evitar uma guerra fratricida entre os dois maiores reinos da Cristandade.

O resultado foi o Tratado de Tordesilhas, assinado em 1494. O tratado estabelecia uma linha de demarcação, um meridiano a 370 léguas a oeste das ilhas de Cabo Verde. As terras a oeste desta linha pertenceriam à Espanha; as terras a leste pertenceriam a Portugal.

A narrativa moderna ridiculariza este ato como a arrogância de um papa a ""dividir o mundo"". Que visão tacanha! O Tratado de Tordesilhas foi, na verdade, um dos maiores triunfos da diplomacia da história. Foi uma tentativa de impor uma ordem moral e legal à expansão, de substituir a lei do mais forte pela lei da arbitragem. Foi a demonstração de um mundo que ainda se via como uma unidade, a Cristandade, sob a autoridade espiritual do sucessor de São Pedro.

Este tratado, aliás, garantiu a posse do Brasil a Portugal antes mesmo da sua ""descoberta"" oficial em 1500. A linha passava pelo que hoje é o leste do Brasil. Isso reforça a tese de que os portugueses já tinham conhecimento da existência destas terras e negociaram o tratado com essa informação privilegiada. Longe de ser um acidente, o Brasil já estava no destino de Portugal, traçado pela pena da diplomacia e pela bênção da Igreja.",27,2,"Tordesilhas, tratado, Papa Alexandre VI, ordem, mundo, Portugal, Espanha, diplomacia, Cristandade","1494: Como uma Aventura nos Trópicos Mudou o Mundo de Stephen R. Bown: Um livro inteiramente dedicado ao Tratado de Tordesilhas e às suas vastas consequências geopolíticas.

História das Relações Internacionais de Henry Kissinger: Ajuda a contextualizar Tordesilhas como um dos primeiros grandes atos de diplomacia global, em contraste com o sistema de equilíbrio de poder que surgiria depois.","Imagine se, hoje, duas superpotências em disputa por um novo território (como o Ártico ou o espaço) recorressem a uma autoridade moral para arbitrar a paz. Isso parece possível? O que mudou?

O Tratado de Tordesilhas foi um ato de ""imperialismo"" ou um ato de ""pacificação""? Podem os dois conceitos coexistir?

O fato de o Brasil ter sido ""garantido"" a Portugal antes mesmo da chegada de Cabral muda a sua percepção sobre o ""acaso"" dos descobrimentos?",,
8.6.2,book,Espanhóis e ingleses,"Conquistadores, mercadores e o extermínio","Para entender a singularidade da missão portuguesa, é preciso compará-la com os seus principais rivais. Embora todas as expansões tenham envolvido violência, os seus métodos e as suas almas eram fundamentalmente diferentes.

O Modelo Espanhol: A Conquista Clássica
A expansão espanhola foi, em muitos aspetos, uma continuação direta da Reconquista em solo americano. Conquistadores como Hernán Cortés e Francisco Pizarro encontraram impérios centralizados e ricos (os Astecas e os Incas). A sua abordagem foi a da conquista militar clássica: decapitar a liderança, tomar a capital e substituir a antiga elite pela nova. Houve uma grande preocupação com a evangelização, mas a motivação pela busca de ouro e prata foi, muitas vezes, brutal e explícita. Houve miscigenação, sim, dando origem a uma vasta população mestiça, mas a relação entre o conquistador e o conquistado foi, desde o início, mais vertical e marcada pela subjugação de grandes impérios.

O Modelo Inglês: O Apartheid e o Extermínio
A expansão inglesa na América do Norte foi completamente diferente, e muito mais brutal. A sua motivação era dupla: o comércio (pelas companhias mercantis) e, crucialmente, a fuga religiosa de grupos protestantes radicais, como os Puritanos.

Estes grupos não se viam como missionários a converter almas, mas como um ""novo Israel"" a entrar numa ""terra prometida"". E, nesta visão de mundo, os habitantes locais, os indígenas, não eram futuros irmãos na fé; eram os ""cananeus"", os selvagens pagãos que ocupavam a terra que Deus lhes destinara. A consequência desta teologia foi um modelo de segregação e extermínio.

Não houve miscigenação: O casamento entre ingleses e indígenas era um tabu, visto como uma contaminação racial e religiosa.

A política era a da ""fronteira"": Os colonos não buscavam integrar as tribos, mas empurrá-las cada vez mais para o oeste, tomando as suas terras. Quando as tribos resistiam, a resposta era a guerra de extermínio, celebrada como uma vitória da civilização sobre a selvageria.

A história dos Estados Unidos, que a nossa cultura tanto admira, foi construída sobre um apartheid de facto e um genocídio sistemático que não encontra paralelo na América portuguesa ou espanhola. A famosa frase do General Sheridan no século XIX, ""índio bom é índio morto"", resume a alma deste modelo de expansão.",27,3,"espanhóis, ingleses, comparação, conquista, segregação, extermínio, Astecas, Incas, protestantismo, miscigenação","A Conquista da América: A Questão do Outro de Tzvetan Todorov: Uma análise filosófica do choque cultural entre espanhóis e indígenas, explorando as diferentes formas de perceber ""o outro"".

Império: Como a Grã-Bretanha Fez o Mundo Moderno de Niall Ferguson: Embora apologético, o livro é útil para entender a mentalidade mercantil e, por vezes, racialmente excludente do Império Britânico.","Qual a diferença fundamental entre a mentalidade de um conquistador espanhol, que subjuga um império, e a de um colono inglês, que empurra e extermina tribos nômades?

A ausência de miscigenação na colonização inglesa foi um fator que contribuiu para os problemas raciais que os Estados Unidos enfrentam até hoje?

Por que a história do extermínio dos indígenas na América do Norte é muitas vezes minimizada, enquanto os pecados dos impérios ibéricos são constantemente enfatizados pela narrativa progressista?",,
8.6.3,book,A missão portuguesa,A alma de uma nação em seus heróis navegantes,"E, por fim, voltamos a Portugal. O modelo português, como já vimos, foi distinto dos outros dois. Não foi primariamente uma conquista de grandes impérios como a espanhola, nem uma política de extermínio como a inglesa. Foi, em sua essência, uma missão. Uma tentativa, imperfeita e cheia de pecados, como todas as obras humanas, de realizar o ideal cruzado da evangelização e integração.

O que caracterizou o método português?

O Foco na Evangelização: A Coroa enviava, juntamente com os soldados e os administradores, os missionários. A obra dos jesuítas, como São José de Anchieta, é a prova disso. Eles não apenas batizavam; eles aprendiam as línguas nativas, escreviam gramáticas, fundavam escolas e aldeamentos (as ""missões"") onde os indígenas eram protegidos da escravidão e educados na fé e nos costumes europeus.

A Miscigenação como Política: Longe de ser um tabu, a mistura foi a grande força da expansão portuguesa, como notou Gilberto Freyre. Através de casamentos e alianças, os portugueses criaram uma nova sociedade, uma civilização nos trópicos que era, ao mesmo tempo, herdeira de Portugal e moldada pela sua nova terra e pelo seu novo povo.

A Elevação, não a Eliminação: A intenção oficial, expressa nas leis do Reino, era tratar o indígena como um futuro súdito, uma alma a ser salva. Figuras como Arariboia, o nobre cavaleiro da Ordem de Cristo, não são uma exceção que confirma a regra; são a prova do ideal que se buscava.

Os heróis navegantes – D. Henrique, Vasco da Gama, Cabral, Afonso de Albuquerque – não eram piratas como Francis Drake ou conquistadores obcecados por ouro como Pizarro. Eram homens de uma dualidade complexa: guerreiros implacáveis contra os inimigos da fé, mas também construtores de um império, movidos por uma visão que ia muito além da sua própria vida.

A história da expansão portuguesa é a história de um ideal grandioso a lutar constantemente contra as fraquezas e os pecados dos homens que o executavam. Mas é o ideal, a missão, que define a sua alma. E é desta alma, desta tentativa de construir uma nova Cristandade nos trópicos, que o Brasil nasceu.",27,4,"missão portuguesa, evangelização, miscigenação, integração, heróis, navegantes, Anchieta, jesuítas, civilização","Os Sete Mitos da Conquista Espanhola de Matthew Restall: Um livro que, ao desconstruir os mitos sobre os espanhóis, ajuda, por contraste, a entender melhor a singularidade do modelo português.

História da Companhia de Jesus no Brasil de Serafim Leite: A obra monumental que documenta, em detalhe, o trabalho civilizacional dos jesuítas, a mais pura expressão da ""missão portuguesa"".","A intenção por trás de uma ação importa, mesmo que os resultados sejam imperfeitos? É diferente um império que peca contra os seus próprios ideais de um império que não tem ideal nenhum, para além do lucro e do poder?

O que a diferença na composição étnica do Brasil e dos Estados Unidos hoje nos diz sobre os diferentes ""modelos"" de colonização?

O trabalho de um missionário como Anchieta, que cria uma gramática para uma língua ágrafa, é um ato de ""imperialismo cultural"" ou um ato de amor e de respeito pela cultura do outro?",,
9,templar_shield,Livro 4: Brasil,De Império a intenções atuais (séc. XVIII-XXI),"Chegamos ao livro final e mais importante da nossa jornada. Após viajarmos pela ascensão e queda de Roma, pela forja da Cristandade na Idade Média e pelas rupturas filosóficas que deram origem à modernidade, voltamos o nosso olhar para casa. Toda a história que contamos até agora foi o prólogo para esta: a saga do Brasil.

Neste livro, vamos aplicar todas as ferramentas que aprendemos para desconstruir as mentiras e resgatar a verdade sobre a nossa própria nação. Vamos solidificar a tese do Brasil como Império e não-colônia; vamos expor a anatomia dos golpes que desviaram o nosso destino; e vamos diagnosticar as raízes da degradação moderna, visível na arquitetura de Brasília, na crise das nossas universidades e nos casos de corrupção e manipulação que definem a nossa era.

Esta não é apenas uma aula de história. É um ato de recuperação da memória, uma jornada para entender quem somos, o que perdemos e o que ainda podemos ser. É a batalha final pelo seu castelo de ideias, a reconquista do seu próprio país.",28,1,"Brasil, Império, República, golpes, degradação, identidade, nação, história, verdade","O Brasil no Contexto 1789-1889, organizado por Maria de Fátima Silva Gouvêa: Uma coletânea de ensaios que ajuda a situar a história do Império do Brasil no panorama político e intelectual do século XIX.

A Alma do Brasil de João Camilo de Oliveira Torres: Uma obra clássica que busca definir a identidade brasileira através das suas raízes históricas, culturais e religiosas.","A história do Brasil que você aprendeu na escola foca mais nos ""problemas"" (escravidão, exploração) ou nas ""soluções"" e nos ""feitos heroicos"" (abolição, construção de uma nação continental)?

A ideia do Brasil como uma ""não-colônia"" muda a sua percepção sobre a nossa relação com Portugal e com o nosso próprio passado?

Se a degradação moderna tem raízes históricas, o resgate da nossa história pode ser o início da cura?",,
9.1,book,Capítulo 18: Brasil unido,Mártires e jesuítas (séc. XVI-XVIII),"A unidade de um país continental como o Brasil não é um acidente geográfico. Ela foi construída. E, nos seus primeiros e mais frágeis séculos, esta unidade foi cimentada com dois materiais: o sangue dos mártires e o suor civilizador dos jesuítas.

Enquanto a narrativa moderna foca apenas na exploração econômica, ela convenientemente esquece que o Brasil nasceu e sobreviveu sob a ameaça constante de inimigos externos, que cobiçavam as suas terras e tentavam impor as suas próprias visões de mundo. A luta para manter o Brasil unido e católico foi uma batalha travada em duas frentes: a espiritual e a territorial.

Neste capítulo, vamos resgatar as histórias esquecidas dos homens cujo sacrifício protegeu a alma e o corpo da nossa nação. Veremos como o sangue dos primeiros mártires regou a semente da fé no nosso solo, como a obra incansável dos jesuítas construiu uma sociedade ordenada no meio da selva, e como a coragem de soldados anônimos garantiu as nossas fronteiras na vastidão da Amazônia. Esta é a história do alicerce de sangue e fé sobre o qual o Império do Brasil seria erguido.",28,2,"mártires, jesuítas, Brasil, unidade, fé, sacrifício, missão, fronteira, soberania","História da Companhia de Jesus no Brasil (10 volumes) de Serafim Leite: A obra mais monumental e detalhada sobre o trabalho dos jesuítas, um tesouro de informações sobre a formação da nossa cultura.

O Conceito Zero: Uma Trama Internacional para a Independência da Amazônia de A. J. Barros: Embora focado em tempos modernos, o livro resgata a importância histórica da defesa das nossas fronteiras amazônicas.","A ideia de ""morrer pela fé"" (martírio) parece-lhe um ato de fanatismo ou o supremo testemunho de uma convicção?

Por que a obra dos jesuítas, que educaram e protegeram os indígenas, é muitas vezes ignorada ou minimizada pela história oficial?

A defesa das fronteiras é apenas uma questão militar ou é também uma questão de soberania cultural e de identidade?",,
9.1.1,book,O sangue dos protomártires,A primeira missa e o primeiro martírio (1550),"Imagine a cena. É o ano de 1554. Nas águas da Baía de Guanabara, uma expedição de huguenotes (calvinistas franceses), liderada por Nicolas de Villegagnon, estabelece uma colônia, a ""França Antártica"". Eles não vêm para comerciar, mas para criar uma base para a pirataria e para estabelecer um refúgio protestante no Novo Mundo. A soberania portuguesa e a unidade da fé católica no Brasil estão sob ameaça.

Neste mesmo período, a semente da fé, plantada na primeira missa de Cabral, já começava a dar os seus primeiros frutos e a exigir os seus primeiros sacrifícios. A história dos Protomártires do Brasil é o testemunho sangrento desta primeira batalha pela alma da nação.

A história mais conhecida é a do Padre Pedro Correia e do Irmão João de Sousa. Em 1554, enquanto viajavam pela costa do que hoje é o Espírito Santo, a sua pequena embarcação foi atacada por índios carijós, incitados por corsários franceses. Eles não foram mortos rapidamente. Foram capturados, torturados e martirizados por ódio à sua fé. O seu crime, aos olhos dos seus algozes, era serem os portadores do Evangelho, os representantes da ordem portuguesa e católica.

Estes não foram os únicos. Antes deles, em 1549, na Paraíba, o Padre João de Azpilcueta Navarro, um dos primeiros jesuítas a chegar ao Brasil, foi flechado e morto por índios potiguares, também aliados dos franceses.

O sangue destes primeiros mártires, derramado no início da nossa história, não foi em vão. Na cosmovisão cristã, ""o sangue dos mártires é a semente de novos cristãos"". O seu sacrifício consagrou o solo brasileiro, marcando-o indelevelmente com o selo da fé católica. Enquanto a narrativa moderna tenta pintar a nossa história como uma sucessão de crimes cometidos por vilões, ela apaga a memória dos heróis que deram a vida para que esta nação pudesse nascer e permanecer unida sob a Cruz.",28,3,"Protomártires, Pero Correia, João de Sousa, jesuítas, martírio, calvinistas, sacrifício, fé, Corsários","Pesquisar sobre a Causa de Beatificação dos Protomártires do Brasil: O processo em andamento no Vaticano reuniu uma vasta documentação histórica sobre estes primeiros mártires.

História da Igreja no Brasil de Hoornaert, Riolando e outros: Oferece o contexto das primeiras missões e dos primeiros conflitos religiosos no Brasil.","Pesquisar sobre a Causa de Beatificação dos Protomártires do Brasil: O processo em andamento no Vaticano reuniu uma vasta documentação histórica sobre estes primeiros mártires.

História da Igreja no Brasil de Hoornaert, Riolando e outros: Oferece o contexto das primeiras missões e dos primeiros conflitos religiosos no Brasil.",,
9.1.2,book,A civilização na selva,A obra das missões jesuíticas,"Para ter um vislumbre vívido e inspirador da obra civilizadora dos jesuítas no Brasil, poucas coisas são mais poderosas do que o filme de 1986, ""A Missão"". Embora se passe na fronteira com o Paraguai, ele retrata perfeitamente a realidade das ""reduções"" jesuíticas que existiram por todo o Brasil.

O que eram as reduções? Eram cidades utópicas, construídas no coração da selva. Eram a materialização do ideal de São Tomás de Aquino e de Santo Agostinho: a criação de uma sociedade ordenada para o bem comum e para a glória de Deus.

Ordem e Beleza: Os jesuítas ensinavam aos índios não apenas o catecismo, mas também a arquitetura, a agricultura, a metalurgia e, de forma sublime, a música. As missões tornaram-se centros de produção de arte barroca e de música polifônica que rivalizavam com as da Europa. A beleza, como diria Scruton, era a ferramenta de evangelização.

Proteção e Prosperidade: Dentro das missões, os indígenas estavam protegidos da escravidão praticada por colonos gananciosos. Eles viviam numa comunidade organizada, com trabalho, educação, hospitais e uma prosperidade econômica baseada na produção coletiva e no comércio.

Defesa Armada: As missões não eram comunidades pacifistas e ingênuas. Treinadas pelos padres, as milícias guaranis tornaram-se uma das forças militares mais eficazes da América do Sul, defendendo as fronteiras do Império Português contra invasores espanhóis e caçadores de escravos.

""A Missão"" retrata o fim trágico desta experiência. As missões foram destruídas não por serem um fracasso, mas por serem um sucesso. A sua prosperidade e a sua defesa intransigente da liberdade dos indígenas despertaram a cobiça de colonos e a desconfiança dos Estados. A sua destruição, impulsionada pelas políticas anticlericais do Marquês de Pombal, que expulsou os jesuítas em 1759, foi uma das maiores tragédias da nossa história.

A obra dos jesuítas prova que a intenção da Coroa Portuguesa não era o extermínio, mas a integração. As ruínas das missões, hoje Patrimônio da Humanidade, são o testemunho silencioso de uma utopia possível, de uma tentativa de construir uma verdadeira Cidade de Deus na Terra, uma tentativa que foi sabotada pela ganância e pela tirania.",28,4,"A Missão, jesuítas, missões, reduções, civilização, ordem, música, arquitetura, Pombal, utopia","A Missão (Filme, 1986): Assista ao filme com este novo olhar. Preste atenção à trilha sonora de Ennio Morricone, que capta a beleza e a tragédia da experiência jesuítica.

A Outra Margem do Ocidente de Alfredo Bosi: Um ensaio profundo sobre o encontro cultural no Brasil colonial, com uma análise sensível da obra dos jesuítas.","O modelo das missões jesuíticas, que combinava evangelização, proteção, desenvolvimento econômico e defesa armada, pode nos ensinar algo sobre como lidar com os problemas sociais de hoje?

Por que o Marquês de Pombal, um suposto ""iluminista"" e ""modernizador"", sentiu a necessidade de destruir uma das experiências sociais mais bem-sucedidas da história brasileira?

A beleza da música e da arquitetura pode ser uma ferramenta de ""civilização"" mais poderosa do que a força das armas?",,
9.1.3,book,Os fortes amazônicos,As sentinelas de pedra que garantiram a nossa soberania,"Enquanto os jesuítas defendiam a fronteira espiritual do Brasil, outros homens, com igual sacrifício, defendiam a sua fronteira física. A imensidão da Amazônia, com os seus rios gigantescos e a sua floresta impenetrável, era cobiçada por todas as potências europeias: franceses, holandeses, ingleses. A linha imaginária do Tratado de Tordesilhas era inútil numa terra sem marcos. A única lei era a da ocupação.

A resposta de Portugal a este desafio foi uma das maiores proezas de engenharia e de determinação militar da era colonial: a construção de uma linha de fortes amazônicos.

Imagine o esforço sobre-humano. No meio de uma selva hostil, com um calor úmido insuportável, nuvens de insetos, doenças tropicais e ataques de tribos hostis, engenheiros e soldados portugueses, junto com os seus aliados indígenas, ergueram fortalezas de pedra em pontos estratégicos, nas margens dos grandes rios.

O Forte do Presépio, em Belém (1616), que deu origem à cidade e garantiu a foz do Amazonas.

A Fortaleza de São José de Macapá (1764), uma das maiores e mais impressionantes fortalezas do Brasil.

O Real Forte Príncipe da Beira, no coração de Rondônia, uma estrutura colossal perdida na imensidão da floresta.

Estes fortes não eram apenas bases militares. Eram núcleos de civilização, pontos de apoio para a exploração, o comércio e a missionação. Foram erguidos a um custo imenso de vidas e de recursos, não por ganância, mas por um profundo sentido de soberania. A Coroa Portuguesa entendia que a Amazônia era a chave para o futuro do Brasil e estava determinada a defendê-la a qualquer preço.

A narrativa moderna ignora este esforço heroico. Mas, como nos alerta a obra ""O Conceito Zero"" de A. J. Barros, a cobiça internacional pela Amazônia nunca desapareceu; ela apenas mudou de forma. Hoje, ela veste-se com o disfarce de ONGs ambientalistas e de ""preocupações humanitárias"" com os povos indígenas, mas o objetivo é o mesmo: relativizar a soberania brasileira sobre a região.

As ruínas destas sentinelas de pedra, hoje engolidas pela floresta, são um lembrete silencioso de que a unidade e a imensidão do Brasil não foram um presente do destino, mas o resultado do sangue, do suor e da visão estratégica de homens que, há séculos, lutaram para proteger a nossa herança.",28,5,"fortes, Amazônia, fronteira, soberania, Portugal, sacrifício, engenharia, defesa, cobiça, O Conceito Zero","O Conceito Zero: Uma Trama Internacional para a Independência da Amazônia de A. J. Barros: Essencial para conectar a defesa histórica da Amazônia com as ameaças geopolíticas de hoje.

As Muralhas dos Sertões de Olavo de Holanda: Um estudo sobre as fortificações no Brasil colonial, mostrando a sua importância estratégica e a sua arquitetura.","O esforço para construir os fortes amazônicos foi um ato de ""agressão imperialista"" ou de ""defesa da soberania""?

A cobiça internacional pela Amazônia diminuiu ou aumentou desde o século XVIII? Quais são as ""armas"" usadas hoje para tentar controlá-la?

A preservação destes fortes históricos e o ensino da sua história nas escolas seriam importantes para fortalecer o nosso senso de soberania nacional hoje?",,
9.2,bible,Capítulo 19: Império e heróis,A era dos atos virtuosos (séc. XVIII-XIX),"Após séculos a forjar a sua unidade com o sangue dos mártires, o suor dos jesuítas e a coragem dos seus soldados, o Brasil finalmente atinge a sua maioridade. O período do Império, especialmente o Segundo Reinado, não foi uma continuação da ""exploração colonial"", como a narrativa marxista insiste em pintar. Foi a era de ouro da nossa civilização, o momento em que, sob a égide de uma monarquia estável e virtuosa, o Brasil produziu heróis de uma estatura que a República jamais conseguiria igualar.

Este capítulo é sobre estes heróis e os seus atos virtuosos. Veremos como a fé de uma princesa superou os interesses econômicos mais poderosos do seu tempo; como a genialidade de um empreendedor construiu as bases de um Brasil moderno; e como a soberania, defendida com bravura, permitiu que esta nação florescesse.

Faremos também um contraste fundamental com a fundação dos Estados Unidos. Enquanto os Founding Fathers eram, em grande parte, filhos do Iluminismo, baseando a sua nação em princípios seculares e na desconfiança do poder, os nossos heróis imperiais agiam a partir de uma cosmovisão católica, baseada no dever, na caridade e na busca do bem comum. Entender esta diferença é entender as duas almas distintas das Américas.",29,1,"Império, heróis, virtude, Isabel, Mauá, abolição, indústria, soberania, Brasil","Raízes do Brasil de Sérgio Buarque de Holanda: Embora com uma visão por vezes crítica, a sua análise do ""homem cordial"" e da herança personalista portuguesa é fundamental para entender a psicologia social do Império.

O Império do Brasil de José Murilo de Carvalho: Uma das obras de referência para compreender a estrutura política, social e econômica do período imperial.","Uma nação é definida mais pelos seus sistemas e leis ou pelos heróis e exemplos de virtude que ela produz?

Por que a história que nos é contada na escola raramente foca nos grandes empreendedores, santos ou estadistas do Império? Que tipo de ""herói"" ela prefere celebrar?

Qual a diferença entre um ""pai fundador"" (como nos EUA) e um ""pai da nação"" (como Dom Pedro II)? O que estas expressões revelam sobre as suas respetivas visões de poder?",,
9.2.1,book,A defesa contra os ataques calvinistas,A batalha pela alma do Rio de Janeiro,"Antes que o Brasil pudesse florescer, ele precisou de lutar pela sua alma. Como vimos, a primeira grande ameaça à unidade da fé no Brasil não veio de dentro, mas de fora. Em 1555, uma expedição de huguenotes (calvinistas franceses), liderada por Nicolas de Villegagnon, estabeleceu uma colônia na Baía de Guanabara, a França Antártica.

Isto não era uma simples feitoria comercial. Era a tentativa de estabelecer uma base permanente, um refúgio protestante no Novo Mundo e uma ponta de lança para a pirataria contra as frotas portuguesas. Eles aliaram-se a tribos hostis, como os tamoios, e ameaçaram dividir o Brasil ao meio.

A resposta portuguesa foi uma verdadeira cruzada. Mem de Sá, o governador-geral, enviou o seu sobrinho, Estácio de Sá, para expulsar os invasores. O que se seguiu foi uma guerra longa e brutal, travada em meio às ilhas e aos morros do Rio de Janeiro.

E aqui, a mentira do ""genocídio indígena"" desmorona-se completamente. Quem foi o herói decisivo na expulsão dos franceses? Um chefe indígena, Arariboia. Convertido ao catolicismo e aliado fiel dos portugueses, ele liderou os seus guerreiros temiminós numa batalha naval de canoas que foi crucial para a vitória. Ele lutou não contra os europeus, mas ao lado dos portugueses católicos, contra os franceses calvinistas e os seus aliados tamoios.

Imagine a cena final da batalha, em 1567. Estácio de Sá é mortalmente ferido por uma flecha. Arariboia, vendo o seu líder e amigo cair, lança-se com fúria redobrada sobre o inimigo, garantindo a vitória. Após a expulsão, Arariboia não foi descartado. Ele foi elevado à nobreza, recebeu a comenda da Ordem de Cristo e as terras do outro lado da baía, onde fundou a cidade de Niterói.

A fundação do Rio de Janeiro, portanto, não foi um ato de conquista de portugueses contra índios. Foi a vitória de uma aliança luso-indígena católica contra uma invasão franco-indígena protestante. Foi a batalha que garantiu que o coração do Brasil permaneceria unido na fé que o fundou.",29,2,"ataques calvinistas, França Antártica, Villegagnon, Arariboia, Estácio de Sá, Rio de Janeiro, catolicismo, soberania","História da Cidade do Rio de Janeiro de Paulo Berger: Uma obra detalhada sobre a fundação e o desenvolvimento da cidade, com ênfase nos primeiros conflitos.

As Incríveis Aventuras e Estranhos Infortúnios de Anthony Knivet, relato de um corsário inglês que viveu no Brasil no final do século XVI, oferecendo uma visão externa sobre os conflitos da época.","A história de Arariboia, um herói indígena que lutou pelo Brasil católico, desafia a narrativa de ""resistência indígena contra o colonizador europeu""?

Se os franceses calvinistas tivessem vencido, como seria o Rio de Janeiro e o Brasil hoje? Teríamos a estátua do Cristo Redentor no Corcovado?

A defesa da unidade religiosa era vista como um imperativo para a defesa da unidade territorial. Esta ideia ainda faz sentido hoje?",,
9.2.2,book,"Isabel, a Redentora",A abolição como um ato de fé e sacrifício,"A escravidão foi, sem dúvida, o grande flagelo da história brasileira. Mas a narrativa que lhe contaram sobre a sua abolição é, novamente, uma mentira por omissão. A abolição não foi um mero ato político, nem o resultado de pressões econômicas inglesas. Foi, na sua essência, um ato de fé, a culminação de um conflito ideológico entre a moral católica e os interesses econômicos defendidos pela maçonaria.

A protagonista deste drama foi a Princesa Isabel. Ela não era uma liberal influenciada por ideias iluministas. Pelo contrário, era uma católica devota, uma ultramontana, ou seja, uma fiel convicta da autoridade do Papa em Roma. A sua fé não era um detalhe privado; era o motor da sua vida pública. E a Igreja, como vimos, condenava a escravidão há séculos.

A luta de Isabel foi travada em múltiplas frentes:

Contra as Forças Econômicas: A elite cafeicultora, base de sustentação econômica do Império, era ferozmente contra a abolição sem indenização, que representaria a sua ruína financeira.

Contra as Forças Ideológicas: A maçonaria, infiltrada no Exército e nas elites, via a escravidão como uma questão de ""direito de propriedade"" e a Igreja como uma inimiga do seu projeto de um estado laico e liberal.

Com Atos Pessoais: Isabel não esperou pela lei. Ela usava os seus próprios fundos para alforriar escravos. Escandalizava a elite escravocrata ao dançar abertamente com engenheiros negros, como André Rebouças, nos bailes da corte, e ao apoiar as irmandades católicas que integravam os negros na sociedade.

Quando ela assinou a Lei Áurea, a 13 de maio de 1888, ela sabia perfeitamente o que estava a fazer. A famosa troca de palavras com o Barão de Cotegipe, um representante da elite agrária, não é lenda. Ao vê-la radiante com a alegria do povo, ele disse-lhe, sombrio: ""Majestade, a senhora libertou uma raça, mas perdeu o trono."" A sua resposta serena foi: ""Se mil tronos eu tivesse, mil tronos eu daria para libertar os escravos do Brasil.""

Ela sacrificou o seu império por uma convicção moral nascida da sua fé. O Papa Leão XIII, em reconhecimento, enviou-lhe a Rosa de Ouro, a mais alta honraria papal para uma mulher. E José do Patrocínio, um ex-republicano negro, ao vê-la após a assinatura, ajoelhou-se, beijou-lhe a mão e deu-lhe o título que a história oficial tenta apagar: a ""Redentora"".",29,3,"Princesa Isabel, Lei Áurea, abolição, escravidão, fé católica, ultramontanismo, maçonaria, sacrifício, Redentora","Princesa Isabel, a Redentora de R. Magalhães Júnior: Uma biografia que destaca o papel central e a motivação da princesa no processo abolicionista.

O Abolicionismo de Joaquim Nabuco: Nabuco, um monarquista e abolicionista, descreve com clareza o ambiente político da época e o conflito entre os ideais morais e os interesses econômicos.","A narrativa ""woke"" moderna, ao rotular Isabel de ""branca salvadora"", apaga a agência e a fé da princesa. A quem serve esta desconstrução da heroína da abolição?

O que o ato de Isabel nos ensina sobre a verdadeira natureza da liderança? É sobre manter o poder a qualquer custo ou sobre fazer o que é certo, mesmo que isso custe o poder?

A luta de Isabel contra as ""forças econômicas"" encontra paralelos hoje, em debates onde os interesses de grandes corporações se chocam com o bem comum ou com princípios morais?",,
9.2.3,book,O Visconde de Mauá,O surto industrialista em pleno Império,"A outra grande mentira sobre o Império é a de que foi um período ""atrasado"", agrário e avesso ao progresso. Esta caricatura serve para justificar a República como um passo ""modernizador"". A vida e a obra de um homem desmentem categoricamente esta farsa: Irineu Evangelista de Sousa, o Visconde de Mauá.

Mauá foi o maior empreendedor da história do Brasil. Nascido numa família modesta no Rio Grande do Sul, ele construiu um império industrial e financeiro numa escala que faria inveja aos capitalistas americanos da sua época, os ""robber barons"". E ele fê-lo sob a égide e, muitas vezes, com o apoio do Império de Dom Pedro II, um monarca fascinado pela ciência e pela tecnologia.

A lista das suas realizações é espantosa:

Ferrovias: Construiu a primeira ferrovia do Brasil, ligando o porto do Rio de Janeiro a Petrópolis.

Navegação a Vapor: Criou a Companhia de Navegação a Vapor do Amazonas, conectando a vasta região.

Indústria: Fundou o primeiro grande estaleiro do país, em Niterói, tornando o Brasil uma potência na construção naval.

Finanças: Criou o Banco Mauá, o segundo banco do Brasil, que financiou inúmeros empreendimentos.

Inovação: Foi pioneiro na iluminação a gás do Rio de Janeiro e instalou o primeiro cabo telegráfico submarino ligando o Brasil à Europa.

Mauá era um liberal econômico, um defensor do livre mercado numa sociedade ainda muito agrária e escravocrata. Ele enfrentou a oposição feroz da elite cafeicultora, que via a sua visão industrialista como uma ameaça ao seu poder. Mas ele prosperou porque o ambiente do Segundo Reinado, com a sua estabilidade jurídica, a sua moeda forte e o seu respeito pela propriedade, permitia que homens de gênio florescessem.

A sua história prova que o Império não era inimigo do progresso. Pelo contrário, foi o período em que o Brasil teve a sua mais genuína e vibrante explosão de capitalismo e de inovação, liderada não pelo Estado, mas pela coragem e pela visão de heróis da iniciativa privada. A sua eventual falência, em grande parte causada pela sabotagem dos seus inimigos políticos, foi um prenúncio do que a República faria em escala nacional: sacrificar o progresso industrial no altar dos interesses oligárquicos.

",29,4,"Visconde de Mauá, industrialização, empreendedorismo, liberalismo, Império, progresso, ferrovias, inovação","Mauá: Empresário do Império de Jorge Caldeira: A biografia definitiva, que resgata a figura de Mauá como um dos maiores capitalistas do século XIX em escala mundial.

História Econômica do Brasil de Caio Prado Jr.: Embora de um autor marxista, a sua análise das estruturas econômicas do Império é útil para entender o ambiente em que Mauá atuou e os obstáculos que enfrentou.","A história de Mauá, um homem que ""se fez a si mesmo"", contradiz a ideia de que o Império era uma sociedade ""estagnada"" e ""aristocrática""?

Por que a elite agrária, que dependia da exportação, era inimiga da industrialização do Brasil?

Compare a figura de Mauá com a dos grandes empresários brasileiros de hoje. A relação entre a iniciativa privada e o poder do Estado mudou? Para melhor ou para pior?",,
9.3,chevron,Capítulo 20: Instituições imperiais,Construindo uma civilização nos trópicos (séc. XIX),"Uma nação não é apenas um povo ou um território. É, acima de tudo, o conjunto das instituições que dão forma, ordem, memória e propósito a esse povo nesse território. Enquanto a narrativa revisionista insiste em pintar o Brasil Imperial como uma mera fazenda extrativista, a realidade, gravada em pedra, papel e na alma das nossas cidades, conta uma história radicalmente diferente.

Este capítulo explora a febre construtiva do Império. Veremos como os nossos monarcas, especialmente a partir da chegada de Dom João VI, não estavam a administrar uma colônia, mas a construir uma civilização. Eles não ergueram apenas edifícios; eles fundaram os pilares de um Estado moderno e de uma alta cultura que visava ser um ""espelho da Europa"" nos trópicos.

Esta é a lição da ordem. A estabilidade da monarquia permitiu a criação de instituições duradouras que unificaram o país e lhe deram a base para se tornar uma potência. Ao analisar estas criações, a tese da ""não-colônia"" deixará de ser uma teoria e se tornará uma evidência inegável.",30,1,"instituições, Império, civilização, ordem, Banco do Brasil, Colégio Pedro II, teatro, cultura, não-colônia","Citizen Emperor: Pedro II and the Making of Brazil, 1825-1891 de Roderick J. Barman: Uma biografia que detalha o papel central de Dom Pedro II na consolidação das instituições políticas e culturais do Brasil.

The Dawn of the Brasilian Empire de Neill Macaulay: Focado no período de Dom Pedro I, mostra o esforço inicial para criar as instituições de um novo império independente.","Quais são as instituições mais importantes que sustentam uma nação? São apenas as políticas (governo, leis) ou também as culturais (escolas, teatros, museus)?

A ideia de ser um ""espelho da Europa"" era um sinal de submissão cultural ou uma ambição de pertencer e de ombrear com as grandes civilizações do Ocidente?

As instituições que temos hoje no Brasil ainda cumprem a sua missão original ou foram capturadas por interesses ideológicos e de grupos?",,
9.3.1,book,"Bancos, teatros e bibliotecas",Os pilares da vida econômica e cultural,"Imagine o Rio de Janeiro em 1807: uma cidade portuária bonita, mas provincial. Agora, imagine essa mesma cidade em 1821: a capital de um império tricontinental, sede do poder de Portugal, do Brasil e do Algarve. O que aconteceu neste intervalo? A chegada de Dom João VI e a sua decisão de transformar a cidade no coração de uma civilização.

A sua primeira ação, em 1808, foi fundar o Banco do Brasil. Isto não é um detalhe. Foi a criação da primeira instituição financeira do país, um ato que estabilizou a economia, financiou o comércio e permitiu o desenvolvimento que se seguiria. Colônias de exploração não têm bancos centrais; elas têm feitorias para enviar a riqueza para fora.

Mas a visão do Império ia muito além da economia. O objetivo era criar uma alta cultura.

Bibliotecas e Museus: Dom João VI não fugiu de Napoleão de mãos a abanar. Ele trouxe consigo o Tesouro Real e a Biblioteca Real, com mais de 60.000 volumes, o embrião da nossa Biblioteca Nacional, uma das dez maiores do mundo. Mais tarde, Dom Pedro II, um intelectual apaixonado, fundaria o Museu Nacional, o centro da produção científica do país.

Teatros: O investimento em teatros era a prova da ambição cultural. Pense no Theatro Municipal do Rio de Janeiro, inspirado na Ópera de Paris, um templo da alta cultura no coração da capital. E, de forma ainda mais espantosa, pense no Teatro Amazonas, em Manaus. No auge do ciclo da borracha, no coração da selva, a elite local não construiu apenas um armazém; construiu um dos teatros de ópera mais luxuosos do mundo, para receber companhias europeias.

Esta era a mentalidade: onde quer que a civilização luso-brasileira chegasse, ela não levava apenas a exploração, mas também a fé, a ordem e a alta cultura. A construção de um teatro de ópera na Amazônia é um ato inexplicável para a narrativa marxista da exploração, mas perfeitamente lógico para uma civilização que se via com uma missão.",30,2,"Banco do Brasil, Theatro Municipal, Teatro Amazonas, Biblioteca Nacional, Museu Nacional, cultura, economia, civilização","Uma História da Biblioteca Nacional de Eliane Vasconcellos: Narra a saga da Biblioteca Real, desde a sua fuga de Lisboa até se tornar a grande instituição que é hoje.

Fitzcarraldo (Filme de Werner Herzog, 1982): Embora seja uma ficção sobre a construção de um teatro de ópera no Peru, capta perfeitamente a obsessão e a ambição quase louca da época de levar a alta cultura europeia para o coração da selva sul-americana.","Qual a importância de um Banco Central forte e de uma moeda estável para a soberania de uma nação?

O que a construção de um teatro como o de Manaus, em vez de, por exemplo, um hospital maior, nos diz sobre as prioridades e os valores da elite daquela época?

O incêndio do Museu Nacional foi a perda de um ""prédio velho"" ou a queima de um dos pilares da nossa identidade institucional?",,
9.3.2,book,O Imperial Colégio Pedro II,A forja da elite intelectual do Império,"Uma civilização não se sustenta apenas com economia e cultura; ela precisa de uma elite dirigente bem formada. E o Império, ao contrário da República que se seguiria, entendia que uma elite não se faz com base no dinheiro ou no berço, mas no caráter e no intelecto. A joia da coroa deste projeto foi o Imperial Colégio de Pedro II.

Fundado em 1837, o Colégio Pedro II não era uma escola qualquer. Era a instituição-modelo do Império, projetada para formar os futuros estadistas, diplomatas, magistrados e intelectuais do Brasil. O seu currículo não era o mingau utilitarista e ideológico que vemos hoje. Era um resgate do ideal da educação clássica, do Trivium e do Quadrivium que vimos nos livros anteriores.

Imagine um jovem a estudar no Pedro II no século XIX. Ele não aprendia apenas português e matemática. Ele aprendia latim, grego, francês, inglês, filosofia, retórica, história e ciências. O objetivo não era ""preparar para o mercado de trabalho"", mas formar a inteligência e o caráter. Era ensinar o aluno a pensar com lógica, a se expressar com clareza, a entender as raízes da sua civilização e a assumir responsabilidades.

O Colégio Pedro II era a antítese do projeto de Paulo Freire.

Onde Freire propõe rebaixar o conhecimento ao ""universo vocabular"" do aluno, o Colégio Pedro II elevava o aluno à alta cultura universal.

Onde Freire via a educação como ferramenta para a ""conscientização"" revolucionária, o Império via a educação como ferramenta para a formação de homens de Estado e de ordem.

Onde a pedagogia de Freire cria o militante que repete slogans, a educação clássica criava o intelectual capaz de um pensamento independente.

O Colégio era o coração da meritocracia imperial, formando uma elite do saber que, em grande parte, administrou o país com uma competência que a República raramente alcançou. Era a prova de que o Império não apenas importava cultura, mas tinha um projeto para a criar e perpetuar aqui.",30,3,"Colégio Pedro II, educação, elite, Trivium, Quadrivium, Império, Paulo Freire, mérito, caráter","História do Colégio Pedro II de José Marques da Cruz: Uma obra que documenta a trajetória da instituição, os seus currículos e os seus alunos ilustres.

A Mente Bem Treinada de Susan Wise Bauer: Um guia moderno que explica os princípios da educação clássica (Trivium/Quadrivium) que inspiraram instituições como o Colégio Pedro II.","Qual é o objetivo da educação: formar um cidadão com uma cultura ampla e um caráter sólido, ou formar um profissional para uma função específica no mercado?

Compare o currículo do Colégio Pedro II com a grade curricular do ensino médio que você cursou. O que foi ganho e o que foi perdido?

Uma nação pode sobreviver sem uma verdadeira elite intelectual e moral? O que acontece quando a ""elite"" é formada por celebridades de redes sociais e por políticos semi-analfabetos?",,
9.3.3,book,Nada de Colônia,A prova institucional da realeza do Brasil,"Chegamos agora à conclusão lógica, à prova irrefutável que desmascara a narrativa do ""Brasil colônia"". Coloque todas as peças que vimos neste capítulo sobre a mesa. Uma nação que funda um Banco Central, que transfere a sua Biblioteca Real com 60.000 volumes de caravelas (procura na Internet a réplica real de uma Caravela no parque Taquaral em Campinas para entender como foram sensacionais os esforços), que constrói teatros de ópera na Amazônia, que cria uma escola de elite para formar os seus próprios estadistas, que se torna a capital de um império tricontinental... esta nação é uma ""colônia de exploração""?

A pergunta é retórica. A resposta é um claro e sonoro não.

Uma colônia de exploração, no sentido que a propaganda marxista usa, é uma feitoria. Constrói-se nela o mínimo necessário para extrair a sua riqueza e enviá-la para a metrópole. Constrói-se um porto, uma mina, uma casa para o feitor. Não se constrói uma civilização.

Os belgas no Congo não construíram uma universidade; eles cortaram as mãos dos nativos.

Os ingleses na Índia não transferiram a Família Real para Deli; eles governaram à distância.

O que Portugal fez no Brasil foi o exato oposto. Desde o início, a intenção, expressa nas leis e nos atos, foi a de criar uma extensão do Reino no ultramar. O Brasil não era uma possessão; era Portugal do outro lado do Atlântico. A elevação a Reino Unido em 1815 e a sua transformação em Império independente em 1822 não foram rupturas, mas a consequência natural de um processo de séculos. O Brasil já era, de fato, o centro e o coração do mundo lusófono.

As instituições que o Império construiu são a prova material e inegável desta verdade. Elas não são as cicatrizes da exploração, mas os monumentos de um projeto civilizacional grandioso, um projeto que via o Brasil não como uma fazenda a ser explorada, mas como o herdeiro de uma missão e o berço de uma nova e grande potência mundial. Entender isto é o primeiro passo para resgatar a nossa autoestima e a nossa verdadeira identidade",30,4,"não-colônia, colônia, império, Reino Unido, instituição, prova, civilização, soberania, centro, Rio de Janeiro","O Império do Brasil de José Murilo de Carvalho: A obra oferece uma visão panorâmica da estrutura do Estado imperial, deixando clara a sua complexidade e a sua autonomia.

The Founders: A História da Geração que Criou os Estados Unidos de Ron Chernow: Ler sobre a construção das instituições americanas e compará-las com as brasileiras, como fez Dom Pedro II, é um exercício fascinante para entender as diferentes vocações das duas nações.","Após esta lição, a palavra ""colônia"" ainda parece adequada para descrever o Brasil antes de 1822? Que palavra seria mais precisa?

Se o Brasil nunca foi uma ""colônia"" no sentido pejorativo, por que esta narrativa é tão insistente e poderosa na nossa cultura e educação? A quem serve esta visão?

Saber que você é o herdeiro de um império, e não de uma mera colônia, muda a forma como você se vê como brasileiro e como vê o futuro do nosso país?",,
9.4,fitness,"Capítulo 21: O império, dom Pedro e a bondade com o povo",A alma de uma nação e a vocação para servir,"Após explorarmos as grandes instituições que deram corpo ao Brasil, mergulhamos agora no coração humano e político do Império. Este capítulo não é sobre as estruturas frias do poder, mas sobre a alma que as animava. Focaremos na bondade prática dos soberanos, centrando-nos na figura de Dom Pedro I e na continuidade da sua linhagem como um testemunho de dedicação ao bem comum.

Veremos como a governança imperial priorizava a liberdade, a unidade transatlântica e a defesa dos mais humildes contra as ideologias disruptivas que já devastavam a Europa. Usando fontes primárias, relatos contemporâneos e as cenas vívidas da nossa história, destacaremos como o Império não foi um mero reflexo europeu, mas uma criação orgânica que elevou o Brasil.

E, ao fazê-lo, desmentiremos as narrativas distorcidas que nos assombram até hoje: a visão de Portugal como ""ladrão de ouro"" ou do Brasil como ""colônia explorada"". A verdade é que éramos uma nação unificada, cujo ouro financiou a nossa própria civilização, e cujo governo, na sua essência, via o povo não como um recurso a ser explorado, mas como uma família a ser protegida.",31,1,"Império, Dom Pedro I, Dom Pedro II, bondade, povo, liberdade, constituição, nação, bem comum","Entre Mares: O Brasil dos Portugueses (Cepese, 2018): Uma visão transatlântica essencial para entender a unidade e a simbiose do império luso-brasileiro.

Rebeldes e Insubmissos: Resistências Populares ao Liberalismo (1834-1844) de Fátima Sá e Melo Ferreira: Ajuda a compreender a mentalidade popular de lealdade monárquica contra as abstrações liberais.","Qual a diferença entre um governante que se vê como ""pai da nação"" e um que se vê como ""representante do povo""? Qual das duas visões implica uma maior responsabilidade pessoal?

A ""bondade"" pode ser uma ferramenta política eficaz, ou o poder exige sempre um grau de cinismo e de brutalidade?

Se o ouro ficou maioritariamente no Brasil, financiando a nossa própria cultura, por que a narrativa do ""saque"" é tão persistente e emocionalmente poderosa?",,
9.4.1,book,A independência e a manutenção da liberdade,O grito que preservou uma nação,"A independência do Brasil não foi um rompimento abrupto, um ato de rebeldia adolescente contra a ""mãe pátria"". Foi a conclusão lógica e a evolução natural de uma união luso-brasileira forjada na genialidade de Dom João VI e consumada no patriotismo de Dom Pedro I.

Lembre-se: em 1808, fugindo de Napoleão, a corte portuguesa transferiu-se para o Rio de Janeiro. Este ato, que já estudamos, foi uma ""inversão"" geopolítica: o Brasil deixou de ser periferia para se tornar o centro do Império Português. Com a abertura dos portos e a criação de instituições como o Banco do Brasil, a nossa economia e a nossa cultura floresceram.

O drama começa quando as Cortes de Lisboa, após a Revolução Liberal do Porto, tentam desfazer tudo isso. Elas exigem o regresso do rei e, pior, decretam leis que visam rebaixar o Brasil à sua antiga condição, efetivamente uma tentativa de recolonização.

Dom Pedro, então com 24 anos, vê-se num dilema terrível: a lealdade ao seu pai e a Portugal, ou a lealdade ao Brasil, a terra que amava e onde o seu povo clamava por liberdade. A sua hesitação inicial foi vencida pela lucidez da sua esposa, a Imperatriz Leopoldina, uma Habsburgo com uma educação política primorosa que articulou a necessidade da ruptura, e pelo conselho do seu mentor, o franciscano Frei Sampaio.

O ""Dia do Fico"" (9 de janeiro de 1822) e o Grito do Ipiranga (7 de setembro) não foram atos contra Portugal, mas atos de preservação da liberdade contra a tirania das Cortes revolucionárias de Lisboa.

Viva a cena: Nas sombras do Convento de Santo Antônio, no Largo da Carioca, o jovem Dom Pedro, olhos flamejantes de dúvida, confessa a Frei Sampaio: ""Padre, as cartas das Cortes me chamam de traidor; Leopoldina diz que o povo clama por mim. O que farei?"". O frade, com a voz grave como o sino de bronze do convento, responde: ""A Igreja está convosco, Alteza. O Brasil não será joelho ao tirano; erguei-vos como o Anjo que vela por esta terra."" Pedro sai dali, coração resolvido, ecoando no peito o hino que ele mesmo comporia: ""Já raiou a Liberdade no Horizonte do Brasil.""

Hoje, esta narrativa de continuidade e de luta pela liberdade contra uma revolução é ofuscada. Muitos veem a independência como ""libertação de Portugal"", esquecendo que, sem a vinda da corte, não teríamos a Imprensa Régia, as faculdades de medicina ou o Jardim Botânico. Este esquecimento alimenta uma rejeição anacrônica à nossa herança ibérica, como nos debates sobre ""devolver o ouro"", ignorando que a maior parte dele ficou aqui, a financiar a identidade que os revolucionários de Lisboa queriam destruir.",31,2,"independência, liberdade, Dom Pedro I, Dom João VI, Cortes de Lisboa, Leopoldina, Frei Sampaio, Dia do Fico","Ler o Hino da Independência do Brasil, com a letra original de Evaristo da Veiga e música do próprio Dom Pedro I, especialmente as estrofes omitidas que mencionam o ""Real Herdeiro Augusto"" e o ""Anjo do Brasil"".

Leopoldina: a história não contada de Paulo Rezzutti: Uma biografia que resgata o papel intelectual e político crucial da Imperatriz na Independência.","A Independência do Brasil teria sido tão pacífica se não fosse liderada pelo próprio herdeiro do trono português?

Por que a figura de Frei Sampaio, o conselheiro franciscano, é tão apagada da história oficial da Independência?

A supressão da estrofe do ""Anjo do Brasil"" do hino pela República foi um ato inocente ou um apagamento deliberado da dimensão espiritual da nossa fundação?

",,
9.4.2,book,A Constituição Imperial,"A lei a serviço do povo, não do Estado","Após a Independência, a tarefa era dar uma forma legal à nova nação. A Constituição de 1824, outorgada por Dom Pedro I, foi um marco de equilíbrio entre autoridade e liberdade, um reflexo do anseio brasileiro por estabilidade sem cair no absolutismo ou no caos republicano.

A sua durabilidade é a prova do seu gênio. Enquanto as repúblicas vizinhas se afogavam em guerras civis e golpes, e o próprio Brasil, após 1889, teria sete constituições, a Imperial durou 65 anos. A sua força estava na sua simplicidade e na sua sabedoria.

Escuta Popular: Antes de a outorgar, Dom Pedro I promoveu uma consulta popular através das câmaras municipais, um processo inédito de escuta direta que moldou o texto final.

Garantia de Direitos: O seu famoso artigo 179 era uma carta de direitos do cidadão. Garantia a inviolabilidade dos direitos civis, proibia leis retroativas e a censura prévia. E, num detalhe que soa utópico hoje, proibia impostos sobre a propriedade imóvel (o IPTU), pois via a casa como o fruto sagrado do trabalho e a extensão da família, um lugar que o Estado não podia tocar.

O Poder Moderador: Inspirada na Carta Portuguesa, mas adaptada à realidade brasileira, a Constituição criou o Poder Moderador, exercido pelo Imperador. Este não era um poder ""absoluto"", mas um poder de harmonia, de ""guardião da balança"", usado para dissolver câmaras em conflito, nomear senadores e garantir a estabilidade, evitando o caos das assembleias que paralisava as repúblicas.

Viva a cena: Numa câmara municipal de Recife, em 1823, um lavrador de mãos calejadas, perante os deputados itinerantes enviados pelo Imperador, ergue a voz trêmula: ""Senhores, queremos uma lei que nos livre para sempre do jugo das Cortes de Lisboa, mas que também guarde as nossas choupanas do fisco do governo, pois são feitas do suor de gerações."" O deputado anota, e a mensagem ecoa até ao Rio: ""O povo clama por leis justas, não por novas correntes."" Meses depois, Dom Pedro, ao assinar o artigo 179, murmura: ""Pela liberdade, sem tirania – assim forjamos a nossa nação.""

Modernamente, a Constituição Imperial contrasta de forma gritante com a nossa Constituição de 1988. A nossa é um livro inchado, com mais de 100 emendas, que tenta regular cada aspeto da vida. Onde a de 1824 garantia a liberdade, a de 1988 ""concede direitos"" que o Estado muitas vezes não consegue entregar. A reintrodução de impostos como o IPTU simboliza o retrocesso: o Império via o Estado como servo do povo; a República, muitas vezes, vê o povo como servo do Estado.",31,3,"Constituição de 1824, liberdade, autoridade, Poder Moderador, IPTU, direitos civis, estabilidade","Ler o texto da Constituição Política do Império do Brasil (de 1824), especialmente o Artigo 179. A sua clareza e concisão são uma lição de direito.

História Constitucional do Brasil de B. L. de Vasconcelos: Uma análise clássica sobre a evolução das nossas constituições.","Um imposto sobre a sua casa (IPTU) parece-lhe justo? O que a proibição deste imposto na Constituição Imperial nos diz sobre a sua visão da relação entre o cidadão e o Estado?

O Poder Moderador, que visava evitar crises entre os outros poderes, é uma ideia ""antidemocrática"" ou uma ferramenta de estabilidade que falta à nossa república hoje?

Uma constituição deve ser um documento curto e de princípios (como a americana) ou um livro longo e detalhado (como a brasileira de 1988)? Qual modelo confia mais no cidadão?",,
9.4.3,book,A luta para preservar Portugal,O Imperador do Brasil que libertou o seu primeiro reino,"A história de Dom Pedro I não se encerra no Brasil. Após abdicar do trono brasileiro em 1831, em favor do seu filho de apenas 5 anos (o futuro Dom Pedro II), o ""Rei Soldado"" embarca na sua última e talvez mais nobre missão: cruzar o Atlântico para salvar o seu primeiro reino.

Em Portugal, o seu irmão mais novo, Dom Miguel, tinha usurpado o trono da sua filha, Maria da Glória (Dona Maria II), e instaurado um regime absolutista. A ""Guerra Liberal"" (1828-1834) que se seguiu foi um ato de extraordinária bondade filial e de um profundo senso de unidade transatlântica. Dom Pedro, agora a lutar não como Imperador, mas como ""Duque de Bragança"", desembarca em Portugal com um pequeno exército de 8 mil homens, incluindo muitos brasileiros leais, para restaurar a sua filha e a Constituição.

Ele vence batalhas improváveis, como a do Cabo de São Vicente, e restaura a monarquia constitucional. Mas a guerra cobra o seu preço. A sua morte em 1834, aos 35 anos, de tuberculose, no mesmo Palácio de Queluz onde nascera, foi chorada em dois continentes como o martírio de um herói. O homem que libertou o Brasil, libertou também Portugal.

Esta dualidade luso-brasileira, esta história de uma família real que reinava sobre dois mundos, é sistematicamente apagada hoje. No Brasil, revisionistas pintam a sua volta a Portugal como uma ""traição"". Em Portugal, por vezes ignoram-no como um ""estrangeiro"" que trouxe as ideias liberais. A verdade é que ele foi o último grande símbolo da nossa unidade.

Viva a cena: No convés do navio ""Independência"", as ondas do Atlântico açoitavam a embarcação. Dom Pedro, com a barba já a mostrar fios de prata e os olhos febris pela doença que o consumia, arenga aos seus leais marinheiros brasileiros: ""Filhos do Brasil, cruzamos este mar não por vingança contra o meu irmão, mas por justiça para a minha filha, Maria, a nossa Glória! Miguel rouba o que é dela por direito – e o nosso sangue lusitano clama por justiça em ambos os lados do oceano."" Um grito ecoa: ""Pela rainha e pelo Brasil!"". Dias depois, já em terra, ferido após uma batalha no Porto, Pedro sussurra no seu leito: ""Eu libertei uma nação; agora, liberto outra.""

Hoje, esta história de unidade é substituída por narrativas de conflito. Nas redes sociais, a independência é pintada como ""ódio a Portugal"", e a desconfiança bilateral é alimentada por disputas anacrônicas sobre o ""ouro roubado"", quando na verdade a coroa investiu e construiu em ambos os lados do Atlântico. A vida de Dom Pedro I é o antídoto para esta visão mesquinha.",31,4,"Dom Pedro I, Dom Miguel, Guerra Liberal, Portugal, Soldado-Rei, Maria da Glória, unidade luso-brasileira","Dom Pedro I de Isabel Lustosa: Uma biografia que explora a complexa personalidade do imperador, incluindo os seus últimos e turbulentos anos em Portugal.

História da Guerra Civil e do Estabelecimento do Governo Parlamentar em Portugal de Simão José da Luz Soriano: Uma fonte histórica detalhada sobre a guerra entre Dom Pedro e Dom Miguel.","A decisão de Dom Pedro I de abdicar de um império para lutar por outro em nome da sua filha foi um ato de irresponsabilidade ou de honra?

Por que a história de um herói que une dois mundos (Brasil e Portugal) é tão inconveniente para as narrativas nacionalistas e de esquerda de ambos os países?

A ""dupla cidadania"" de Dom Pedro I, que se sentia tanto brasileiro como português, é um modelo para a nossa relação com Portugal hoje, baseada na irmandade, ou algo a ser superado?",,
9.4.4,book,A importância do Brasil,A potência que nasceu católica e unida,"Sob a égide dos dois Pedros, o Brasil não apenas se consolidou, mas emergiu como uma verdadeira potência americana, um gigante estável e próspero num continente marcado por repúblicas frágeis e guerras civis. Os números contam parte da história: a população saltou de cerca de 3 milhões em 1808 para 14 milhões em 1889. Ferrovias e linhas de telégrafo começaram a rasgar o território, unindo o país.

Mas a verdadeira importância do Brasil ia além da economia. Era um projeto civilizacional. A bondade dos soberanos manifestava-se na elevação do povo. Dom Pedro I, apesar do seu temperamento impetuoso, fundou escolas de Belas Artes e teatros. Dom Pedro II, o ""Magnânimo"", como vimos, viajava disfarçado para ouvir as queixas dos camponeses e usava o seu próprio dinheiro para financiar expedições científicas que catalogaram a nossa imensa biodiversidade.

O maior triunfo do Império, no entanto, foi a unidade. Enquanto a América Espanhola se fragmentava numa miríade de repúblicas instáveis, o Brasil manteve a sua integridade continental. E o cimento desta unidade não foi a força das armas, mas uma identidade católica partilhada, que uniu indígenas, descendentes de escravos e a elite europeia num projeto comum.

Hoje, esta grandeza é subestimada. A propaganda republicana e de esquerda insiste em retratar o período como ""elitista"" e ""atrasado"". Pesquisas mostram que a maioria dos jovens brasileiros ainda ecoa a narrativa da ""colônia explorada"". Mas, como já provamos, o Brasil imperial não tinha colônias internas; era um império em si, que espelhava a ordem europeia sem a sua decadência revolucionária.

Viva a cena: No Jardim Botânico do Rio, em 1808, Dom João VI, com o suor a escorrer pela fronte no calor tropical, planta a primeira palmeira imperial. Ao seu lado, a rainha Carlota Joaquina resmunga: ""Este calor infernal!"". Ele ri, com a sua bonomia característica: ""Aqui, minha cara, o Brasil floresce – e nós floresceremos com ele."" Décadas mais tarde, noutro jardim, o da sua memória, Dom Pedro II, disfarçado de simples agrimensor, senta-se num casebre poeirento em Minas Gerais e pergunta a um lavrador: ""Diga-me, homem da terra, o que aflige o seu dia?"". O homem desabafa sobre a seca. Pedro anota num pequeno caderno e, ao sair, sussurra para si mesmo: ""O povo é o império.""

Este esquecimento da nossa grandeza alimenta o ""anti-portuguesismo"" anacrônico e os memes sobre a ""exploração"" do ouro, ignorando que foi este legado que financiou a nossa independência cultural. Foi o que nos deu um hino como o da Independência, composto por Dom Pedro I, que na sua estrofe original, suprimida pela República, continha uma prece ao ""Anjo do Brasil"": ""Ressoavam sombras tristes / Da cruel Guerra Civil, / Mas fugiram apressadas / Vendo o Anjo do Brasil."" A República não apenas nos tirou os reis; ela tentou nos roubar até os anjos.",31,5,"importância, Brasil, potência, Império, Dom Pedro I, Dom Pedro II, unidade, catolicismo, civilização","O Brasil Imperial (3 volumes) de Sérgio Buarque de Holanda: Uma obra fundamental da nossa historiografia, que analisa a estrutura social, política e cultural do Império.

The Brazilian Empire: Myths and Histories de Roderick J. Barman: Um livro que desafia muitas das narrativas convencionais sobre o Império, mostrando a sua complexidade e os seus sucessos.","Por que o Império do Brasil conseguiu manter a sua unidade territorial, enquanto a América Espanhola se fragmentou? Qual foi o papel da monarquia e da identidade católica neste processo?

A ideia de um ""Anjo do Brasil"" é apenas uma figura de linguagem poética ou representa uma crença profunda numa missão providencial para o nosso país?

Se o Brasil já foi uma potência respeitada no século XIX, o que nos impede de o sermos novamente? Os obstáculos são principalmente econômicos ou são morais e de identidade?",,
9.4.5,book,As revoltas populares contra os deputados,O povo que clamava pelo rei,"A abdicação de Dom Pedro I, em 1831, mergulhou o Brasil numa das suas experiências políticas mais traumáticas: o Período Regencial (1831-1840). Sem o Imperador para exercer o Poder Moderador, o Brasil tornou-se, na prática, uma ""república disfarçada"", governada por uma regência de deputados. E o povo odiou.

A narrativa oficial pinta as revoltas regenciais – como a Cabanagem, a Farroupilha e a Sabinada – como meros conflitos separatistas. É uma meia-verdade. Na sua essência, estas foram revoltas contra a tirania de um poder central, distante e corrupto, exercido por políticos que o povo não via como legítimos. O povo, acostumado à proximidade do soberano (Dom Pedro I era visto em festas, a dançar com plebeus), sentia um profundo desprezo pelos deputados que, longe de servirem ao bem comum, governavam para os seus próprios interesses.

A Sabinada, na Bahia (1837-1838), é o exemplo mais claro desta mentalidade. O seu líder, o médico Francisco Sabino, não proclamou uma república separatista. Ele proclamou a ""República Bahiense"" com uma condição explícita: ela duraria apenas até que o jovem Pedro II atingisse a maioridade e pudesse assumir o trono que era seu por direito. Era um grito de fidelidade ao Imperador menino, e de rejeição total aos ""tiranos regentes"".

Viva a cena: Em Salvador, novembro de 1837, sob uma chuva torrencial, Francisco Sabino, com o casaco encharcado, ergue uma nova bandeira na praça. A sua voz ecoa sobre o som da tempestade: ""Baianos! Os regentes no Rio de Janeiro sugam o nosso suor como vampiros e ignoram a nossa província! Proclamamos a República Bahiense até que o nosso jovem Imperador Pedro possa crescer e reinar! Fidelidade ao herdeiro, não aos deputados!"". A multidão, encharcada mas inflamada, ruge em aprovação: ""Pela Bahia livre, mas pelo Império eterno!"". Meses de cerco e fome se seguiriam. Sabino cairia, mas o eco da sua revolta persistiria: ""O povo clama pelo rei, não pelo parlamento.""

A instabilidade foi tão grande, com revoltas a explodir por todo o país (a Cabanagem no Pará chegou a matar 30% da população da província), que a classe política, desesperada, recorreu à única solução que poderia restaurar a ordem: o retorno do Imperador. Em 1840, através do ""Golpe da Maioridade"", eles declararam Dom Pedro II, com apenas 14 anos, apto para governar. A simples presença do jovem monarca no trono pacificou o país. O povo não queria ser governado por comitês de políticos; queria a personificação da nação, o símbolo vivo da ordem e da justiça.",31,6,"Período Regencial, revoltas, Sabinada, Cabanagem, deputados, povo, monarquia, Golpe da Maioridade","Rebeldes e Insubmissos: Resistências Populares ao Liberalismo (1834-1844) de Fátima Sá e Melo Ferreira: Uma análise que, mesmo de perspetiva portuguesa, enfatiza a mentalidade de lealdade monárquica do povo contra as abstrações liberais dos políticos.

A Formação das Almas: O Imaginário da República no Brasil de José Murilo de Carvalho: Explora a mentalidade popular e como a figura do monarca era vista como um símbolo de justiça e de ordem, em contraste com a desconfiança em relação aos políticos.","As revoltas regenciais, que clamavam pelo Imperador, desmentem a ideia de que o povo brasileiro sempre foi ""republicano"" de coração?

Por que a figura de um único líder (um rei, um imperador) muitas vezes gera mais lealdade e sentimento de unidade do que um corpo de políticos eleitos (um parlamento)?

O ceticismo atual dos brasileiros em relação à classe política em Brasília encontra um eco na rejeição popular aos regentes do século XIX?",,
9.4.6,book,O Segundo Reinado,O apogeu da civilização brasileira,"Com a coroação de Dom Pedro II aos 14 anos, o Brasil entra no seu mais longo período de estabilidade, prosperidade e grandeza: o Segundo Reinado (1840-1889). A imagem que a propaganda republicana tentou criar dele – um velho alheado e débil – é uma calúnia grotesca. Ele foi, na verdade, a personificação do ideal do ""rei-filósofo"", um gigante intelectual e moral que governou com uma bondade e uma dedicação ao povo hoje inimagináveis.

Coroado ainda menino, ele reinou por 49 anos como o verdadeiro ""pai dos pobres"". A sua bondade não era um artifício de marketing; era a sua prática diária. Ele visitava cortiços e hospitais, financiava orfanatos com o seu próprio dinheiro e dialogava com escravos, tratando-os com uma dignidade que a própria lei ainda lhes negava.

A sua erudição era lendária. Aboliu os castigos corporais no Exército (1844), fundou o Museu Nacional, patrocinou as artes e as ciências, e usou o Poder Moderador não como um tirano, mas como um árbitro para equilibrar a Câmara e o Senado, dando ao Brasil uma estabilidade parlamentar que a Inglaterra invejava.

Mas talvez a sua grandeza de alma se revele de forma mais clara na Guerra do Paraguai (1864-1870). Numa época em que a praxe era o extermínio do inimigo, a sua clemência era notória. Ele deu ordens explícitas para que os prisioneiros paraguaios fossem bem tratados, recebendo os mesmos cuidados médicos que os soldados brasileiros.

Viva a cena: No front paraguaio, em 1866, o Imperador, sob um sol impiedoso, inspeciona um hospital de campanha. O cheiro é de sangue e de gangrena. Ele para junto a um catre onde um soldado brasileiro, com a perna amputada, geme de dor. O soldado, ao ver o Imperador, tenta erguer-se. Dom Pedro pousa a mão suavemente no seu ombro. ""Descanse, filho."" O soldado, exausto, murmura: ""Majestade, vingaremos os nossos irmãos mortos."" O Imperador, com uma tristeza profunda nos olhos, responde: ""A sua ferida, soldado, dói no Paraguai tanto como dói no Brasil. Lutamos contra um tirano, não contra um povo. Rezai por eles, e perdoai-os, como Cristo nos ensinou a perdoar."" De volta à sua tenda, à luz de uma lamparina, Pedro anota no seu diário: ""O povo não é súdito; é família. E uma família em guerra é a mais profunda das dores.""

A imagem do Imperador ""débil"" foi uma invenção dos golpistas de 1889. Ele era, na verdade, uma força quieta, um gigante moral que, com a sua prudência e a sua bondade, uniu o Brasil numa identidade católica e ordeira, evitando o caos das ""republiquetas"" que devastavam o resto do continente.",31,7,"Segundo Reinado, Dom Pedro II, bondade, erudição, clemência, Guerra do Paraguai, estabilidade, Império","D. Pedro II de José Murilo de Carvalho: Uma biografia que, apesar do viés do autor, não consegue esconder a grandeza intelectual e moral do monarca.

Maldita Guerra de Francisco Doratioto: A obra mais completa sobre a Guerra do Paraguai, que ajuda a desmentir mitos e a entender a complexidade do maior conflito da história da América do Sul.","A clemência de Dom Pedro II com os prisioneiros paraguaios era um sinal de fraqueza ou de uma força moral superior?

Compare a imagem do ""pai dos pobres"" de Dom Pedro II com a do ""pai dos pobres"" de Getúlio Vargas. Qual das duas se baseava num serviço genuíno e qual se baseava no populismo e na propaganda?

Por que a narrativa republicana precisou de tanto esforço para transformar a imagem de um dos maiores estadistas do século XIX na de um velho fraco e ultrapassado?",,
9.4.7,book,A Princesa Isabel contra os maçons,"A Redentora, a Rosa de Ouro e o sacrifício do trono","Chegamos à figura que encarna a bondade cristã do Império de forma mais sublime e trágica: a Princesa Isabel, a Redentora. A sua luta pela abolição não foi um cálculo político; foi uma guerra espiritual contra as forças econômicas e as ideologias que defendiam a monstruosidade da escravidão.

Isabel era uma católica ultramontana, ou seja, a sua lealdade e a sua obediência estavam, acima de tudo, com o Papa em Roma. E Roma, como vimos, condenava a escravidão há séculos. Para Isabel, a abolição não era uma ""pauta progressista""; era um dever de consciência cristã.

A sua luta foi travada contra as duas forças mais poderosas do Brasil da época:

As Elites Cafeicultoras: Que viam a abolição sem indenização como a sua ruína econômica.

A Maçonaria: Infiltrada no Exército, na política e na própria elite agrária, que via o catolicismo fervoroso de Isabel como uma ameaça ao seu projeto de um Estado laico e liberal, e que defendia a escravidão como um ""direito econômico"".

Regente do Império por três vezes, na ausência do seu pai, Isabel usou o seu poder para minar a escravidão por dentro. Ela libertou pessoalmente os escravos da sua própria casa, financiou a alforria de centenas de outros com os seus próprios fundos e, num ato de desafio social espantoso para a época, dançava abertamente com o engenheiro negro e abolicionista André Rebouças nos bailes da corte, para escândalo dos fazendeiros racistas.

Quando finalmente assinou a Lei Áurea, a 13 de maio de 1888, ela sabia que estava a assinar a sentença de morte da Monarquia.

Viva a cena: No Paço Imperial, a 13 de maio de 1888, a Princesa Isabel, com a pena de ouro na mão, prepara-se para assinar a lei. O ar está tenso. O Barão de Cotegipe, um dos últimos defensores da escravatura, aproxima-se e sussurra, sombrio: ""Vossa Alteza libertou uma raça, mas perdeu o trono."" Isabel, com os olhos serenos e fixos no documento, responde antes de assinar: ""Se mil tronos eu tivesse, mil tronos eu daria para libertar os escravos do Brasil."" Lá fora, uma multidão de ex-escravos explode em celebração. O líder abolicionista José do Patrocínio, um ex-republicano, corre para o paço, ajoelha-se perante ela e beija-lhe a mão, aclamando-a com o título que a história tentaria apagar: ""Redentora!"".

A sua luta foi reconhecida por quem importava. O Papa Leão XIII enviou-lhe a Rosa de Ouro, a mais alta honraria da Igreja para uma mulher, um reconhecimento do seu sacrifício. Hoje, a narrativa woke tenta diminuí-la, rotulando-a de ""branca salvadora"" para apagar o protagonismo da sua fé. Mas a verdade é mais poderosa: Isabel não foi uma ""branca salvadora""; foi uma cristã que, contra as forças econômicas e as ideologias do seu tempo, ousou levar o Evangelho a sério, ensinando que a bondade, por vezes, é o ato mais subversivo de todos.",31,8,"Princesa Isabel, Lei Áurea, Redentora, catolicismo, ultramontanismo, maçonaria, Rosa de Ouro, sacrifício","Princesa Isabel, a Redentora de R. Magalhães Júnior: Uma biografia que destaca o papel central e a motivação da princesa no processo abolicionista.

A Última Viagem da Redentora de Merval Pereira: Narra o retorno dos restos mortais de Isabel e do Conde d'Eu ao Brasil na década de 1950 e o reconhecimento tardio do seu sacrifício.","A luta de Isabel foi uma luta ""de classes"" (pobres contra ricos) ou uma luta ""de cosmovisões"" (a moral católica contra o utilitarismo econômico)?

Por que a narrativa woke, que se diz defensora das minorias, se esforça tanto para apagar a memória de uma mulher que sacrificou o seu poder para libertar os negros?

A história de Isabel ensina que a verdadeira mudança vem de cálculos políticos ou de convicções morais inabaláveis?",,
9.5,plus,Capítulo 22: Os positivistas e suas consequências,A seita que sequestrou uma nação,"Para entender a estranha natureza do golpe de 1889, é preciso entender a ideologia que o animou: o Positivismo. Esta não era uma simples corrente política; era uma ""religião da humanidade"", uma seita filosófica criada pelo francês Auguste Comte, que via a história como uma progressão em três estágios: o teológico (fé), o metafísico (filosofia) e o positivo (ciência).

Os positivistas acreditavam que a era da fé e da monarquia tinha acabado. A sociedade deveria ser reorganizada de forma ""científica"" e governada por uma elite de tecnocratas. O seu lema, que hoje estampa a nossa bandeira, era ""Ordem e Progresso"". Mas a ""ordem"" que eles pregavam era a de uma ditadura republicana, e o ""progresso"" era a supressão da ""atrasada"" influência católica.

No Brasil, esta ideologia encontrou um ninho no Exército. Figuras como Benjamin Constant Botelho de Magalhães tornaram-se os ""gurus"" positivistas da Escola Militar, doutrinando jovens oficiais com um desprezo pela monarquia ""decadente"" e um anseio por uma ""ditadura republicana"" que colocaria o Brasil nos ""eixos da ciência"".

Imagine a cena: jovens cadetes, em vez de estudarem a arte da guerra e a história dos heróis do Brasil, passavam horas a debater as teorias de um filósofo francês, convencendo-se de que eles, e não o povo ou o Imperador, sabiam o que era melhor para a nação.

A ironia é trágica. A monarquia, com a sua estabilidade e o seu respeito pelas liberdades, era vista como ""atrasada"". A solução proposta era uma ditadura de ""sábios"" que se sentiam no direito de impor o seu modelo de perfeição à nação. A República não nasceu de um ideal de liberdade, mas de um delírio tecnocrático de uma seita filosófica que sequestrou o poder através das armas.",32,1,"positivistas, Auguste Comte, Ordem e Progresso, Benjamin Constant, exército, tecnocracia, ditadura, seita","O Positivismo no Brasil de Ivan Lins: A análise mais completa sobre a influência da filosofia de Comte na política e na cultura brasileira.

A Ideia de República no Brasil de José Murilo de Carvalho: Mostra os diferentes projetos de república que estavam em disputa, com destaque para a visão autoritária dos positivistas.","A ideia de que uma ""elite técnica"" sabe o que é melhor para o povo e deve governar, mesmo contra a vontade popular, é democrática ou tirânica?

Você consegue ver ecos da mentalidade positivista na política brasileira de hoje (a crença em ""soluções técnicas"", o desprezo pela ""opinião do povo"", a concentração de poder em burocratas não eleitos)?

O lema ""Ordem e Progresso"" na bandeira é um símbolo de união nacional ou a marca de uma facção ideológica que tomou o poder?",,
9.5.1,book,O exílio da Família Imperial,A nação que expulsou a sua própria honra,"O golpe de 15 de novembro foi executado com uma covardia que definiu o caráter do novo regime. Dom Pedro II estava em Petrópolis, idoso e doente. Em vez de ser confrontado, ele foi isolado, com as linhas de telégrafo cortadas. A conspiração foi liderada por homens que lhe deviam a carreira e a lealdade, como o Marechal Deodoro da Fonseca, um amigo pessoal do Imperador que foi enganado por boatos e pela sua própria vaidade.

Não houve participação popular. O povo do Rio de Janeiro, ao ver as tropas a marchar, pensou que era um desfile. O jornalista Aristides Lobo resumiu a cena com uma frase que se tornou célebre: o povo assistiu àquilo tudo ""bestializado"".

A cena mais triste, no entanto, veio dois dias depois. Na madrugada do dia 17 de novembro, a Família Imperial foi acordada, informada de que estava deposta e que tinha poucas horas para deixar o país. Eles foram colocados num navio no meio da noite, como criminosos, expulsos da terra que tinham governado e amado por quase um século.

Imagine a dor de Dom Pedro II, um homem que dedicou 50 anos da sua vida ao Brasil, a ser banido da sua pátria. Do navio, ao ver a costa do Rio de Janeiro a desaparecer no horizonte, as suas últimas palavras registadas foram um testemunho do seu caráter: ""Seja eu e todos os meus descendentes mil vezes desterrados do Brasil, contanto que à minha pátria não aconteça mal algum."" E, numa carta posterior, ele expressou o perdão que só os grandes homens possuem: ""Resolvi perdoar a todos os que me ofenderam.""

A República não nasceu de um ato de bravura, mas da traição a um velho doente. Ela não exilou apenas uma família; ela exilou a própria honra do governo. O Brasil tornou-se uma nação órfã, governada não mais pelo ""pai da nação"", mas por generais e fazendeiros que tomaram o poder para si.",32,2,"exílio, Família Imperial, Dom Pedro II, Princesa Isabel, golpe, honra, nação, patriotismo, perdão","O Imperador no Exílio de José Murilo de Carvalho: Um relato comovente dos últimos e melancólicos anos de Dom Pedro II em Paris.

O Sol do Desterro: A Família Imperial no Exílio de Annita de Castilho e Maranhão: Um livro que se foca na vida da Princesa Isabel e da sua família após a expulsão, mostrando a sua profunda fé e o seu amor inabalável pelo Brasil.","Por que os golpistas precisaram de expulsar a Família Imperial com tanta pressa e de forma tão humilhante? O que eles temiam?

Compare a atitude de Dom Pedro II no exílio – de perdão e de amor à pátria – com a atitude de políticos modernos que perdem o poder.

A ""bestialização"" do povo, que assistiu passivamente ao golpe, é um traço do caráter nacional? Somos um povo que aceita passivamente as decisões tomadas pelas elites?",,
9.5.2,book,O plebiscito de 1993,A última chance e a vitória da propaganda,"Cento e quatro anos após o golpe, a história ofereceu ao Brasil uma chance, ainda que remota, de rever o seu caminho. A Constituição de 1988 determinou que, em 1993, seria realizado um plebiscito para que o povo brasileiro escolhesse a sua forma (República ou Monarquia) e o seu sistema de governo (Presidencialismo ou Parlamentarismo).

Foi um momento único. Pela primeira vez, o povo poderia de fato escolher. O movimento monarquista, liderado pelos descendentes de Dom Pedro II, como Dom Luiz e Dom Bertrand de Orleans e Bragança, ganhou uma visibilidade que não tinha há um século. Eles viajaram pelo país, deram entrevistas e participaram nos debates na televisão, apresentando a proposta de uma monarquia parlamentarista moderna, onde o Imperador reinaria como um poder moderador e um símbolo da unidade nacional, e o governo seria exercido por um primeiro-ministro responsável perante o Parlamento.

Qual foi a reação do sistema republicano? Pânico.

Em vez de um debate de ideias honesto, o que se viu foi uma das maiores campanhas de propaganda e de medo da nossa história. A propaganda eleitoral gratuita na televisão, controlada pelos partidos republicanos, não discutiu os méritos do sistema. Em vez disso, usou táticas de difamação e ridicularização:

Associavam a Monarquia à escravidão, omitindo convenientemente que foi a Princesa Isabel quem a aboliu.

Retratavam os príncipes como figuras caricatas e autoritárias, ignorando a sua defesa de um sistema parlamentarista.

Insinuavam que a Monarquia seria mais ""cara"", quando a realidade das repúblicas presidencialistas, com os seus ex-presidentes e privilégios, prova o contrário.

Acima de tudo, exploraram o desconhecimento. Após um século de apagamento da memória e de doutrinação republicana nas escolas, a vasta maioria do povo brasileiro simplesmente não sabia o que o Império tinha sido. A monarquia era uma ideia estranha, distante, associada a contos de fadas, e não à era mais próspera e estável da nossa própria história.

O resultado foi previsível. A República venceu com uma margem esmagadora. Mas não foi uma vitória da razão ou da vontade popular informada. Foi a vitória da propaganda sobre um povo a quem a sua própria história tinha sido roubada. O plebiscito de 1993 não foi uma escolha livre; foi a confirmação de um século de esquecimento.",32,3,"plebiscito, 1993, monarquia, república, parlamentarismo, propaganda, medo, desconhecimento, escolha","Procurar no YouTube os debates e a propaganda eleitoral do plebiscito de 1993. É um exercício fascinante para ver, com os seus próprios olhos, as táticas de propaganda em ação.

Por que o Brasil não deu certo? de Francisco de Oliveira e outros: Uma coletânea de ensaios que, embora de perspetiva de esquerda, ajuda a entender o sentimento de frustração nacional que levou à convocação do plebiscito.","Se o plebiscito fosse hoje, com o acesso à informação que a internet permite e com o resgate da verdadeira história do Império que estamos a fazer, o resultado seria o mesmo?

A campanha de medo e de desinformação de 1993 é semelhante às táticas usadas em campanhas políticas mais recentes no Brasil?

O que a história do plebiscito nos ensina sobre a importância de conhecer a história para poder fazer escolhas políticas informadas?",,
9.6,document,Capítulo 23: Vargas e o socialismo disfarçado,"A ditadura, o populismo e a consolidação do Estado (1930-1945)","O colapso da República Velha em 1930 não levou a uma restauração da ordem, mas à ascensão de uma das figuras mais complexas e controversas da nossa história: Getúlio Vargas. A sua chegada ao poder não foi uma simples troca de oligarquias, mas a instauração de um novo modelo de Estado no Brasil, um modelo que, sob uma fachada nacionalista, consolidou muitas das rupturas que a República iniciara e introduziu um socialismo disfarçado cujas consequências sentimos até hoje.

Este capítulo vai dissecar a Era Vargas. Não para o celebrar como o ""pai dos pobres"", como a propaganda insiste, nem para o demonizar como um simples fascista. Vamos analisá-lo como o arquiteto do Estado brasileiro moderno: um Estado interventor, paternalista e imenso.

Veremos como a sua CLT, inspirada na Carta del Lavoro de Mussolini, criou uma estrutura sindicalista que atrelou o trabalhador ao Estado; como a sua entrada tardia na Segunda Guerra foi um ato de pragmatismo, e não de convicção; e como a sua trajetória de ditador a ""democrata"" eleito revela a natureza fluida do poder no Brasil. Entender Vargas é entender as raízes do Brasil burocrático e populista do século XX.",33,1,"Vargas, Estado Novo, ditadura, socialismo, populismo, CLT, Segunda Guerra, constituição","Getúlio (trilogia) de Lira Neto: A biografia mais completa e detalhada sobre Getúlio Vargas, essencial para compreender a sua complexa personalidade e as suas manobras políticas.

Vargas and Brazil: A Political History de J. D. Fausto: Uma análise mais concisa e acadêmica do impacto de Vargas na formação do Estado brasileiro moderno.","A figura do ""pai dos pobres"" é a de um benfeitor ou a de um líder que cria dependência para se perpetuar no poder?

Um governo que concede ""direitos"" ao mesmo tempo que suprime liberdades (como no Estado Novo) está a fortalecer ou a enfraquecer o cidadão?

O legado de Vargas no Brasil é mais positivo (industrialização, leis trabalhistas) ou negativo (corporativismo, autoritarismo)?",,
9.6.1,book,A CLT e a herança fascista,O trabalhador como engrenagem do Estado,"A Consolidação das Leis do Trabalho (CLT), de 1943, é frequentemente celebrada como a grande conquista de Vargas, a ""dádiva"" do ""pai dos pobres"" aos trabalhadores. Esta é uma das maiores e mais bem-sucedidas peças de propaganda da nossa história. A verdade é que a CLT não foi primariamente um ato de bondade, mas um ato de controlo ditatorial.

A sua inspiração não foi a doutrina social da Igreja nem o liberalismo, mas a Carta del Lavoro de 1927, o documento fundamental do fascismo de Benito Mussolini. O modelo de Vargas não era o do trabalhador livre, mas o do corporativismo: a ideia de que a sociedade não é formada por indivíduos, mas por ""corporações"" (sindicatos de empregados, sindicatos de patrões), todas elas controladas e arbitradas pelo Estado.

O que a CLT fez na prática?

Criou o Sindicato Único e o Imposto Sindical: Em vez da liberdade de associação, o Estado determinou qual sindicato representaria cada categoria e obrigou todos os trabalhadores (sindicalizados ou não) a financiá-lo. Os sindicatos não se tornaram representantes dos trabalhadores, mas braços do governo.

Atrelou os ""Direitos"" ao Controle: A carteira de trabalho, os direitos como férias e 13º salário (este último criado mais tarde, mas dentro da mesma lógica) não eram vistos como direitos naturais, mas como concessões do Estado, criando uma relação de dependência e de gratidão com o ""grande pai"" Getúlio.

Limitou a Liberdade de Negociação: A CLT criou uma teia de regulamentações que engessou as relações de trabalho, dificultando a negociação direta entre patrão e empregado e criando um paraíso para advogados e para a burocracia da Justiça do Trabalho.

A CLT não ""libertou"" o trabalhador; ela capturou-o. Trocou a sua liberdade pela ""proteção"" de um Estado paternalista e autoritário. É uma herança que até hoje alimenta o sindicalismo pelego, a judicialização excessiva das relações de trabalho e a mentalidade de que os direitos não são conquistados, mas ""dados"" pelo poder.",33,2,"CLT, Carta del Lavoro, Mussolini, fascismo, sindicalismo, corporativismo, Estado, controle, trabalhador","Uma História do Fascismo, 1914-1945 de Stanley G. Payne: Um estudo comparativo que ajuda a entender a ideologia corporativista do fascismo italiano e as suas semelhanças com o modelo varguista.

A Invenção do Trabalhismo de Ângela de Castro Gomes: Uma obra que analisa como o governo Vargas construiu, através da propaganda, a imagem de Getúlio como o ""pai dos trabalhadores"".","O que é mais benéfico para um trabalhador a longo prazo: a liberdade de negociar o seu próprio contrato e de se associar a quem quiser, ou um conjunto de ""direitos"" rígidos definidos e controlados pelo Estado?

O imposto sindical obrigatório fortalece a representação dos trabalhadores ou cria uma casta de burocratas sindicais que não precisam de prestar contas aos seus representados?

A mentalidade de que ""o patrão é um explorador"" e ""o Estado é o protetor"" é um reflexo da realidade ou uma construção ideológica que beneficia quem?",,
9.6.2,book,A entrada tardia na Segunda Guerra,O flerte com o Eixo e o pragmatismo forçado,"Enquanto a Europa ardia na Segunda Guerra Mundial, o Brasil de Vargas mantinha uma posição dúbia. A ditadura do Estado Novo (1937-1945) tinha claras simpatias e afinidades ideológicas com os regimes fascistas da Itália e da Alemanha. A organização do Estado, a propaganda nacionalista, a censura e o anticomunismo de Vargas ecoavam o que se via em Roma e em Berlim. A Alemanha nazista era, na época, o maior parceiro comercial do Brasil.

Vargas tentou manter uma política de ""neutralidade"" pragmática, negociando com ambos os lados. Mas a geografia e a pressão dos Estados Unidos falaram mais alto. Em 1942, após submarinos alemães afundarem navios mercantes brasileiros na costa do Nordeste, matando centenas de civis, a neutralidade tornou-se insustentável. A pressão popular e a necessidade de manter a aliança com os EUA forçaram Vargas a declarar guerra ao Eixo.

A participação do Brasil na guerra, com o envio da Força Expedicionária Brasileira (FEB) para lutar na Itália, foi heroica e importante. Os ""pracinhas"" lutaram com bravura em batalhas como a de Monte Castello. Mas a decisão de entrar na guerra não foi um ato de convicção ideológica contra a tirania. Foi um ato de pragmatismo forçado.

A grande ironia, no entanto, veio com o fim da guerra. O Brasil enviou os seus filhos para morrerem a lutar contra uma ditadura fascista na Europa, enquanto vivia sob uma ditadura de inspiração fascista em casa. Esta contradição tornou-se insustentável. A vitória dos Aliados selou o destino do Estado Novo. Em 1945, os mesmos militares que Vargas colocara no poder depuseram-no, pondo fim a 15 anos de ditadura. A entrada na guerra, que ele esperava que o fortalecesse, acabou por ser a causa da sua queda.",33,3,"Segunda Guerra Mundial, WWII, Eixo, Aliados, submarinos, FEB, pragmatismo, neutralidade, oportunismo","A Cobra Vai Fumar de Rubem Braga: As crônicas de Braga, que acompanhou a FEB como correspondente de guerra, são um testemunho vívido e humano da experiência dos soldados brasileiros na Itália.

O Brasil e a Segunda Guerra Mundial de Frank D. McCann Jr.: Uma análise detalhada das complexas relações diplomáticas e militares do Brasil durante a guerra.","A entrada do Brasil na guerra foi uma decisão soberana ou o resultado da pressão de uma potência maior (os EUA)?

A contradição de lutar pela democracia no exterior enquanto se vive numa ditadura em casa é um sinal de hipocrisia ou de complexidade política?

O heroísmo dos soldados da FEB em Itália redime, de alguma forma, as motivações pragmáticas e oportunistas que levaram o Brasil à guerra?",,
9.6.3,book,"A ""Carta Testamento""",O engodo final e a criação de um mártir,"Após ser deposto em 1945, Getúlio Vargas não desapareceu. Exilado na sua fazenda, ele articulou o seu regresso e, em 1951, voltou ao poder, desta vez eleito pelo voto popular. O seu segundo governo foi marcado por crises econômicas, inflação galopante e escândalos de corrupção que culminaram no atentado da Rua Tonelero. Pressionado pelos militares e pela oposição a renunciar, Vargas deu o seu último e mais genial golpe de propaganda.

Na madrugada de 24 de agosto de 1954, no Palácio do Catete, Getúlio Vargas suicidou-se com um tiro no coração. Mas ele não saiu em silêncio. Deixou para trás uma ""Carta Testamento"", um dos documentos mais poderosos e enganosos da nossa história política.

A carta é uma obra-prima de propaganda populista. Nela, Vargas ignora os seus próprios erros, a sua ditadura, a corrupção e a crise econômica. Em vez disso, ele constrói uma narrativa onde ele é o herói solitário, o defensor dos pobres, a ser esmagado por forças malignas e anônimas: ""Forças e interesses contra o povo coordenaram-se e novamente se desencadeiam sobre mim. [...] A campanha subterrânea dos grupos internacionais aliou-se à dos grupos nacionais revoltados contra o regime de garantia ao trabalhador.""

Com a sua morte, Vargas transforma-se num mártir. O ditador astuto e calculista desaparece, e em seu lugar nasce o mito do ""pai dos pobres"" que ""saiu da vida para entrar na história"", sacrificando-se para proteger o povo das ""forças ocultas"".

O engodo foi completo. O suicídio gerou uma comoção popular imensa, com motins e ataques a jornais de oposição. A sua morte adiou por dez anos o golpe militar que os seus opositores planeavam e cimentou a sua imagem no imaginário brasileiro. A Carta Testamento é a prova final do seu gênio político: mesmo na morte, ele conseguiu controlar a narrativa, transformando o fracasso do seu governo numa vitória póstuma da sua própria lenda.

",33,4,"Carta Testamento, Getúlio Vargas, suicídio, engodo, populismo, nacionalismo, vítima, propaganda, mito","Ler a ""Carta Testamento"" de Getúlio Vargas na íntegra. É um exercício fundamental de análise de discurso político e de propaganda.

Getúlio (Volume 3): Da volta ao poder pela voto popular ao suicídio de Lira Neto: O volume final da trilogia narra em detalhe a crise final do governo Vargas e os eventos que levaram ao seu suicídio.","Na sua Carta Testamento, Vargas culpa ""grupos internacionais"" e ""forças ocultas"" pelos seus problemas. Esta tática de culpar um inimigo externo ou invisível ainda é usada por políticos hoje para desviar a atenção dos seus próprios fracassos?

O suicídio de Vargas foi um ato de desespero, de covardia ou um ato político calculado para criar um mártir e influenciar a história?

Como a criação do ""mito"" de Vargas, o mártir dos pobres, influenciou a política de esquerda e o populismo no Brasil nas décadas seguintes?",,
9.7,beginner,Capítulo 24: Brasília e a degradação arquitetônica,A desumanização do poder no século XX,"Após a Era Vargas, o Brasil mergulhou num período de instabilidade política que culminaria no regime militar de 1964. Mas, no meio deste período, um evento aparentemente progressista simbolizou a consolidação de uma das mais profundas rupturas da nossa história: a construção de Brasília.

Este capítulo analisa a mudança da capital não como um feito de engenharia, mas como um ato de degradação arquitetônica e espiritual. Veremos como o projeto de Juscelino Kubitschek, ""50 anos em 5"", foi, na sua essência, a materialização de uma ideologia que despreza o homem e glorifica o Estado.

A construção de Brasília foi o divórcio final entre o poder e o povo, a troca da cidade orgânica e humana do Rio de Janeiro por uma utopia modernista fria e desalmada. Analisaremos como os seus arquitetos, comunistas convictos, projetaram uma cidade não para os cidadãos, mas contra eles, e como este ""enfeiamento"" do nosso centro de poder reflete a desconstrução que as nossas universidades também promoveriam na alma brasileira.",34,1,"Brasília, arquitetura, degradação, Niemeyer, Costa, comunismo, modernismo, Rio de Janeiro, museu","The Modernist City: An Anthropological Critique of Brasília de James Holston: Uma análise crítica fundamental sobre como o plano utópico de Brasília falhou em criar uma verdadeira vida cívica e, em vez disso, aprofundou a segregação.

Arquitetura da Segregação (documentário, 2011): Um filme que explora as consequências sociais do urbanismo de Brasília.","A decisão de mover a capital de uma cidade histórica e vibrante como o Rio de Janeiro para uma localização isolada e artificial foi um ato de progresso ou um ato de fuga do povo?

Uma arquitetura pode ser ""ideológica""? Como os valores de um arquiteto (ou de um regime) se manifestam nas formas, nos materiais e na escala de um edifício?

Você sente-se ""em casa"" e ""bem-vindo"" nos edifícios governamentais que conhece, ou sente-se um estranho, um intruso?",,
9.7.1,book,O desenvolvimentismo de JK,50 anos em 5 e a mentalidade da ruptura,"A figura de Juscelino Kubitschek (JK) é frequentemente celebrada como a de um presidente otimista e modernizador, o ""presidente bossa-nova"". O seu lema, ""50 anos em 5"", capturava um anseio nacional por progresso e por um lugar no ""primeiro mundo"". A construção de Brasília foi a joia da coroa deste projeto desenvolvimentista.

Mas por trás do otimismo, havia uma mentalidade de ruptura. A ideia de construir uma capital do zero no meio do nada era, em si, um ato de rejeição ao passado. Era a crença, herdada do positivismo e do modernismo, de que a história era um fardo e que um futuro glorioso poderia ser projetado numa prancheta, ignorando as complexidades e as tradições de uma nação formada ao longo de séculos.

Imagine a mentalidade: em vez de reformar e embelezar o Rio de Janeiro, a capital histórica, o coração cultural do Brasil, a decisão foi abandoná-lo. Em vez de construir sobre o legado, a escolha foi apagar a lousa e começar de novo.

Esta mentalidade de ""começar do zero"" é profundamente anti-conservadora e perigosa. Ela despreza a sabedoria acumulada da experiência e coloca uma fé ingênua na capacidade de uma elite de ""planejadores"" de desenhar uma sociedade perfeita. JK pode não ter sido um ideólogo comunista, mas o seu projeto desenvolvimentista, com a sua grandiosidade faraônica e o seu desprezo pela continuidade histórica, abriu as portas para os verdadeiros arquitetos ideológicos que dariam forma à nova capital.",34,2,"JK, Juscelino Kubitschek, desenvolvimentismo, Brasília, ruptura, progresso, modernidade, otimismo","JK: O Artista do Impossível de Lira Neto: A biografia detalha o projeto de Brasília, as suas motivações políticas e os enormes custos financeiros e sociais da sua construção.

Brasil: Uma Biografia de Lilia Moritz Schwarcz e Heloisa M. Starling: Oferece um bom contexto do período desenvolvimentista e da atmosfera cultural da era JK.","""50 anos em 5"" é um lema de progresso ou de pressa imprudente? A verdadeira construção de uma nação pode ser acelerada desta forma?

A ideia de abandonar uma capital histórica em favor de uma cidade planejada é um sinal de força ou de fraqueza de uma nação?

Compare a fundação de Brasília com a de outras grandes capitais do mundo (Londres, Paris, Roma). O que a sua origem artificial nos diz sobre a nossa própria identidade?",,
9.7.2,book,Oscar Niemeyer e Lúcio Costa: a arquitetura a serviço da ideologia,A cidade comunista perfeita,"Se JK foi o patrono político de Brasília, os seus pais ideológicos foram o urbanista Lúcio Costa e, principalmente, o arquiteto Oscar Niemeyer. E é impossível entender Brasília sem entender a ideologia que os animava: ambos eram comunistas convictos.

Niemeyer nunca escondeu a sua fé. Ele era um amigo pessoal de Fidel Castro, um membro vitalício do Partido Comunista Brasileiro e um admirador da União Soviética. A sua arquitetura não era neutra; era a materialização da sua visão de mundo. E a visão comunista é, na sua essência, anti-humana. Ela despreza o indivíduo, a família, a religião e a tradição. Ela glorifica o Estado e a abstração do ""homem novo"".

A arquitetura de Brasília é um sermão em concreto desta ideologia:

A Desumanização da Escala: Os edifícios são monumentais, projetados para fazer o indivíduo sentir-se pequeno e insignificante perante a grandiosidade do Estado. A Praça dos Três Poderes é um vasto deserto de concreto, um espaço não feito para o encontro, mas para a admiração distante e intimidada do Poder.

A Negação da Comunidade: O plano piloto de Lúcio Costa, com as suas superquadras e a sua separação radical de funções (setores de moradia, setores de comércio, setores de diversão), foi projetado para destruir a vida orgânica da cidade tradicional. Não há esquinas, não há a padaria de bairro onde os vizinhos se encontram. Há um isolamento planejado, a criação de uma massa de indivíduos anônimos.

A Hostilidade à Religião: A Catedral de Brasília, embora plasticamente interessante, é teologicamente vazia. É uma coroa de espinhos de concreto que aponta para baixo, para a terra, e o seu interior, em grande parte subterrâneo, simboliza a tentativa modernista de enterrar a fé. Compare-a com a verticalidade de uma catedral gótica, que eleva a alma para o céu.

Brasília é a ""cidade comunista perfeita"" não porque não tenha propriedade privada, mas porque a sua própria estrutura física é uma ferramenta de engenharia social, projetada para criar o tipo de cidadão desenraizado e dependente do Estado que a ideologia comunista deseja. É a profanação do espaço, a criação de um ambiente que adoece a alma.",34,3,"Niemeyer, Lúcio Costa, comunismo, arquitetura, modernismo, Brasília, desumanização, Estado, ideologia","Conversa de Arquiteto de Oscar Niemeyer: Nas suas próprias memórias, Niemeyer deixa clara a sua visão de mundo comunista e a sua intenção de expressá-la na sua arquitetura.

De Bauhaus à Nossa Casa (From Bauhaus to Our House) de Tom Wolfe: Essencial para entender as raízes europeias do movimento modernista na arquitetura, o seu desprezo pelo passado e a sua arrogância ideológica.","Por que a arquitetura comunista e fascista (como a de Albert Speer para Hitler) partilham a mesma predileção pela escala monumental e desumanizante?

Ande pela sua cidade. Você consegue identificar edifícios (especialmente públicos, como fóruns ou universidades) construídos no estilo ""brutalista"" de concreto aparente, que ecoa a estética de Brasília? Que sentimentos eles lhe transmitem?

Se a arquitetura molda o comportamento, que tipo de cidadão a arquitetura de Brasília foi projetada para criar?",,
9.7.3,book,Cubos frios vs. Rio Imperial,O apagamento da memória e o contraste com outras nações,"A construção de Brasília não foi apenas um ato de criação; foi também um ato de destruição. Ao mover a capital, a República efetivamente abandonou o Rio de Janeiro, o coração histórico e cultural do Império, acelerando a sua degradação. A cidade que fora a ""Suíça do mundo"", com a sua arquitetura imperial e a sua vibrante vida cívica, foi deixada para apodrecer.

O símbolo máximo deste abandono foi o incêndio criminoso do Museu Nacional em 2018. O antigo Paço de São Cristóvão, a casa de Dom Pedro II, o lugar onde a nossa independência foi assinada, foi transformado em cinzas por décadas de negligência de um Estado republicano que despreza o seu próprio passado. Enquanto as chamas consumiam a nossa história, os cubos frios de Brasília permaneciam intactos, um testemunho sombrio da inversão de valores.

Agora, compare esta atitude com a de outras grandes nações ocidentais:

Washington, D.C.: A capital americana é um santuário para os seus heróis. Monumentos a Washington, Jefferson e Lincoln dominam a paisagem, reafirmando constantemente a narrativa da sua fundação. Os seus museus são tesouros nacionais, guardados com o máximo cuidado.

Londres: A cidade é um palimpsesto vivo da sua história. Palácios reais, igrejas medievais e monumentos a heróis como Churchill e Nelson não são vistos como relíquias de um ""passado opressor"", mas como a fonte da identidade nacional.

A República brasileira fez o oposto. Em vez de preservar e honrar os seus heróis e os seus símbolos, ela abandonou-os, permitiu que se degradassem e, no seu lugar, construiu uma capital anônima que glorifica a burocracia. O incêndio do Museu não foi um acidente; foi a consequência lógica de um projeto de apagamento da memória.

Este processo de desconstrução, que começa na arquitetura, encontra o seu eco final nas universidades. A mesma mentalidade que troca um palácio histórico por um cubo de concreto é a que troca a leitura dos grandes livros da nossa civilização pela leitura de teóricos da desconstrução. Em ambos os casos, o objetivo é o mesmo: criar um povo sem passado, um ""homem novo"" desenraizado, pronto para aceitar qualquer utopia que os engenheiros sociais do presente lhe queiram impor.",34,4,"cubos frios, Rio Imperial, Museu Nacional, incêndio, memória, Washington, Londres, heróis, monumento","O Rio de Janeiro do Meu Tempo de Luís Edmundo: Uma crônica nostálgica que permite sentir, por contraste, a beleza e a ordem da capital imperial que foi perdida.

A Mente Cauterizada de Russell Kirk: Kirk argumenta que uma sociedade que perde a sua reverência pelo passado e pelos seus ""heróis permanentes"" perde a sua própria alma.","A negligência que levou ao incêndio do Museu Nacional foi um problema ""técnico"" (falta de verbas) ou um problema ""espiritual"" (falta de amor pela própria história)?

Por que a nossa cultura moderna tem tanta dificuldade em construir monumentos belos e duradouros para os seus heróis?

Se a desconstrução do passado nas universidades e o abandono dos nossos monumentos históricos continuarem, o que restará da identidade brasileira daqui a 50 anos?",,
9.7.4,book,O Memorial JK,A cripta do faraó moderno e o culto à personalidade,"No coração da cidade artificial, ergue-se o templo dedicado ao seu criador: o Memorial JK. A narrativa oficial vende-o como uma homenagem. Uma análise honesta da sua simbologia, no entanto, revela algo muito mais sombrio.

Primeiro, compare-o com os grandes monumentos das civilizações que honram os seus heróis. Pense no Lincoln Memorial, em Washington. É um templo grego, aberto, de mármore branco, banhado em luz. Lincoln está sentado, mas a sua figura inspira a contemplação da unidade e do sacrifício. Pense na Coluna de Nelson, em Trafalgar Square, Londres. O herói está no topo, sim, mas num espaço público vibrante, uma praça de encontros, e a sua figura celebra uma vitória nacional. Estes são monumentos que se abrem para o povo e para a luz.

Agora, entre no Memorial JK. A experiência é a oposta. Você não ascende; você descende para uma penumbra. É uma estrutura baixa, pesada, de concreto e mármore negro, que o oprime. A iluminação é artificial e dramática. O ar é frio. As paredes são revestidas de granito escuro e veludo vermelho. Você não se sente num museu, mas numa cripta, no túmulo de um faraó moderno.

No centro, sob uma claraboia de vidro vermelho-sangue, está o sarcófago de JK. O ambiente não inspira a gratidão cívica, mas um culto à personalidade quase religioso e fúnebre. A escolha das cores – o vermelho e o preto – não é acidental; são as cores historicamente associadas a movimentos revolucionários e totalitários.

O Memorial JK não é uma homenagem a um estadista numa república de cidadãos; é o mausoléu de um homem enDeusado por um regime. É a arquitetura a confessar, de forma silenciosa e sinistra, que o projeto de Brasília não era sobre o povo, mas sobre o Poder e sobre os homens que o personificavam. Enquanto os monumentos de Washington e Londres celebram as virtudes que fundaram uma nação, a cripta de JK celebra o próprio homem, divorciado de qualquer tradição ou moralidade transcendente.",34,5,"Memorial JK, JK, cripta, faraó, culto à personalidade, monumento, Washington, Londres, escuridão, mármore negro","A Sociedade do Espetáculo de Guy Debord: Uma crítica filosófica sobre como a vida moderna se torna uma representação, e como as personalidades (políticos, celebridades) são transformadas em mercadorias e ídolos.

The Power of Images: Studies in the History and Theory of Response de David Freedberg: Um estudo sobre como as imagens e os monumentos são usados para evocar emoções e moldar a percepção pública.","Qual a diferença entre ""honrar um herói"" e ""prestar culto a uma personalidade""? Como a arquitetura de um monumento pode servir a um ou a outro propósito?

Por que a escuridão, o mármore negro e o vermelho são usados em ambientes que buscam criar uma sensação de poder opressivo ou de mistério sectário?

Se você tivesse de projetar um memorial para um grande herói brasileiro, ele seria aberto e luminoso, como o de Lincoln, ou fechado e sombrio, como o de JK? O que a sua escolha diz sobre a sua visão de poder?",,
9.7.5,book,O monumento e o símbolo oculto,A foice e o martelo sobre a capital,"Do lado de fora da cripta, ergue-se o monumento principal: uma alta coluna de concreto de onde uma estátua de JK acena para a cidade que ele construiu. À primeira vista, parece uma homenagem convencional. Mas, como em toda a arquitetura de Brasília, a intenção ideológica está escondida nos detalhes, à vista de todos, mas invisível para os não iniciados.

Agora, olhe com atenção para a forma do monumento. Afaste-se e observe a sua silhueta contra o céu. A alta coluna onde a estátua repousa não é uma coluna reta. Ela é uma curva acentuada, como uma foice. A atravessar esta curva, na base, há uma viga de concreto horizontal, como o cabo de um martelo.

A imagem, uma vez vista, é impossível de não ver: uma representação estilizada, monumental e inegável da foice e do martelo, o símbolo universal do comunismo.

Isto é uma coincidência? No projeto de um arquiteto comunista convicto como Niemeyer, numa cidade cuja estrutura reflete a ideologia socialista, a resposta é óbvia: não. É a assinatura do artista, a declaração de intenção ideológica escondida num monumento nacional. É a prova de que o projeto de Brasília, por trás da fachada de ""progresso"" desenvolvimentista, carregava a alma de uma utopia totalitária.

Este monumento é a expressão máxima do enDeusamento de homens gritantes que a arquitetura da cidade artificial promove. O homem, JK, é colocado no topo de um pedestal gigantesco, que é, ele mesmo, o símbolo de uma ideologia que matou mais de 100 milhões de pessoas no século XX. Ele não é um líder entre o povo, como Dom Pedro II. Ele é uma figura divinizada, a olhar de cima para a sua criação, sobre o emblema da revolução.

É a antítese perfeita da humildade cristã e da monarquia que serve. É a materialização da hybris do homem moderno que se crê um Deus, o criador de uma nova sociedade, e que não hesita em plantar os símbolos da tirania no coração da nação, confiante de que a maioria jamais entenderá o seu verdadeiro significado.",34,6,"monumento, JK, foice e martelo, comunismo, socialismo, símbolo oculto, arquitetura, ideologia, Niemeyer, enDeusamento","O Livro Negro do Comunismo: Crimes, Terror e Repressão, obra coletiva de historiadores: Um documento essencial para entender o significado real do símbolo da foice e do martelo, não como um ideal de ""justiça social"", mas como o emblema de regimes genocidas.

A Arquitetura da Felicidade de Alain de Botton: Um ensaio filosófico que explora como os edifícios e os monumentos que nos rodeiam afetam o nosso humor e a nossa alma, e como a arquitetura pode expressar (ou contradizer) os nossos ideais de uma boa vida.","Depois de ver a imagem da foice e do martelo no monumento, a sua percepção sobre Brasília muda?

Se um monumento semelhante, com um símbolo nazista estilizado, fosse construído, ele seria tolerado? Por que o símbolo do comunismo recebe uma tolerância que outros símbolos de tiranias genocidas não recebem?

O que a necessidade de ""esconder"" um símbolo ideológico numa obra de arte pública nos diz sobre a natureza dessa ideologia e a sua relação com a verdade?",,
9.8,shield,Capítulo 25: Constituições e intenções atuais,O socialismo por outros meios (1988-hoje),"Chegamos ao capítulo final da nossa jornada histórica, o momento em que o passado se encontra com o presente de forma brutalmente clara. Após a demolição da ordem imperial e as convulsões do século XX, o Brasil entra na sua fase mais recente, a ""Nova República"", inaugurada pela Constituição de 1988.

Este capítulo vai demonstrar como as mesmas forças revolucionárias que falharam em tomar o poder pelas armas nas décadas de 60 e 70, aprenderam a usar a própria lei como a sua mais eficaz ferramenta de engenharia social. A narrativa oficial vende a Constituição de 88 como a ""Constituição Cidadã"", o ápice da nossa democracia. A verdade, como veremos, é muito mais complexa e sombria.

Analisaremos como a nossa Carta Magna se tornou um instrumento para a expansão do Estado, como o desarmamento do cidadão de bem se tornou uma política de Estado, e usaremos um estudo de caso – a história de José Dirceu – para ilustrar a mentalidade e a estratégia de longo prazo da esquerda revolucionária pós-anistia. Esta é a história do socialismo por outros meios, e do conflito permanente entre a alma naturalmente conservadora e católica do povo brasileiro e um Estado que, muitas vezes, age como o seu inimigo.",35,1,"constituição, 1988, socialismo, desarmamento, anistia, José Dirceu, Estado, povo, leis","Comparative Constitutional Law de Keith S. Rosenn: Para uma análise técnica e comparativa que ajuda a entender a singularidade (e os problemas) da constituição brasileira em relação a outras do mundo.

Brazil's Constitutional Dilemma: States' Rights, Social Justice, and the Challenge of Governance de Conor O'Dwyer: Explora a tensão entre as promessas de direitos sociais da Constituição e a capacidade do Estado de as entregar.","Uma constituição deve ser um documento que limita o poder do Estado ou um que lista os deveres do Estado para com o cidadão? Qual a diferença fundamental entre estas duas visões?

A ideia de ""socialismo através das leis"" é mais ou menos perigosa do que uma revolução armada? Por quê?

Você sente que o Estado brasileiro hoje reflete os valores da maioria do seu povo (conservador e cristão)? Se não, de onde vem esta desconexão?",,
9.8.1,book,A Constituição de 1988,A Carta Magna como um livro de PECs,"Compare a Constituição dos Estados Unidos: um documento conciso, com 7 artigos e 27 emendas em mais de 200 anos, focado em estabelecer princípios e limitar o poder do governo. Agora, olhe para a nossa Constituição Federal de 1988: um livro imenso, com 250 artigos originais e que, até hoje, já sofreu mais de 130 Propostas de Emenda à Constituição (PECs).

A nossa CF/88 não é uma carta de princípios; é um manual de instruções detalhado para a utopia. Nascida de um consenso progressista pós-regime militar, ela foi escrita com a crença iluminista de que é possível criar uma sociedade perfeita através da lei. Ela não apenas garante direitos fundamentais; ela promete tudo a todos: educação, saúde, lazer, cultura, desporto, meio ambiente equilibrado.

Qual a consequência desta ""inflação legislativa""?

Torna-se Manipulável: Um texto tão vasto e detalhado é, paradoxalmente, mais fraco. Ele abre inúmeras brechas para interpretações, ativismo judicial e, claro, para a indústria das PECs. Cada grupo de interesse, cada lobby, cada partido político pode tentar inserir ou modificar um artigo para beneficiar a sua própria agenda, transformando a Carta Magna num campo de batalha político permanente.

Gera Insegurança Jurídica: Leis que deveriam ser infraconstitucionais são elevadas ao nível máximo, engessando o país. Em vez de estabilidade, a constante mudança através de PECs cria uma sensação de que as regras do jogo podem mudar a qualquer momento.

Expande o Estado: Ao prometer tudo, a Constituição justifica uma expansão infinita do Estado e da carga tributária para, supostamente, cumprir estas promessas. Ela cria direitos no papel que geram custos no mundo real, alimentando um ciclo de frustração e de dependência.

A Constituição de 1988, com a sua nobre intenção de ser ""cidadã"", tornou-se na prática um livro de PECs, um instrumento que, em vez de limitar o poder, muitas vezes o legitima e o expande, afogando a nação num mar de burocracia e de boas intenções irrealizáveis.",35,2,"Constituição de 1988, CF88, PEC, burocracia, Estado, direitos, garantismo, inflação legislativa","A Constituição de 1988 na Vida Brasileira, organizado por Bernardo Sorj: Uma coletânea de ensaios que analisam o impacto da Constituição em diversas áreas da sociedade.

Comparar o texto do Artigo 5º da CF/88 (que lista os direitos e deveres) com o da Bill of Rights americana. Observe a diferença de filosofia: uma lista extensa de direitos ""concedidos"" pelo Estado versus uma lista curta de proibições ao Estado.","É mais importante que uma constituição garanta a ""liberdade de fazer algo"" (como nos EUA, onde o governo é proibido de interferir) ou o ""direito a receber algo"" (como no Brasil, onde o Estado é obrigado a prover)?

A facilidade com que a nossa constituição é emendada (via PECs) é um sinal de flexibilidade democrática ou de instabilidade institucional?

Se a constituição promete tudo, mas o Estado não entrega, quem é o culpado: a constituição por ser utópica ou o Estado por ser ineficiente?",,
9.8.2,book,O desarmamento,A lógica do rule of law vs. a submissão do cidadão,"Poucas políticas ilustram tão bem a diferença entre a cosmovisão anglo-americana e a mentalidade estatista brasileira quanto a questão das armas.

Nos Estados Unidos, a Segunda Emenda da Constituição garante o ""direito do povo de manter e portar armas"". Este direito não é visto como uma concessão do Estado, mas como um birthright, um direito de nascença, um direito natural que o Estado não pode infringir. A lógica por trás disto, que vem da tradição do rule of law (império da lei), é dupla:

O Direito à Legítima Defesa: O Estado não pode estar em todo o lugar a todo o tempo. O cidadão honesto tem o direito natural de se defender da violência de um criminoso.

A Defesa Contra a Tirania: Este é o ponto crucial e mais esquecido. Os Founding Fathers sabiam que um governo pode tornar-se tirânico. Um povo armado é a última garantia contra um Estado que queira esmagar as suas liberdades. A posse de armas não é sobre caça; é sobre cidadania.

No Brasil, seguimos o caminho oposto. O Estatuto do Desarmamento de 2003, aprovado sob a justificativa de ""reduzir a violência"", foi um dos maiores atos de desapoderamento do cidadão da nossa história. A sua premissa é a de que o cidadão comum não é confiável e que o monopólio da força deve pertencer exclusivamente ao Estado.

As consequências são a realidade que vivemos:

Os Criminosos Continuam Armados: O estatuto desarmou o cidadão honesto que cumpre a lei, mas não teve efeito algum sobre o bandido, que obtém as suas armas no mercado ilegal.

O Cidadão Torna-se Refém: O cidadão de bem é colocado numa posição de submissão, dependente da proteção de um Estado que, muitas vezes, é falho ou ausente. Ele torna-se presa fácil.

Aumenta o Poder do Estado: Um povo desarmado é um povo dócil, incapaz de resistir a uma eventual tirania.

Enquanto a mentalidade americana vê o cidadão como o soberano e o Estado como o seu servo (que deve ser mantido sob controlo), a mentalidade por trás do desarmamento no Brasil vê o Estado como o pai e o cidadão como uma criança irresponsável que precisa de ser tutelada e controlada ""para o seu próprio bem"". É a consolidação de um Estado que se coloca acima do povo que deveria servir.",35,3,"desarmamento, Estatuto do Desarmamento, rule of law, birthrights, Segunda Emenda, legítima defesa, Estado, tirania","Os Artigos Federalistas de Alexander Hamilton, James Madison e John Jay: Os ensaios que defenderam a ratificação da Constituição americana são uma aula sobre a desconfiança dos Fundadores em relação ao poder concentrado.

Mentiram para Mim sobre o Desarmamento de Flávio Quintela e Bene Barbosa: Um livro que desmente, com dados e fatos, os mitos usados para defender o Estatuto do Desarmamento no Brasil.","Quem tem mais a temer de um cidadão honesto e armado: o criminoso ou o político tirânico?

A frase ""se as armas fossem permitidas, haveria um banho de sangue no trânsito"" pressupõe que os seus concidadãos são bárbaros irracionais à beira de se matarem? Que visão da natureza humana está por trás deste argumento?

A Suíça tem um dos maiores índices de armas por habitante do mundo e uma das menores taxas de criminalidade. Como este fato desafia a narrativa desarmamentista?",,
9.8.3,book,O caso José Dirceu,A anistia como arma e a estratégia das tesouras,"Para entender as intenções reais por trás de muitas leis e movimentos políticos no Brasil pós-1988, é preciso entender a mentalidade dos seus arquitetos. A história de José Dirceu, um dos fundadores e estrategistas do Partido dos Trabalhadores (PT), é um estudo de caso paradigmático da mentalidade revolucionária a operar dentro das instituições.

A história dele não começa com a anistia; começa com a violência.

Exílio e Treinamento: Dirceu foi exilado em 1969. Ele não foi para a Europa escrever poesia; foi para Cuba, onde recebeu treinamento de guerrilha. A sua luta não era por ""democracia"", mas pela implantação de uma ditadura comunista no Brasil.

A Plástica e o Nome Falso: Após o treinamento, ele regressou clandestinamente ao Brasil nos anos 70. Para viver na clandestinidade, ele fez uma cirurgia plástica para alterar o nariz e assumiu uma nova identidade: Carlos Henrique Gouveia de Mello. Com este nome falso, ele casou-se e teve um filho, que cresceu sem saber a verdadeira identidade do pai.

A Anistia como Oportunidade: A Lei da Anistia de 1979, vendida como um ato de ""reconciliação nacional"", foi, para figuras como Dirceu, uma oportunidade de ouro. Ele pôde ""ressuscitar"" com a sua identidade original, abandonar a família que construiu sob um nome falso e entrar ""oficialmente"" na política.

A história de Dirceu é a ilustração da estratégia das tesouras, como descrita por Lênin: a revolução avança com duas lâminas. Uma é a da luta armada, da violência. A outra é a da luta política, da infiltração nas instituições. Quando a lâmina da guerrilha falhou no Brasil, a esquerda revolucionária, anistiada e legitimada, passou a usar a lâmina da política, da burocracia e das leis.

O caso Dirceu ensina-nos uma lição crucial: para um revolucionário, a ""democracia"" não é um valor em si, mas um veículo conveniente para a tomada do poder. A anistia não foi vista como um ato de perdão, mas como um armistício tático para continuar a guerra por outros meios. Entender esta mentalidade é fundamental para decifrar as ""intenções atuais"" por trás de muitas das leis e dos movimentos que buscam, sob a fachada da ""justiça social"", corroer as fundações da nossa sociedade.",35,4,"José Dirceu, anistia, exílio, Cuba, manipulação, estratégia, poder, PT, esquerda, socialismo","O Retrato: O Comunismo no Brasil de Osvaldo Peralva: Escrito por um ex-membro do Partido Comunista, o livro é um relato devastador, visto por dentro, sobre os métodos, as traições e a submissão a Moscou do movimento comunista no Brasil.

A Revolução das Tesouras, artigo de Olavo de Carvalho, que detalha a estratégia leninista de usar tanto a força quanto a infiltração política para alcançar os seus objetivos.

O teatro das tesouras: Documentário do Brasil Paralelo disponível no YouTube","O que a história pessoal de José Dirceu (a cirurgia, a identidade falsa, a família abandonada) nos diz sobre a relação de um revolucionário com a verdade e com os laços humanos?

A Lei da Anistia, ao perdoar tanto os agentes do Estado quanto os terroristas de esquerda, foi um ato de justiça ou um erro que permitiu que mentalidades totalitárias voltassem à vida pública?

A estratégia de ""ocupar espaços"" (nas universidades, na mídia, na política), tão defendida pela esquerda, é uma forma legítima de participação democrática ou a continuação da guerra por outros meios, como o caso Dirceu sugere?",,
9.8.4,book,O cidadão desarmado,"A tirania disfarçada de ""bem""","Poucas políticas revelam a alma de um regime político de forma tão clara quanto a sua atitude em relação ao direito de um cidadão se defender. A questão do armamento civil não é sobre criminalidade; é sobre a relação fundamental entre o indivíduo e o Estado.

Nesta seção, vamos dissecar a filosofia por trás do direito à legítima defesa, comparando a visão dos Founding Fathers americanos, o espírito da nossa Constituição Imperial, e a mentalidade estatista e autoritária que culminou no Estatuto do Desarmamento no Brasil.

Você entenderá que a decisão de desarmar um povo nunca é sobre segurança. É sobre poder. É sobre quem o Estado realmente vê como a ameaça: o criminoso ou o próprio cidadão livre. Ao final, a lógica se tornará clara: um Estado que confia nos seus cidadãos não os teme; um Estado que teme os seus cidadãos não confia neles e, em última análise, não os serve.",35,5,"desarmamento, Estado, liberdade, tirania, cidadão, rule of law, direitos, submissão","Os Artigos Federalistas de Alexander Hamilton, James Madison e John Jay: Os ensaios que defenderam a ratificação da Constituição americana são uma aula sobre a desconfiança dos Fundadores em relação ao poder concentrado e a necessidade de um povo vigilante.

A Lei de Frédéric Bastiat: Um ensaio clássico que define a lei como a organização do direito natural de legítima defesa, e a sua perversão quando usada para violar a vida, a liberdade e a propriedade.","Na sua opinião, o Estado tem o direito de lhe tirar a capacidade de defender a sua própria vida e a da sua família? De onde viria esse direito?

Por que os regimes mais tirânicos da história (nazista, comunista, etc.) sempre implementaram políticas de desarmamento rigorosas para a população civil como um dos seus primeiros atos?

""Leis que proíbem o porte de armas... desarmam apenas aqueles que não estão inclinados nem determinados a cometer crimes."" A frase, de Thomas Jefferson, ainda é válida hoje?",,
9.8.5,book,A Segunda Emenda americana,Uma lição sobre liberdade e desconfiança do poder,"Para entender a profundidade do que nos foi tirado, precisamos primeiro de olhar para o ideal. A Segunda Emenda à Constituição dos Estados Unidos é, talvez, o texto legal mais incompreendido e caluniado do mundo. Ele diz:

""Uma milícia bem regulada, sendo necessária para a segurança de um Estado livre, o direito do povo de manter e portar armas não será infringido.""

A narrativa desarmamentista mente, dizendo que isto se aplica apenas a ""milícias"" estatais. É uma falsificação. Vamos analisar linha a linha, como os Founding Fathers a entendiam:

""Uma milícia bem regulada..."": Na linguagem da época, ""milícia"" não era o exército do Estado. Era o corpo de todos os cidadãos capazes de pegar em armas para defender a sua comunidade. ""Bem regulada"" significava bem treinada, disciplinada, e não ""controlada pelo governo"".

""...sendo necessária para a segurança de um Estado livre..."": Aqui está o ""porquê"", a premissa fundamental. A segurança de um Estado livre não depende de um exército profissional que pode ser usado contra o próprio povo, mas da capacidade do povo de se defender. De se defender de quem? De criminosos, de invasores estrangeiros e, o mais importante, do seu próprio governo, caso ele se torne tirânico.

""...o direito do povo de manter e portar armas não será infringido."": Esta é a conclusão e a ordem. Note a linguagem: ""o direito do povo"". É um direito preexistente, um birthright (direito de nascença), um direito natural que vem de Deus ou da própria natureza humana. A Constituição não concede este direito; ela reconhece que ele existe. E a ordem para o governo é absoluta: ""não será infringido"" (shall not be infringed). Não é ""pode ser regulamentado"" ou ""pode ser limitado"". É uma proibição taxativa ao poder do Estado.

A Segunda Emenda não é sobre caça ou desporto. É uma declaração de desconfiança fundamental em relação ao poder centralizado. É a apólice de seguro da liberdade, a garantia de que o povo será sempre o senhor, e o Estado, o servo.",35,6,"Segunda Emenda, constituição americana, founding fathers, birthright, rule of law, milícia, tirania, liberdade","Democracia na América de Alexis de Tocqueville: O observador francês notou, já no início do século XIX, como a cultura americana de autogoverno e de associação voluntária (a ""milícia"" em sentido cívico) era a base da sua liberdade.

The Founders' Second Amendment de Stephen P. Halbrook: Uma análise histórica detalhada que prova, com base nos escritos dos próprios Fundadores, que a intenção da Segunda Emenda era garantir um direito individual.","A ideia de que o cidadão deve ter o direito de se defender do seu próprio governo parece-lhe ""radical"" ou ""lógica""?

Por que a mídia e a academia progressistas se esforçam tanto para reinterpretar e limitar o significado da Segunda Emenda?

Se o Estado tem o monopólio da força, e o povo está desarmado, a relação ainda é de um governo de ""servos do povo"", ou torna-se uma relação de ""senhores e súditos""?",,
9.8.6,book,O espírito da Constituição Imperial de 1824,A inviolabilidade da casa e o limite do poder,"O Império do Brasil não tinha uma ""Segunda Emenda"" explícita, mas a sua filosofia constitucional era profundamente alinhada com a proteção do indivíduo contra o poder do Estado. A Constituição de 1824 não foi um documento que ""concedia"" direitos, mas que reconhecia as liberdades e impunha limites claros ao governo.

O seu espírito está encarnado no Artigo 179, a nossa própria carta de direitos. Vamos analisar alguns dos seus pontos:

""A sua casa é o asilo inviolável do Cidadão..."": Esta não é uma frase poética. É um princípio jurídico. A sua casa era um santuário onde o poder do Estado não podia entrar sem um mandado judicial claro e por razões gravíssimas.

""...o direito de Propriedade é garantido em toda a sua plenitude."": A Constituição proibia o confisco de bens e, como vimos, até mesmo o IPTU, o imposto sobre a sua casa. A propriedade era vista como uma extensão da pessoa, fruto do seu trabalho, e não como uma concessão do Estado.

""Nenhuma lei será estabelecida sem utilidade pública."": Este era um freio contra a ""inflação legislativa"". Leis não podiam ser criadas por capricho ou para beneficiar grupos de interesse.

Onde está a conexão com a legítima defesa? A lógica é clara: se a sua casa é um ""asilo inviolável"" e a sua propriedade é ""garantida em toda a sua plenitude"", disso decorre o direito natural de defender este asilo e esta propriedade contra qualquer agressor. A ideia de uma lei que o proibisse de ter os meios para defender a sua própria casa seria uma violação direta do espírito do Artigo 179.

Mais importante ainda, o Império tinha uma arma contra a tirania do parlamento: o Poder Moderador. Se os deputados, num delírio de engenharia social, tentassem criar uma lei que fosse ""contra o povo"" – como uma lei de desarmamento geral –, o Imperador tinha o poder e o dever de a vetar, agindo como o guardião último das liberdades dos seus súditos. A própria estrutura do poder imperial era uma barreira contra o tipo de tirania legislativa que se tornou comum na República.",35,7,"Constituição de 1824, Império, Artigo 179, inviolabilidade, propriedade, liberdade, Poder Moderador, tirania legislativa","Ler o Artigo 179 da Constituição de 1824 na íntegra. É uma peça de clareza e de defesa da liberdade individual que envergonha a nossa constituição atual.

A Construção da Ordem: A Elite Política Imperial de José Murilo de Carvalho: Mostra como o sistema imperial, com as suas complexas engrenagens (Poder Moderador, Conselho de Estado), buscava a estabilidade e a proteção contra os radicalismos.","A ideia de que ""a sua casa é um asilo inviolável"" ainda é respeitada na prática no Brasil de hoje?

Se a Constituição Imperial proibia o IPTU, considerando a casa ""sagrada"", por que aceitamos este imposto hoje como algo normal?

O Poder Moderador, que visava proteger o povo da tirania dos políticos, seria útil no Brasil de hoje?",,
9.8.7,book,O Estatuto do Desarmamento,A lógica do Estado-babá e a submissão do cidadão,"Em 2003, o Brasil deu o passo final na inversão completa da lógica da liberdade. Com a aprovação do Estatuto do Desarmamento, o Estado brasileiro declarou abertamente a sua filosofia: o cidadão não é um adulto responsável, mas uma criança perigosa que precisa de ser tutelada. A premissa deixou de ser a desconfiança no Estado (como nos EUA e, em espírito, no Império) e passou a ser a desconfiança no cidadão.

Esta lei não nasceu de uma demanda popular. Foi um projeto de engenharia social, impulsionado por ONGs globalistas e por uma elite política que vê um povo armado como uma ameaça. A propaganda foi massiva: venderam a ideia de que ""menos armas, menos crimes"". Uma mentira que os fatos subsequentes iriam desmascarar de forma sangrenta.

As consequências foram exatamente as previstas por qualquer pessoa com um mínimo de senso da realidade:

Os Criminosos, Fortemente Armados: O estatuto, obviamente, não teve efeito nenhum sobre o mercado ilegal. Os bandidos, traficantes e facções continuaram (e continuam) a ter acesso a fuzis, granadas e a todo tipo de armamento pesado.

O Cidadão, Indefeso: O estatuto desarmou a única pessoa que segue a lei: o cidadão de bem. Ele foi transformado num alvo fácil, proibido de ter os meios eficazes para defender a sua casa, a sua família e a sua vida.

A Explosão da Violência: Nos anos que se seguiram ao estatuto, os números de homicídios no Brasil não caíram; eles explodiram, atingindo recordes históricos. Ao desarmar as vítimas e deixar os agressores armados, o Estado criou um paraíso para os criminosos.

Em 2005, num raro momento de lucidez, o povo brasileiro foi chamado a um referendo para decidir sobre a proibição do comércio de armas. E, apesar de uma campanha midiática esmagadora a favor do ""Sim"" (pela proibição), o povo, com o seu bom senso, votou massivamente ""Não"" (63% a 36%), rejeitando a tentativa do Estado de o desarmar completamente. A resposta da classe política? Ignorar a vontade popular e manter o Estatuto em vigor através de decretos e burocracias.

Figuras como Bene Barbosa e outros tornaram-se vozes importantes na luta contra esta tirania, mostrando com fatos e dados a falácia do desarmamento. A sua luta é a continuação da velha batalha pela liberdade: a luta do indivíduo contra um Estado-babá que, sob o pretexto de o proteger, exige a sua total submissão.",35,8,"Estatuto do Desarmamento, Estado-babá, submissão, desproteção, criminosos, Bene Barbosa, referendo, tirania","Mentiram para Mim sobre o Desarmamento de Flávio Quintela e Bene Barbosa: O livro que se tornou a principal referência no Brasil para desmentir, com dados e fatos, cada um dos mitos usados para defender o Estatuto do Desarmamento.

A Revolta de Atlas de Ayn Rand: A obra de ficção explora o que acontece quando o Estado, em nome do ""bem comum"", começa a esmagar os direitos individuais, e como a única resposta é a resistência dos homens de mente independente.","Se o povo votou massivamente ""Não"" no referendo de 2005, mas a política desarmamentista continuou, quem realmente governa o Brasil: o povo ou a elite burocrática?

A narrativa de que ""mais armas geram mais violência"" resiste aos fatos de países como a Suíça ou de estados americanos com altas taxas de posse de armas e baixas taxas de crime?

Qual é a mensagem que um Estado envia ao seu povo quando diz: ""Você não tem o direito de se defender. Apenas nós podemos ter armas. Confie em nós""?",,
10,document,A educação no mundo e no Brasil,A engenharia da ignorância,"Bem-vindo a uma nova e crucial fase da nossa jornada. Até agora, resgatamos a história para entender de onde viemos. Agora, vamos dissecar o presente para entender por que nos esquecemos. E o epicentro deste esquecimento, a arma mais eficaz na guerra contra a sua identidade, é o sistema de educação.

Este conteúdo irá revelar ao leitor os abusos, as manipulações, o afastamento da realidade, o endoutrinamento e as ferramentas de controle colocadas no sistema de educação brasileiro. Mostraremos como ele não é um sistema ""falho"" ou ""incompetente"", mas assustadoramente eficiente no seu verdadeiro objetivo: criar uma população dócil, ignorante da sua própria herança e facilmente manipulável.

Veremos como este projeto local ecoa uma agenda globalista, uma tentativa de criação de uma unidade mundial de pensamento e comportamento, onde as identidades nacionais, a fé e a alta cultura são obstáculos a serem demolidos. Qualquer semelhança com o livro 1984, de George Orwell, é, como você ironicamente notou, uma mera coincidência. Prepare-se para entender que a crise na educação não é um problema técnico a ser resolvido com mais verbas; é um projeto de poder a ser desmascarado.",36,1,"educação, Brasil, MEC, globalismo, endoutrinamento, manipulação, controle, Orwell, verdade","A Mente Cativada de Czesław Miłosz: Um ensaio brilhante de um prêmio Nobel que escapou do comunismo, descrevendo a psicologia da submissão intelectual a uma ideologia totalitária.

A Nova Era e a Revolução Cultural de Olavo de Carvalho: Uma análise de como movimentos aparentemente díspares (ambientalismo, globalismo, etc.) convergem para um projeto de poder que visa dissolver a civilização ocidental.","Você já teve a sensação de que a escola o ensinou a passar em provas, mas não a pensar por si mesmo?

A ideia de uma ""unidade mundial de pensamento"" é uma utopia de paz ou uma distopia de controle?

Se a educação é uma arma, quem está a empunhá-la hoje no Brasil, e com que objetivo?",,
10.1,book,O desprezo pela intelectualidade racional,A cultura que celebra o medíocre e persegue o gênio,"Pense na sua experiência escolar. Quem era o herói da turma? O aluno mais esforçado, que lia os clássicos e fazia as perguntas mais difíceis, ou o ""malandro"", o popular, o que desprezava o estudo? No Brasil, institucionalizou-se um profundo desprezo pelo inteligente. O intelectual, o erudito, o esforçado, não é admirado; ele é ridicularizado, chamado de ""nerd"" ou ""CDF"", visto com desconfiança.

Este não é um traço de caráter acidental. É um projeto cultural. Uma sociedade que quer ser controlada precisa de celebrar o medíocre e de neutralizar aqueles que, pela força do seu intelecto, poderiam desmascarar as mentiras do sistema. O esforço racional verdadeiro, a busca paciente pela verdade, é desprezado. Em seu lugar, valoriza-se a ""esperteza"", a ""opinião rápida"", o sentimentalismo e o debate de slogans.

A consequência mais grave deste projeto é o apagamento dos nossos verdadeiros heróis da intelectualidade.

Mario Ferreira dos Santos: Talvez o maior filósofo que o Brasil já produziu, autor de uma obra monumental, a ""Enciclopédia de Ciências Filosóficas e Sociais"". Um polímata que dominava dezenas de áreas do saber. Você ouviu o nome dele na escola? Provavelmente não. Ele foi deliberadamente esquecido, pois o seu pensamento, ancorado na filosofia clássica e cristã, é um antídoto para a confusão moderna.

Olavo de Carvalho: O filósofo que, praticamente sozinho, nas últimas décadas, declarou guerra a este sistema de embuste intelectual. Ele resgatou os métodos do pensamento, expôs a hegemonia marxista nas universidades e formou uma nova geração de estudantes sedentos pela verdade. Qual foi a resposta do sistema? Não foi o debate, mas a difamação, a demonização e a tentativa constante de o apagar da história.

Numa cultura sã, homens como Mario Ferreira e Olavo de Carvalho teriam estátuas em praças públicas. No Brasil, o sistema despreza-os e desconsidera-os, pois a sua mera existência prova que a mediocridade intelectual em que vivemos não é um destino, mas uma escolha imposta.",36,2,"intelectualidade, desprezo, Mario Ferreira dos Santos, Olavo de Carvalho, cultura, mediocridade, esforço, inteligência","O Homem que Aprendeu o Brasil de G. K. Chesterton: Não, Chesterton não escreveu este livro. Mas ler qualquer obra dele (como Ortodoxia ou O Homem Eterno) é ter um vislumbre do que é uma verdadeira intelectualidade racional, apaixonada e livre, o exato oposto do que o nosso sistema promove.

O Mínimo que Você Precisa Saber para não Ser um Idiota de Olavo de Carvalho: Uma coletânea de artigos que serve como uma porta de entrada para o pensamento do filósofo e um treinamento de choque contra a imbecilidade coletiva.

Pesquisar sobre a vida e a obra de Mario Ferreira dos Santos. Descobrir a sua existência é o primeiro passo para sair da caverna.","Você já teve a sensação de que a escola o ensinou a passar em provas, mas não a pensar por si mesmo?

A ideia de uma ""unidade mundial de pensamento"" é uma utopia de paz ou uma distopia de controle?

Se a educação é uma arma, quem está a empunhá-la hoje no Brasil, e com que objetivo?",,
10.2,book,Catedrais góticas e o desprezo pelo belo,A alma de uma cultura revelada na sua arquitetura,"Um dos sintomas mais visíveis da doença de uma civilização é o seu desprezo pela beleza. Como vimos no livro anterior, a catedral gótica era a expressão máxima da alma medieval: uma busca pela ascese, pelo crescimento espiritual e intelectual, materializada em pedra e luz.

O Brasil, por sua história, não tem catedrais góticas medievais. Mas nós tivemos a nossa própria explosão de beleza sagrada: as magníficas igrejas coloniais do Barroco em Minas Gerais, no Rio de Janeiro, em Salvador, em Itu. Elas são as nossas catedrais. São a prova de que os nossos antepassados, mesmo nos rincões do Império, partilhavam da mesma busca pela transcendência, do mesmo desejo de dar a Deus o que há de mais belo.

Agora, pergunte-se: o que o sistema educacional e cultural brasileiro faz com esta herança? Ele despreza-a.

Nas escolas: O Barroco é ensinado como a arte da ""aparência"", da ""ilusão"", um truque da Igreja para ""enganar"" o povo iletrado, uma visão puramente marxista que enxerga apenas luta de classes e ignora a fé.

Na prática: Muitas destas joias arquitetônicas estão mal conservadas, abandonadas pelo poder público. O incêndio que destruiu parte da Igreja de São Francisco de Assis em Ouro Preto, ou a degradação constante do centro histórico do Rio, não são acidentes. São o resultado de um desprezo deliberado pelo nosso passado.

Este desprezo pelo belo preservado evidencia a degradação social manipulada. É o fruto da mesma intenção social-comunista que vemos na arquitetura de Brasília. A mentalidade que produz os ""cubos frios"" de Niemeyer é a mesma que não vê valor numa igreja barroca. Ambas partilham do mesmo ódio à transcendência, à herança e à beleza que nos conecta a algo maior do que o projeto de poder do momento.

O apagamento da história e dos heróis caminha de mãos dadas com o enfeiamento do mundo. Uma cultura que já não sabe por que se construiu uma igreja em Ouro Preto é uma cultura que aceitará passivamente a construção de qualquer monstrengo de concreto em Brasília. É uma cultura que perdeu a sua alma.",36,3,"catedrais, beleza, arquitetura, desprezo, clássico, barroco, ascese, degradação, comunismo, apagamento","Why Beauty Matters? (Por que a Beleza Importa?) de Roger Scruton: Reveja o documentário com este novo olhar. A crítica de Scruton à arquitetura moderna aplica-se perfeitamente ao contraste entre a nossa herança colonial e a degradação atual.

Guia da Arquitetura Barroca em Minas Gerais de Myriam Andrade Ribeiro de Oliveira: Um livro para apreciar, com conhecimento de causa, a riqueza e a teologia por trás da nossa maior herança artística.","Visite (fisicamente ou virtualmente) uma igreja histórica da sua região. Tente olhar para ela não como uma peça de museu, mas como os seus construtores a viam: uma casa para Deus. A sua percepção muda?

Por que a arte e a arquitetura modernas são, muitas vezes, deliberadamente feias ou chocantes? O que elas procuram comunicar com essa feiura?

A preservação do patrimônio histórico é um ""gasto inútil"" ou um investimento na identidade e na alma de uma nação?",,
10.3,book,Poucas ou nenhumas obras escolásticas,O exílio da razão e a perda da alta cultura,"Nos capítulos do Livro 2, vimos o milagre da Idade Média: a invenção da universidade e o florescimento da filosofia escolástica. Vimos como homens como São Tomás de Aquino construíram ""catedrais do pensamento"", usando a lógica de Aristóteles para criar a mais sofisticada ferramenta de análise da realidade que o Ocidente já produziu. A escolástica não era um ""estudo de religião""; era um treino de combate para a inteligência, a arte de fazer distinções, de analisar argumentos, de refutar objeções e de buscar a verdade com um rigor implacável.

Esta tradição formou a mente europeia por séculos. Mesmo após o Renascimento e o Iluminismo, a estrutura do pensamento escolástico permaneceu como a espinha dorsal da alta cultura no Ocidente. As grandes universidades, mesmo as seculares, mantiveram o estudo sério dos clássicos e da filosofia medieval como a base para a formação de uma elite intelectual.

Agora, olhe para o Brasil. Onde está a nossa herança escolástica?

A resposta é: ela foi exilada. A ausência de ofertas filosóficas sérias sobre este período no currículo padrão das nossas escolas e universidades não é um acidente. É um projeto. No Brasil, o estudo profundo de como o ser humano é conduzido ao aprendizado através da lógica e da metafísica foi confinado a um gueto. Está restrito a seminários, a livrarias católicas e a um punhado de intelectuais corajosos. Não faz parte da cultura do ensino, não está na formação dos nossos professores, mestres e doutores.

Enquanto outras nações, no seu período construtivo pré-globalista, beberam desta fonte de rigor intelectual para formar os seus estadistas e cientistas, o Brasil foi deliberadamente privado dela. O resultado é uma cultura intelectual anêmica, incapaz de raciocínios de longo alcance, viciada em slogans ideológicos e desarmada para o debate de alto nível. O exílio da escolástica das nossas universidades foi um passo fundamental no projeto de rebaixamento da inteligência nacional.",36,4,"escolástica, filosofia, São Tomás de Aquino, razão, universidade, Brasil, cultura, apagamento, lógica","Introdução a São Tomás de Aquino de G. K. Chesterton: A melhor porta de entrada para entender não apenas as ideias, mas a mentalidade de São Tomás e da era escolástica. Chesterton mostra como a lógica tomista está enraizada no mais puro senso comum.

A Filosofia na Idade Média de Étienne Gilson: Uma obra de referência de um dos maiores historiadores da filosofia, que mapeia todo o desenvolvimento do pensamento escolástico.","Você alguma vez teve uma aula na escola ou na faculdade que ensinasse como pensar de forma estruturada (lógica, identificação de premissas, etc.), ou as aulas eram focadas apenas em transmitir ""conteúdo""?

Por que uma elite que deseja manipular uma população teria interesse em suprimir o ensino da lógica rigorosa?

A ideia de que a fé e a razão podem ser parceiras na busca da verdade (o coração da escolástica) é comum na nossa cultura, ou a narrativa dominante é a de que elas são inimigas?",,
10.4,book,O sistema nacional de ensino,A máquina de produzir ignorância,"Vamos analisar a máquina por trás da degradação: o sistema nacional de ensino, centralizado na figura do Ministério da Educação (MEC). Se olharmos para os números, o paradoxo é gritante. O MEC tem um dos maiores orçamentos da nação, com dezenas de milhares de funcionários e um custo de bilhões de reais por ano. E qual é o resultado? O Brasil amarga as últimas posições nos rankings mundiais de educação, como o PISA. Produzimos em massa analfabetos funcionais: jovens que, após anos de escolarização, sabem assinar o nome, mas são incapazes de interpretar um texto simples.

O sistema sequestra as crianças por cerca de 5 horas por dia, 5 dias por semana, durante mais de uma década. E, ao final de 8 anos, não é capaz de entregar um cidadão que saiba ler e escrever com proficiência. Se uma empresa privada tivesse uma performance tão desastrosa, ela já teria falido. Mas o Estado não apenas sobrevive, como insiste no seu monopólio.

A hostilidade ao homeschooling (educação domiciliar) é um sintoma claro: o sistema não tolera concorrência, pois o seu objetivo não é a excelência, mas o controle. Enquanto na América houve uma correção, um resgate da educação clássica (o Trivium da Irmã Miriam Joseph, a arte da leitura de Mortimer Adler), no Brasil isso nunca ocorreu. Aqui, a educação vive de ""reformas"" cosméticas, enquanto as ciências no mundo fazem ""avanços"".

Pior, o sistema MEC, nas suas premissas, sequer reconhece a legitimidade da verdadeira educação particular. Não é possível, no Brasil, criar uma escola ou universidade com premissas próprias e autênticas (seja ela católica, clássica ou de qualquer outra linha de excelência) sem ser forçado a se curvar à regra geral de rebaixamento do currículo e da aprovação impostas pelo Ministério. É um sistema projetado para nivelar por baixo.",36,5,"MEC, sistema de ensino, orçamento, analfabetismo funcional, homeschooling, Trivium, reforma, rebaixamento","Como Ler Livros de Mortimer Adler e Charles Van Doren: O manual definitivo que mostra o que a verdadeira educação deveria ensinar: não apenas a ler, mas a entender, a analisar e a criticar.

Pátria Educadora em Crise de Thomas Giuliano: Um livro contemporâneo que analisa a devastação causada pela pedagogia de Paulo Freire e seus seguidores na educação brasileira.","Se o problema da educação brasileira não é falta de dinheiro, qual é o verdadeiro problema?

Por que o Estado brasileiro demonstra tanta hostilidade à ideia de que os pais possam ser os principais responsáveis pela educação dos seus filhos (homeschooling)?

O que significa a frase ""no Brasil a educação faz reforma, as ciências pelo mundo fazem avanços""?",,
10.5,book,O objetivo real do ensino no Brasil,A fábrica de idiotas úteis,"Se o sistema nacional de ensino tem uma performance tão baixa, por que ele é mantido? A resposta é aterrorizante: porque ele não tem o objetivo de educar. Ele é uma máquina perfeitamente eficiente no seu verdadeiro propósito: distribuir indivíduos na sociedade por certificados e diplomas, criando massa de manobra e idiotas úteis. O sistema está ocupado demais em produzir documentos, e não em formar almas.

O maior expoente e arquiteto deste projeto de rebaixamento mental é Paulo Freire. O seu método, vendido como ""libertador"", é o exato oposto. Em vez de elevar o aluno ao conhecimento, incentivando-o à Ascese (a subida, o esforço para alcançar um nível superior), Freire resolve baixar o conhecimento ao microverso do aluno. Ele aprisiona o estudante na sua própria ""realidade"" limitada (o seu vocabulário, as suas experiências imediatas), assegurando que ele seja mantido na situação em que está: sem progresso, sem entendimento e sem a capacidade de se comunicar com o mundo para além da sua pequena fronteira.

Deste pensamento desastroso nascem soluções amórficas e maléficas como:

Aprovação Automática: Se o aluno não aprende, a culpa não é do método ou do aluno; a culpa é do ""sistema opressor"". A solução? Eliminar a reprovação, destruindo qualquer noção de mérito e de esforço.

Cotas Raciais e Sociais: Em vez de atacar a raiz do problema – a péssima qualidade do ensino básico que impede os alunos pobres de competir –, o sistema inverte a lógica do mérito. Ele rebaixa os pré-requisitos de acesso, criando um simulacro de universidade onde o aluno não tem as competências mínimas para dominar o campo intelectual em que se propõe a atuar.

O resultado? Um jovem que chega à universidade sem saber interpretar um texto torna-se a massa de manobra ideal para a militância, para o endoutrinamento e para a deformidade intelectual. A escola deixa de ser um templo do saber e torna-se um centro de adestramento coletivo de modismos politicamente corretos, uma ""escola cidadã"" disfarçada de boa intenção, mas que produz cidadãos incapazes de compreender o mundo. E estes, por sua vez, tornam-se os ""idiotas úteis"" perfeitos para um sistema que busca apenas se perpetuar no poder, sem que haja qualquer espaço para a verdadeira mudança ou para o crescimento.",36,6,"objetivo do ensino, Paulo Freire, rebaixamento mental, ascese, aprovação automática, cotas, mérito, militância, idiotas úteis","Pedagogia do Oprimido de Paulo Freire: É preciso ler a obra original para entender a sua base marxista, a sua visão da educação como ""ato político"" e a sua linguagem de luta de classes.

A Tirania do Mérito de Michael Sandel: Embora de um autor com visão diferente, o livro ajuda a entender o debate moderno sobre a meritocracia, que é o alvo principal de pedagogias como a de Freire.","Qual a diferença entre ""elevar o aluno ao conhecimento"" e ""baixar o conhecimento ao aluno""? Qual das duas abordagens você vivenciou na sua educação?

A política de cotas resolve o problema da desigualdade na educação ou apenas o mascara, criando um ressentimento e uma elite acadêmica artificial?

A expressão ""idiota útil"", cunhada por Lênin, descreve uma pessoa que serve a uma causa política sem compreender a sua verdadeira natureza. Você consegue identificar exemplos disso na sociedade hoje?",,
10.6,book,UNESCO e a educação universal,A Magna Didática e a manipulação global,"O projeto de rebaixamento da educação no Brasil não é uma invenção local. Ele ecoa e é impulsionado por uma agenda global, promovida por organizações como a UNESCO. Sob a bandeira de uma ""educação universal"" e de metas aparentemente nobres, esconde-se um projeto de padronização e de controle.

Neste modelo, o indivíduo e a sua capacidade são removidos do cenário. A meritocracia é desconstruída e atacada como uma ferramenta de ""opressão"". O objetivo não é mais formar indivíduos excelentes, mas criar um cidadão global homogêneo, desprovido de raízes nacionais e religiosas.

A ""grande e infalível didática universal"" de hoje vale-se do poder digital e do engajamento de ferramentas globais para manipular a psique humana. Ela usa os nossos vieses cognitivos, os nossos hormônios de confirmação e de prazer (as curtidas, as notificações) e todas as constantes de controle necessárias para implantar ideias, ideologias e molduras mentais. A narrativa substitui a realidade.

A citação da Irmã Miriam Joseph no seu livro O Trivium é cirúrgica. Ela identifica o pai filosófico desta miséria moderna: Comenius, o criador da Magna Didática no século XVII. A sua ideia de uma ""arte universal de ensinar tudo a todos"" (omnes omnia docendi artificium), embora bem-intencionada, continha a semente do mal que floresceria séculos depois. Ao focar no método universal em detrimento do conteúdo particular e da relação pessoal entre mestre e discípulo, ele abriu o caminho para a industrialização do ensino.

Hoje, a UNESCO é a herdeira global deste projeto. A educação deixa de ser um ato de ascese, uma subida em direção à sabedoria, e torna-se um processo de engenharia social, um sistema de controle projetado para criar não o homem sábio, mas o homem obediente.",36,7,"UNESCO, educação universal, globalismo, Comenius, Magna Didática, meritocracia, manipulação, indivíduo","O Trivium: As Artes Liberais da Lógica, Gramática e Retórica de Irmã Miriam Joseph: A introdução do livro, de onde vem a citação sobre Comenius, é uma defesa poderosa da educação clássica contra a didática universal moderna.

Pesquisar os relatórios e as metas educacionais da UNESCO. Leia-os com um olhar crítico. Que tipo de ""cidadão global"" eles parecem querer formar? Quais valores são enfatizados e quais são omitidos?","A ideia de uma ""educação universal"" padronizada para todos os países é benéfica, pois garante um ""padrão mínimo"", ou é perigosa, pois apaga as culturas e as identidades locais?

Como as redes sociais e as plataformas digitais podem ser usadas como ferramentas desta ""didática universal"" para implantar ideias e comportamentos em escala global?

Se Comenius é o ""pai da miséria do homem moderno"", quem seriam os ""padrinhos""?",,
11,shield,Ordem e Ordenamento,A arquitetura da realidade e o seu propósito,"Chegamos a um dos temas mais fundamentais da existência humana: a Ordem. A importância de entender a ordem na sua vida é o objetivo deste novo capítulo da nossa jornada. Aqui, vamos descrever os elementos da ordem que são os alicerces da própria realidade.

Olhe ao seu redor. Do balé dos planetas em suas órbitas à dança das proteínas dentro de uma célula, tudo obedece a uma lógica, a um padrão, a uma finalidade. Não existe uma molécula, uma força, uma relação físico-química ou biológica que não sirva a um propósito maior dentro de uma estrutura complexa. O universo não é um acidente; é um cosmos, uma palavra grega que significa ""ordem"".

O Caos, que o psicólogo Jordan B. Peterson descreve como a terrível Serpente do Mal, a promessa de uma liberdade sem limites, é, na sua essência, estéril. A desordem, por si só, não é capaz de criar absolutamente nada coerente. A entropia leva à dissolução, não à criação. Se existe uma criação, se existe um cosmos, é porque existe uma intenção. E se existe uma intenção, existe um Intencionador. Aqui se prova, como veremos, a Terceira Via de São Tomás de Aquino: a necessidade de um Ser que é a fonte de toda a existência.

Este ordenamento da realidade não é um bloco monolítico. A ordem em si possui uma ordem. E, para a entendermos, vamos organizá-la em seus elementos fundamentais.",37,1,"ordem, ordenamento, caos, propósito, intenção, São Tomás de Aquino, Jordan Peterson, vida, realidade","12 Regras para a Vida: Um Antídoto para o Caos de Jordan B. Peterson: O livro explora, de uma perspetiva psicológica e simbólica, a luta humana fundamental entre a ordem e o caos.

Suma Teológica de São Tomás de Aquino (Primeira Parte, Questão 2, Artigo 3): Contém as famosas ""Cinco Vias"", os argumentos racionais para a existência de Deus, incluindo a Terceira Via sobre a contingência e o ser necessário.","Pense no seu próprio corpo. A complexa interação entre os seus órgãos, células e sistemas parece-lhe o resultado de um ""acaso cego"" ou de uma ""ordem intencional""?

Em que áreas da sua vida você sente a presença do ""caos""? E em que áreas você sente a presença da ""ordem""?

A busca por ""ordem"" (numa casa, numa rotina, numa sociedade) é um ato de criatividade ou de opressão?",,
11.1,book,Ordem Divina,A mente do Criador como a planta da realidade,"O primeiro e mais fundamental nível da ordem é a Ordem Divina. É a ordem que procede do Ser Criador, que é implícita e anterior a toda a natureza e a toda a realidade física que se impõe. Se a criação é a obra, a Ordem Divina é a mente do Arquiteto, a planta do engenheiro, a sinfonia na mente do compositor.

Esta ordem não é uma força mística e irracional. Pelo contrário, ela é a própria Razão, o Logos. E nós podemos entendê-la, paradoxalmente, através do que chamamos de ciência.
Lembre-se do que já discutimos: a ciência não é a verdade final, mas um método de observação da realidade. E o que a ciência observa? Ela observa padrões, leis, uma consistência matemática espantosa no funcionamento do universo.

A física não descobre o caos, mas as leis da gravidade, do eletromagnetismo, da termodinâmica. Elas são tão precisas que nos permitem lançar foguetes para outros planetas.

A biologia não descobre o acaso, mas o código genético, uma linguagem de uma complexidade informacional que faz qualquer software humano parecer um brinquedo de criança.

Cada ""lei da natureza"" que a ciência descobre não é uma invenção humana; é a decifração de uma sentença que já estava escrita na realidade. O que o Criador precede é a própria criação, atuando como o seu motor imóvel, como diria Aristóteles – a causa primeira que move tudo, sem ser movida por nada.

A Ordem Divina é, portanto, a inteligência que se manifesta na estrutura do real. Reconhecê-la não é um ato de ""fé cega"" contra a ciência; é a conclusão mais lógica que a própria ciência nos permite tirar. Olhar para a complexidade de um floco de neve ou para a vastidão de uma galáxia e ver apenas um ""acidente"" é que exige um verdadeiro salto de fé no absurdo. Ver a assinatura do Artista na sua obra é o simples exercício da razão.",37,2,"ordem divina, Criador, Deus, natureza, realidade, ciência, leis da física, inteligência, motor imóvel","A Melodia Silenciosa: E a Ciência Revela a Mente de Deus de Gerald Schroeder: Escrito por um físico e teólogo, o livro explora as incríveis ""coincidências"" das leis da física que permitiram o surgimento da vida, argumentando a favor de um design inteligente.

Quem é Deus? do Prof. Felipe Aquino: Um livro que compila de forma clara e acessível os argumentos de grandes pensadores sobre a existência de Deus, conectando a ordem do universo com a necessidade de um Ordenador.","Se o universo fosse verdadeiramente caótico e sem leis, a própria ciência seria possível?

Albert Einstein disse: ""Deus não joga dados com o universo"". O que ele, como um dos maiores cientistas da história, queria dizer com esta afirmação?

A beleza matemática encontrada nas leis da física (como na sequência de Fibonacci, presente em galáxias e em conchas) é uma mera coincidência ou um sinal da Ordem Divina?",,
11.2,book,Quem é Deus?,A pergunta que define a realidade,"Após contemplarmos a Ordem Divina no tecido do universo, chegamos à pergunta mais fundamental, a que toda a civilização, todo o filósofo e todo o ser humano, no silêncio do seu coração, já se fez: Quem é Deus?

Esta não é uma questão reservada a teólogos ou a místicos. É a questão mais racional que existe. Como vimos, a própria existência de uma ordem implica um ordenador. Aqui, seguindo a ótica de autores como o Prof. Felipe Aquino, vamos reunir os argumentos de algumas das mentes mais brilhantes da humanidade, mostrando que a fé não é a negação da razão, mas a sua culminação.

Pense na Terceira Via de São Tomás de Aquino, o argumento do ""ser necessário"". Parece complexo, mas é de uma lógica cristalina.
Viva a cena: Imagine que você está a segurar este celular ou a olhar para este ecrã. Ele existe. Mas não existe por si mesmo. Ele existe porque foi fabricado numa fábrica. A fábrica existe porque engenheiros a projetaram. Os engenheiros existem porque os seus pais os geraram. Os seus pais, por sua vez, por causa dos seus avós. A sua existência é contingente, ela ""depende de"" outra coisa. Agora, leve esta lógica até ao fim. Esta cadeia de ""dependentes"" pode continuar para sempre, para o infinito? Não. É logicamente impossível. É como uma corrente suspensa no ar; em algum ponto, ela precisa de estar presa num gancho fixo na parede. É preciso que exista um Ser que não seja ""dependente de"", um Ser que simplesmente É. Um Ser que não foi causado, que é a sua própria razão de existir. A este Ser, a este Fundamento de toda a realidade, nós chamamos Deus.

Esta não é uma conclusão apenas de filósofos medievais. Os maiores cientistas da história, ao investigarem a ordem do universo, chegaram a conclusões semelhantes:

Isaac Newton, que decifrou as leis do movimento, via no cosmos ""o desígnio e o domínio de um Ser inteligente e poderoso.""

Louis Pasteur, o pai da microbiologia, concluiu de forma lapidar: ""Um pouco de ciência nos afasta de Deus. Muito, nos aproxima.""

Albert Einstein, embora não fosse um religioso tradicional, rejeitava a ideia do acaso, afirmando que queria ""conhecer os pensamentos de Deus; o resto são detalhes.""

Esta lição junta os conceitos de ordem, a necessidade de um fundamento (a terceira via) e as descobertas destes pensadores para lhe mostrar que a crença em Deus não é um salto no escuro, mas o destino lógico de uma mente que busca a verdade sem medo.",37,3,"Deus, Felipe Aquino, pensadores, cientistas, ordem, direito natural, terceira via, argumento, razão, fé","Quem é Deus? do Prof. Felipe Aquino: Um livro que compila de forma clara e acessível os argumentos de grandes pensadores sobre a existência de Deus, servindo como um excelente guia.

A Ciência de Deus de Gerald L. Schroeder: Escrito por um físico e teólogo, o livro explora como as descobertas da física moderna (como o Big Bang) são perfeitamente compatíveis com a noção de um Criador.","A afirmação ""eu acredito na ciência, não em Deus"" faz sentido lógico, considerando que a ciência se baseia na existência de uma ordem que ela mesma não explica?

Por que a nossa cultura moderna se sente tão desconfortável com a pergunta ""Quem é Deus?"", preferindo muitas vezes o refúgio do agnosticismo (""não sei"") ao esforço da investigação?

Se Deus é a resposta mais lógica para a existência do universo, por que tantas pessoas inteligentes o rejeitam? A barreira é puramente intelectual ou também moral e emocional?",,
11.3,book,Ordem Natural,A gramática de Deus inscrita na criação,"Se a Ordem Divina é a mente do Arquiteto, a Ordem Natural é a planta do edifício tornada visível na própria estrutura da criação. Ela é a manifestação da sabedoria de Deus, a Sua ""gramática"" impressa em tudo o que existe, desde as leis da física até à lei moral inscrita no coração do homem.

A parte mais íntima e importante desta ordem para nós é o que a filosofia clássica chama de Direito Natural. Não é uma lei escrita num livro, mas o ""manual de instruções"" da natureza humana. É a nossa percepção inata do certo e do errado.

Viva a cena: Imagine que você está a caminhar na rua e vê uma carteira cheia de dinheiro e de documentos cair do bolso de um homem à sua frente. Ele não percebe e continua a andar. Ninguém mais viu. Neste momento, uma batalha acontece dentro de si. Uma voz, a do egoísmo, diz: ""Pegue! É o seu dia de sorte!"". Mas outra voz, mais profunda e silenciosa, diz: ""Devolva. Não lhe pertence."" Esta segunda voz, que reconhece a propriedade, a honestidade e a justiça, mesmo que ninguém esteja a ver, é a voz da Ordem Natural. É a prova de que a moralidade não é uma mera ""construção social"", mas algo gravado na nossa essência.

Esta ordem chega até nós pela Providência Divina, que com a sua graça, ilumina a nossa razão e nos concede o entendimento da verdade. Não somos nós que inventamos que ""matar um inocente é errado"" ou que ""a coragem é uma virtude"". Nós descobrimos estas verdades, porque elas fazem parte da estrutura da realidade, assim como a lei da gravidade.

A Ordem Natural é o chão moral sobre o qual caminhamos. Ignorá-la não a faz desaparecer; apenas nos faz tropeçar e cair. As sociedades que constroem as suas leis em harmonia com o Direito Natural (protegendo a vida, a família, a propriedade) florescem. As que o desafiam, legalizando o que é intrinsecamente mau, entram em decadência e, por fim, colapsam.",37,4,"ordem natural, direito natural, providência, graça, verdade, moralidade, consciência, lei","A Abolição do Homem de C.S. Lewis: Um livro curto e profético que argumenta que a rejeição da lei natural objetiva (o que ele chama de Tao) levará à destruição da própria humanidade.

Direito Natural e História de Leo Strauss: Uma obra filosófica densa, mas fundamental, que traça a história do conceito de direito natural desde os gregos até à modernidade.","Se a moralidade fosse apenas uma ""construção social"", poderíamos condenar moralmente as práticas de outras culturas, como o canibalismo ou o sacrifício humano?

A declaração ""todos os homens são criados iguais, dotados pelo seu Criador de certos direitos inalienáveis"" (da Declaração de Independência dos EUA) é um argumento baseado no Direito Natural?

Quando você sente ""culpa"" após fazer algo errado, mesmo que ninguém tenha descoberto, o que ou quem está a ""julgá-lo""?",,
11.4,book,Ordem Intencional,A sua vida como uma obra de arte,"Chegamos agora ao ponto onde a grande arquitetura do cosmos encontra a sua vida quotidiana. A Ordem Divina é o plano; a Ordem Natural é a fundação. Mas a Ordem Intencional é o edifício que você e apenas você pode construir com as suas próprias escolhas. É a consequência do seu livre-arbítrio. É o ordenamento que você aplica no mundo através das suas ações.

Deus deu-nos a liberdade não para que pudéssemos viver no caos, mas para que pudéssemos, por um ato de amor e de vontade, escolher a ordem e participar no nosso próprio aperfeiçoamento e salvação. A Ordem Intencional é a beleza da virtude em ação.

E ela não se manifesta em grandes gestos heroicos, mas na rotina do dia a dia.
Viva a cena: Você acorda de manhã. O seu quarto está uma desordem da noite anterior. A Serpente do Caos, como diria Jordan Peterson, sussurra: ""Deixe para depois. Role mais um pouco no feed do seu celular."" Mas você, por um ato de vontade, levanta-se. Arruma a sua cama. A primeira batalha do dia foi vencida. Você não apenas arrumou um quarto; você impôs a ordem ao caos. Você tomou uma decisão intencional.

A Ordem Intencional é:

Arrumar o seu quarto, como o primeiro ato de pôr a sua própria vida em ordem.

Limpar o chão ao seu lado, mesmo que a sujeira não seja sua, porque você é responsável pelo seu pequeno pedaço de mundo.

Recolher o lixo da praia, deixando o lugar melhor do que o encontrou.

Escutar música com fone de ouvido em espaços públicos, respeitando o silêncio e a liberdade do próximo.

Manter o volume da festa sob controle, entendendo que a sua liberdade termina onde começa a do seu vizinho.

Cada um destes pequenos atos é uma escolha. É a aplicação da Ordem Divina e Natural através da sua ação. É o comportamento que escolhemos cumprir todos os dias, de forma consistente, intencional e definitiva. A santidade, no fim das contas, não é nada mais do que a prática heroica da Ordem Intencional em todas as pequenas coisas. A sua vida é a sua catedral. Cada ato de ordem é um tijolo que você assenta para a eternidade.",37,5,"ordem intencional, livre-arbítrio, ação, escolha, virtude, hábito, salvação, rotina, comportamento","12 Regras para a Vida: Um Antídoto para o Caos de Jordan B. Peterson: A primeira regra, ""Endireite as costas e arrume o seu quarto"", é a expressão perfeita da filosofia da Ordem Intencional.

Imitação de Cristo de Tomás de Kempis: Um clássico da espiritualidade que é, na sua essência, um manual prático sobre como aplicar a Ordem Intencional em cada pensamento e ação para se conformar à vontade de Deus.","Pense no seu dia de ontem. Quantas das suas ações foram ""intencionais"" (guiadas por um propósito) e quantas foram ""reativas"" (guiadas por impulsos ou distrações)?

Qual é a área da sua vida (o seu quarto, as suas finanças, os seus relacionamentos) que mais precisa de um ato de ""Ordem Intencional"" neste momento?

Por que atos simples como ""arrumar a cama"" podem ter um impacto psicológico tão grande na nossa sensação de controlo e de propósito?",,
11.5,book,Ordem Eterna,O circuito da realidade e o seu lugar nele,"Completamos agora o circuito. Damos a volta completa nos conceitos para entender como a grande arquitetura da realidade se fecha sobre si mesma num ciclo perfeito, e qual é o seu lugar nele.

Começamos com a Ordem Divina, a mente do Criador, a fonte de toda a existência e de toda a ordem.

Vimos como esta ordem se manifesta na criação como Ordem Natural, dando-nos as leis da física e a lei moral inscrita nos nossos corações.

E vimos como a graça de Deus nos concede a liberdade e a capacidade de participar nesta harmonia através da Ordem Intencional, as nossas escolhas e ações diárias.

E para onde nos levam estas escolhas, quando alinhadas com a verdade? Elas levam-nos de volta ao ponto de partida. A busca pela ordem na nossa vida é, em última análise, a busca por Deus. Cada ato de bondade, de beleza e de verdade que praticamos é um passo no caminho de regresso à casa do Pai.

A relação entre as ordens revela, portanto, um princípio eterno. Não é um sistema estático, mas um fluxo dinâmico, um circuito de amor:

Deus, que é a Ordem, cria um universo ordenado.

O homem, criado à imagem de Deus, tem a capacidade de reconhecer esta ordem.

Através do seu livre-arbítrio, o homem pode escolher alinhar-se com esta ordem ou rebelar-se contra ela.

Ao escolher a ordem, ele aperfeiçoa-se, cumpre o seu propósito e encontra o caminho para a união eterna com a própria Fonte da Ordem.

Viva a cena: Imagine-se a olhar para um céu noturno perfeitamente estrelado. Você sente uma admiração, uma sensação de assombro perante a vastidão e a beleza do cosmos (reconhecimento da Ordem Divina e Natural). Este sentimento inspira em si uma resolução: ""Amanhã, vou tentar viver a minha vida de forma menos caótica, mais alinhada com esta beleza."" No dia seguinte, você cumpre a sua promessa com pequenos atos de disciplina e de caridade (Ordem Intencional). E, à noite, ao olhar novamente para as estrelas, você já não sente apenas admiração; sente uma sensação de participação, de estar em harmonia com algo muito maior do que si mesmo. Você sente a paz da Ordem Eterna.

Entender este circuito é entender o sentido da vida. Não estamos perdidos num universo sem sentido. Somos atores num drama cósmico, cujo autor é Deus e cujo final feliz depende da nossa liberdade de escolher a ordem em vez do caos, a vida em vez da morte, o amor em vez do nada.",37,6,"ordem eterna, circuito, princípio, fim, Deus, graça, salvação, propósito, eternidade","Confissões de Santo Agostinho: A obra é a autobiografia de uma alma a percorrer este circuito: a admiração pela ordem da criação, a rebelião através do pecado e, finalmente, o regresso à Fonte de toda a ordem através da graça.

A Divina Comédia de Dante Alighieri: O poema inteiro é uma viagem através deste circuito, do caos do Inferno à ordem purificadora do Purgatório e, finalmente, à visão da Ordem Divina perfeita no Paraíso, onde o poeta encontra ""o Amor que move o sol e as outras estrelas"".","A ideia de uma ""Ordem Eterna"" parece-lhe reconfortante ou opressiva?

Como a sua compreensão da Ordem Divina e Natural influencia as suas escolhas na Ordem Intencional?

Se a sua vida é uma jornada de regresso a Deus, em que ponto desta jornada você se encontra agora?",,
12,"bookmark_outline
",Ordene sua vida,As 12 regras como um antídoto para o caos,"Após explorarmos a grande arquitetura da Ordem (Divina, Natural, Eterna), chegamos agora ao campo de batalha mais importante e imediato: a sua própria vida. Este processo de ordenamento pressupõe que existem princípios que precisam ser respeitados. A ordem manifesta-se na vida humana através de atitudes concretas, que devem ser o reflexo da ordem divina e natural que já estudamos.

Esta seção é sobre a prática. São os passos concretos para aplicar a Ordem Intencional. E, para nos guiar nesta jornada prática, vamos analisar as 12 Regras para a Vida, propostas pelo psicólogo clínico canadense Jordan B. Peterson.

Estas não são meras ""dicas de autoajuda"". Cada regra é um portal para um princípio profundo, um conduíte prático para o ordenamento da sua existência contra o caos. Veremos como a prática diária e consciente destas regras, que vão desde a sua postura física até a forma como você fala e se relaciona, pode transformar a sua vida de uma reação passiva às circunstâncias numa afirmação intencional da ordem. É o antídoto contra a Serpente do Caos que nos tenta à inércia, à mentira e ao ressentimento.",38,1,"ordem, vida, Jordan Peterson, regras, caos, atitude, ordenamento, princípios, ação, Ordem Intencional","12 Regras para a Vida: Um Antídoto para o Caos de Jordan B. Peterson: A leitura do livro é fundamental. Cada capítulo é uma meditação profunda sobre uma das regras, conectando psicologia, mitologia, religião e experiência clínica.

Hábitos Atômicos de James Clear: Um guia prático sobre como construir pequenos hábitos que, somados, geram uma transformação massiva, complementando perfeitamente a filosofia por trás das regras.","Você acredita que pequenas atitudes diárias (como arrumar a cama) podem ter um impacto significativo na sua vida como um todo?

A ideia de ter ""regras para a vida"" parece-lhe libertadora (pois dá um mapa) ou opressiva (pois limita a sua espontaneidade)?

Qual área da sua vida você sente que está mais desordenada ou caótica neste momento?",,
12.1,book,"Regra 1: Costas eretas, ombros para trás",A biologia da vitória e da derrota,"A primeira regra de Peterson parece enganadoramente simples: Costas eretas, ombros para trás. Por que começar com algo tão físico? Porque a batalha entre a ordem e o caos começa no seu próprio corpo.

Peterson usa uma analogia surpreendente: as lagostas. Estes crustáceos, que existem há mais de 350 milhões de anos, têm um sistema nervoso que reage a vitórias e derrotas. Uma lagosta que vence uma disputa por território fica com a postura mais expansiva, e o seu cérebro produz mais serotonina. Uma lagosta que perde encolhe-se, retrai-se, e os seus níveis de serotonina caem. Nós, humanos, partilhamos esta neuroquímica ancestral.

Viva a cena: Pense no seu dia a dia. Quando você se sente derrotado, ansioso ou sobrecarregado pelo caos da vida, qual é a sua postura natural? Os ombros caem, as costas curvam-se, o olhar dirige-se para o chão. Você está a enviar um sinal ao seu próprio cérebro – e a todos ao seu redor – de que é uma presa fácil, um perdedor na hierarquia. O seu corpo está a render-se ao caos.

A regra de endireitar as costas é um ato de rebelião. É uma Ordem Intencional que você impõe ao seu corpo. Ao adotar a postura de confiança, você não está a fingir. Você está a enviar um sinal bioquímico para o seu cérebro, a dizer-lhe para produzir mais serotonina, para se sentir mais confiante e menos ansioso. Você está a assumir voluntariamente uma posição de quem está pronto para enfrentar o caos, em vez de ser esmagado por ele. É o primeiro passo para sair do ciclo da derrota. A ordem começa na sua espinha dorsal.",38,2,"postura, costas eretas, confiança, serotonina, lagosta, hierarquia, vitória, derrota, caos, ordem","O Poder da Presença de Amy Cuddy: Uma psicóloga social que expande a ideia de Peterson, mostrando, com base em estudos, como a nossa ""linguagem corporal molda quem somos"".","Neste exato momento, como está a sua postura? Corrija-a conscientemente. Sente alguma mudança, por menor que seja, no seu estado de espírito?

Observe as pessoas num espaço público (numa fila, no transporte). Consegue ""ler"" o seu estado de espírito (confiança, derrota, ansiedade) apenas pela sua postura?

A ordem para ""endireitar as costas"" é um conselho para ser arrogante ou para assumir a sua própria dignidade e responsabilidade?",,
12.2,book,Regra 2: Cuide de si mesmo como cuidaria de alguém sob sua responsabilidade,O paradoxo da autonegligência,"Esta regra expõe um paradoxo perturbador da natureza humana: muitas vezes, somos mais rigorosos e compassivos a cuidar dos outros – dos nossos filhos, dos nossos pais idosos, até dos nossos animais de estimação – do que de nós mesmos.

Viva a cena: Imagine que o seu cão está doente. Você anota o nome do remédio, a dose exata, o horário preciso, e não falha uma única vez. Agora, pense na última vez que o médico lhe deu uma prescrição. Você tomou todos os remédios, na hora certa, até ao fim? Ou começou a falhar, a esquecer, a pensar ""depois eu tomo""?

Por que fazemos isto? Peterson argumenta que, no fundo, temos uma consciência aguda das nossas próprias falhas, da nossa imperfeição, da nossa capacidade para o mal. Conhecemos a nossa própria ""sombra"". E essa consciência pode levar a uma forma de autodesprezo, a uma crença de que não ""merecemos"" o cuidado.

A regra ""Cuide de si mesmo como cuidaria de alguém sob sua responsabilidade"" é um ato de Ordem Intencional contra este caos interior. Ela força-o a fazer uma pergunta radical: você é um ser humano. Você é uma criatura de Deus, com um valor intrínseco e um potencial para o bem. Você tem uma responsabilidade para com esse potencial.

Cuidar de si mesmo – comer bem, dormir o suficiente, exercitar-se, tomar os seus remédios, buscar o seu desenvolvimento intelectual e espiritual – não é um ato de egoísmo. É a sua obrigação. É o seu dever para com Deus e para com o mundo, para se tornar a pessoa mais forte, mais saudável e mais competente que puder ser, para então poder servir melhor aos outros. Negligenciar-se não é humildade; é uma forma de niilismo, uma rendição ao caos.",38,3,"cuidar, responsabilidade, autonegligência, valor, prescrição, ordem, caos, saúde","Os 7 Hábitos das Pessoas Altamente Eficazes de Stephen R. Covey: O Hábito 7, ""Afine o Instrumento"", é uma excelente exploração prática desta regra, focando na renovação das dimensões física, mental, social/emocional e espiritual.

Imitação de Cristo de Tomás de Kempis: A espiritualidade clássica ensina que o corpo não é uma prisão a ser desprezada, mas um templo a ser cuidado para o serviço de Deus.","Liste uma área da sua vida (saúde, finanças, estudos) em que você se tem negligenciado. Que conselho você daria a um amigo querido que estivesse na mesma situação? Por que não aplica esse mesmo conselho a si mesmo?

A nossa cultura promove o ""autocuidado"" como um ato de indulgência (um dia no spa, uma compra por impulso) ou como um ato de disciplina e responsabilidade?

Cuidar de si mesmo é o oposto de servir aos outros, ou é a condição necessária para poder servir bem aos outros?",,
12.3,book,Regra 3: Seja amigo de pessoas que queiram o melhor para você,A ecologia da sua alma,"Esta regra parece um conselho de avó, mas é uma das mais difíceis e cruciais para a ordenação da vida. As pessoas com quem você se cerca formam a ecologia da sua alma. Elas são o solo, a água e o sol que irão nutrir o seu crescimento ou envenená-lo lentamente.

Muitas vezes, mantemos amizades não por virtude, mas por vício. Amigos que validam a nossa autocomiseração, que nos acompanham na procrastinação, que celebram o nosso cinismo. Manter estas amizades não é um ato de lealdade; é um ato de covardia. É escolher o conforto do caos partilhado em vez do desafio solitário da ascese.

""Seja amigo de pessoas que queiram o melhor para você"" é uma ordem para escolher a vida. Amigos verdadeiros não são aqueles que toleram as suas fraquezas, mas aqueles que o inspiram a superá-las. São pessoas cuja vida, de alguma forma, o envergonha – não com arrogância, mas com o exemplo. A presença deles torna a sua própria desculpa para a mediocridade intolerável.

Viva a cena: Você está numa mesa de bar com os seus velhos amigos. A conversa é a mesma de sempre: queixas sobre o chefe, sobre o governo, sobre a falta de sorte. Alguém conta uma piada cínica e todos riem. Mas você, que começou a ordenar a sua vida, já não ri. Você sente um desconforto. No dia seguinte, você liga para aquele outro amigo, o que está sempre a estudar algo novo, a treinar para uma maratona, a construir a sua família. A conversa com ele é diferente. É sobre projetos, sobre superação, sobre o que pode ser feito. Ao desligar o telefone, você não se sente esgotado, mas energizado. Você teve um vislumbre do que poderia ser.

Cercar-se de pessoas que querem o seu bem não é oportunismo. É assumir a responsabilidade pelo seu próprio crescimento. Uma amizade que o puxa para baixo não é uma amizade; é um pacto de suicídio a prestações. A Ordem Intencional exige que você tenha a coragem de podar os ramos mortos da sua vida social para que os ramos saudáveis possam florescer.",38,4,"amigos, amizade, crescimento, bem-estar, responsabilidade, virtude, caos, ordem","Ética a Nicômaco de Aristóteles: A sua discussão sobre os diferentes tipos de amizade (por utilidade, por prazer e por virtude) é a base filosófica para esta regra.

As Quatro Amores de C.S. Lewis: Uma exploração profunda da natureza da Afeição, da Amizade (Philia), do Amor Romântico (Eros) e da Caridade (Ágape).","Liste os seus cinco amigos mais próximos. A sua companhia torna-o uma pessoa melhor, mais forte e mais virtuosa? Ou eles validam as suas piores tendências?

Você é o tipo de amigo que quer o melhor para os outros? Você celebra o sucesso dos seus amigos ou sente uma ponta de inveja?

É mais fácil manter uma amizade baseada na queixa mútua ou uma baseada na admiração mútua e no incentivo ao crescimento? Por quê?",,
12.4,book,"Regra 4: Compare a si mesmo com quem você foi ontem, não com quem outra pessoa é hoje",A única competição que importa,"Vivemos na era da comparação. As redes sociais são uma vitrine infinita de vidas editadas, de sucessos encenados e de felicidades filtradas. Abrir o Instagram é ser bombardeado com as férias perfeitas de alguém, a promoção de outro, o corpo escultural de um terceiro. É um jogo que você nunca pode vencer, pois está sempre a comparar os seus bastidores com o palco dos outros. E o resultado deste jogo é sempre o mesmo: inveja e ressentimento, os ácidos que dissolvem a alma.

A regra ""Compare a si mesmo com quem você foi ontem, não com quem outra pessoa é hoje"" é o antídoto para este veneno. Ela redireciona o seu foco do jogo infinito e perdido da comparação social para o único jogo que você pode vencer: o da sua própria melhoria.

O seu ponto de partida é único. A sua história, os seus talentos, as suas fraquezas, as suas circunstâncias são só suas. Comparar-se com outra pessoa é um erro de categoria, como comparar uma macieira com um pinheiro. Ambos têm o seu próprio potencial de crescimento. A única comparação válida para a macieira é com a macieira que ela era na estação passada.

Viva a cena: Você decide começar a correr. No primeiro dia, consegue correr, com muito esforço, por 5 minutos antes de ficar sem fôlego. Você entra no Instagram e vê um conhecido a completar uma maratona. A Serpente do Caos sussurra: ""Viu? Você é um fracasso. Nunca chegará a esse nível. Desista."" Mas você, a praticar a Ordem Intencional, ignora. No dia seguinte, você corre por 5 minutos e 30 segundos. É uma vitória. Pequena, mas real. Você não está a competir com o maratonista. Você está a competir com o sedentário que você era ontem. E está a ganhar.

Esta regra ensina-o a mirar baixo, mas a mirar. O objetivo não é ser melhor que os outros; é ser, hoje, um pouco melhor do que você era ontem. Leu uma página a mais? Fez um agachamento a mais? Controlou a sua impaciência uma vez? Esta é a trajetória da ascese. É o juro composto do desenvolvimento pessoal. A ordem na sua vida não é um destino, é uma direção. E a única bússola que importa é o seu próprio progresso.",38,5,"comparação, progresso, desenvolvimento, inveja, ressentimento, ontem, hoje, indivíduo, jornada","Meditações de Marco Aurélio: O imperador estóico constantemente se autoexamina, não para se comparar com outros Césares, mas para avaliar se agiu de acordo com os seus próprios princípios e se foi melhor do que no dia anterior.

A Sutil Arte de Ligar o Fda-se* de Mark Manson: Embora com uma linguagem vulgar, o livro é um poderoso manifesto contra a cultura da comparação e a busca por validação externa, focando em encontrar os seus próprios valores.","As redes sociais têm um impacto mais positivo ou negativo na sua autoestima? Com que frequência você se sente inspirado versus deprimido após as usar?

Qual foi a sua ""vitória"" de hoje? Em que pequena coisa você foi melhor hoje do que era ontem?

Se o seu único objetivo fosse ser 1% melhor a cada dia, onde você estaria daqui a um ano? E daqui a cinco anos?",,
12.5,book,Regra 5: Não deixe que seus filhos façam algo que faça você deixar de gostar deles,A responsabilidade de forjar uma alma,"Esta regra soa brutal e chocante para a nossa cultura sentimentalista, que prega um amor incondicional e permissivo. Mas, na sua essência, ela é um dos conselhos mais profundos e compassivos sobre a verdadeira natureza do amor parental.

O que Peterson quer dizer? Um pai ou uma mãe que, por medo de confrontar ou de ""traumatizar"", permite que o seu filho se comporte como um pequeno tirano – que grite, que morda, que desrespeite, que seja cruel – está, lentamente, a cultivar dentro de si mesmo a semente do ressentimento. Você pode amar o seu filho, mas começará a não gostar da sua companhia. A sua presença tornar-se-á uma fonte de estresse e de amargura.

E o pior: se você, que é biologicamente programado para amar o seu filho mais do que tudo, não gosta dele, o que o resto do mundo achará? A sociedade não terá a mesma paciência. Uma criança que não aprende os limites dentro de casa torna-se um adulto desprezado pelos seus colegas, rejeitado pelos seus parceiros e, em última análise, infeliz.

A regra ""Não deixe que seus filhos façam algo que faça você deixar de gostar deles"" é uma ordem para assumir a sua responsabilidade mais sagrada: a de disciplinar. Disciplinar não é punir com raiva; é ensinar, é aparar os ramos do caos para que a árvore da virtude possa crescer direita. É o ato de amor que prepara a criança para o mundo real, tornando-a alguém que os outros (e você mesmo) possam amar e respeitar.

Viva a cena: Você está no supermercado. O seu filho de cinco anos começa a gritar porque quer um chocolate. Ele deita-se no chão, a espernear. A Serpente do Caos, na forma da pedagogia moderna, sussurra: ""Não o contrarie, você vai reprimir a sua criatividade. Deixe-o expressar os seus sentimentos."" Outros pais olham com uma mistura de pena e de desprezo. Você sente a vergonha e a raiva a crescer dentro de si. Mas, lembrando-se da ordem, você ajoelha-se, olha firmemente nos olhos do seu filho e diz, com a voz calma mas inabalável: ""Eu amo-te. Mas não é assim que nos comportamos. Vamos levantar-nos agora."" Você não está a esmagar o seu filho; está a salvá-lo dele mesmo e a salvá-lo do futuro desprezo do mundo.

Permitir que o seu filho se torne alguém de quem você não gosta é a mais cruel das negligências. É um sacrifício do futuro dele no altar da sua conveniência presente.",38,6,"filhos, educação, disciplina, responsabilidade, amor, ressentimento, sociedade, ordem, caos","Educar na Verdade de David Isaacs: Um guia prático sobre como educar os filhos nas virtudes humanas, oferecendo uma alternativa sólida à permissividade moderna.

O Temperamento que Deus lhe Deu de Art e Laraine Bennett: Um livro que ajuda os pais a entenderem o temperamento natural dos seus filhos (colérico, sanguíneo, melancólico, fleumático) para os disciplinar de forma mais eficaz e amorosa.","Qual a diferença entre ""disciplinar"" e ""punir""?

A ideia moderna de ser ""amigo"" dos seus filhos é compatível com o dever de ser a sua autoridade moral e o seu disciplinador?

A sociedade tem o direito (ou o dever) de julgar os pais pela forma como os seus filhos se comportam em público?",,
12.6,book,Regra 6: Deixe sua casa em perfeita ordem antes de criticar o mundo,A soberania sobre o seu próprio metro quadrado,"Vivemos numa era de ativistas de sofá e de comentadores de redes sociais. É fácil sentar-se no conforto da nossa desordem pessoal e apontar o dedo para os vastos e complexos problemas do mundo: a corrupção do governo, a crise climática, as injustiças sociais. Sentimo-nos virtuosos ao criticar, mas esta virtude é barata e, muitas vezes, hipócrita.

A regra ""Deixe sua casa em perfeita ordem antes de criticar o mundo"" é um chamado radical à humildade e à ação concreta. Ela não diz para você não se importar com o mundo. Diz que você não tem o direito moral nem a competência para tentar consertar o mundo se ainda não conseguiu consertar a sua própria vida.

""Sua casa"" aqui é uma metáfora para o seu domínio imediato de responsabilidade: a sua saúde, as suas finanças, os seus relacionamentos, o seu próprio quarto. Como você pode ter a arrogância de propor soluções para a economia do país se as suas próprias contas estão um caos? Como pode exigir a paz mundial se vive em guerra com a sua própria família? Como pode criticar a ""desordem"" da sociedade se o seu próprio quarto parece um ninho de ratos?

Viva a cena: Você está indignado com uma notícia sobre corrupção política. Pega no celular, pronto para escrever um texto furioso no Facebook sobre a falta de moralidade do país. Mas então, você olha ao seu redor. A pia da cozinha está cheia de louça suja de ontem. A sua secretária está coberta de papéis e de contas por pagar. Você tem evitado aquela conversa difícil que precisa de ter com o seu cônjuge. A Serpente do Caos sussurra: ""Isso não importa! O problema é 'eles'!"". Mas a Ordem Intencional responde: ""Silêncio. Antes de salvar o Brasil, lave a louça.""

Esta regra é um antídoto contra o ressentimento. Muitas críticas ao ""sistema"" nascem não de um desejo genuíno de justiça, mas da frustração com o nosso próprio fracasso pessoal, que projetamos no mundo. Ao focar-se em ordenar o seu próprio ""metro quadrado"", você para de culpar o mundo e torna-se um agente de mudança. Você começa por conquistar o único território sobre o qual tem soberania real: você mesmo. E, paradoxalmente, ao fazer isso, você torna-se muito mais competente e legitimado para, então sim, começar a consertar um pedaço maior do mundo.",38,7,"ordem, casa, responsabilidade, crítica, mundo, caos, soberania, humildade, ação","Confissões de Santo Agostinho: A obra é um exercício monumental desta regra. Agostinho só se torna capaz de criticar as falhas do Império Romano e das heresias após um exame brutalmente honesto da desordem da sua própria alma.

Oração da Serenidade de Reinhold Niebuhr: ""Concedei-me a serenidade para aceitar as coisas que não posso modificar, a coragem para modificar as que posso, e a sabedoria para distinguir uma da outra."" Esta regra é sobre focar naquilo que podemos modificar.","Qual é a ""desordem"" mais imediata na sua ""casa"" (na sua vida) que você tem evitado enfrentar?

Criticar o mundo é mais fácil do que arrumar o próprio quarto? Por quê?

Se cada pessoa se focasse em deixar a sua própria vida em perfeita ordem, muitos dos ""problemas do mundo"" não se resolveriam por si mesmos?",,
12.7,book,"Regra 7: Busque o que é significativo, não o que é conveniente",O sacrifício do presente pela glória do futuro,"A vida é sofrimento. Esta é uma verdade brutal que a nossa cultura hedonista tenta negar a todo o custo. A nossa inclinação natural é buscar o caminho de menor resistência, o que é fácil, o que é prazeroso, o que é conveniente. Esta é a filosofia do carpe diem no seu sentido mais baixo: a busca pela gratificação instantânea.

A regra ""Busque o que é significativo, não o que é conveniente"" é o chamado para a verdadeira vida adulta. Ela reconhece que o sofrimento é inevitável. A questão não é se vamos sofrer, mas como vamos sofrer. Podemos escolher o sofrimento caótico e sem sentido do niilismo – a ressaca, o vício, a vida vazia –, ou podemos escolher o sofrimento voluntário que tem um significado.

O que é significativo? É assumir a responsabilidade. É adiar a gratificação. É fazer um sacrifício no presente em nome de um bem maior no futuro.

É conveniente ficar no sofá a ver séries. É significativo ir treinar, mesmo cansado.

É conveniente gastar o seu dinheiro em prazeres imediatos. É significativo poupar para o futuro da sua família.

É conveniente evitar conflitos e dizer ""sim"" a tudo. É significativo dizer a verdade, mesmo que isso traga problemas a curto prazo.

Viva a cena: Você chega a casa exausto do trabalho. O seu filho pequeno corre para si e pede para brincar. A conveniência grita: ""Dê-lhe o tablet! Você merece descansar!"". É o caminho fácil. Mas você lembra-se do que é significativo. O que é significativo é construir uma relação com o seu filho, é ser um pai presente. Então, você respira fundo, senta-se no chão e começa a montar legos com ele. O seu corpo está cansado, mas a sua alma sente-se em ordem. Você escolheu carregar a sua cruz voluntariamente, e nela encontrou o sentido.

A busca pelo significado é a aceitação de que a vida é uma cruz. A busca pela conveniência é a tentativa fútil de fugir dela. O paradoxo é que, ao abraçar o fardo da responsabilidade, o fardo torna-se mais leve. O sofrimento com propósito é o que nos dá a força para suportar o sofrimento inevitável da vida. É o que nos distingue dos animais e nos aproxima de Deus.",38,8,"significado, conveniência, propósito, sacrifício, dor, responsabilidade, cruz, sentido, vida","Em Busca de Sentido de Viktor Frankl: Um psiquiatra que sobreviveu a Auschwitz, Frankl argumenta que a principal força motriz do ser humano não é o prazer, mas a busca por um sentido para a sua vida, mesmo no meio do sofrimento mais extremo.

Os Irmãos Karamazov de Fiódor Dostoiévski: A personagem de Aliocha encarna esta regra, escolhendo o caminho do sacrifício e do amor ao próximo, em contraste com os seus irmãos, que seguem os caminhos da conveniência intelectual (Ivan) e sensual (Dmitri).","Pense numa grande realização da sua vida. Ela veio de um caminho fácil e conveniente, ou exigiu sacrifício e a superação de dificuldades?

Qual é o ""sacrifício"" que você sabe que precisa de fazer na sua vida hoje para alcançar um objetivo significativo amanhã?

A nossa cultura de ""hacks"" e de busca por ""atalhos para o sucesso"" é uma busca pelo significado ou pela conveniência?",,
12.8,book,"Regra 8: Diga a verdade. Ou, pelo menos, não minta",A sua palavra como a criadora da sua realidade,"Chegamos à regra que é a espinha dorsal de todas as outras, o alicerce da alma ordenada. Diga a verdade. Ou, pelo menos, não minta. Esta não é uma lição de moral infantil sobre ser um ""bom menino"". É uma diretriz existencial com consequências cósmicas.

A mentira é o agente do Caos. Pense nisto: cada vez que você mente, por mais pequena que seja a mentira, você cria uma realidade paralela e falsa. E você, o criador desta falsidade, torna-se o seu primeiro e mais miserável escravo. Você precisa de se lembrar da mentira, de a sustentar com outras mentiras, de viver com o medo constante de ser desmascarado. A sua mente, que deveria ser um instrumento para navegar na realidade, torna-se uma prisão para gerir ficções.

A regra começa com a parte ""mais fácil"": pelo menos, não minta. Isto significa parar de dizer coisas que você sabe que são falsas. É um ato de purificação. É parar de envenenar o seu próprio ser.
Viva a cena: O seu chefe pergunta sobre um projeto que você ainda nem começou. A conveniência sussurra: ""Diga que está quase pronto! Ganhe tempo!"". Mas você para. Você sente o nó na garganta, o impulso de criar uma ficção para evitar o desconforto. E então, você escolhe o caminho da ordem. ""Ainda não comecei. Tive um problema com a tarefa X, mas vou começar agora mesmo."" A conversa que se segue pode ser desconfortável, mas é real. Você não criou um fantasma que terá de alimentar. Você permaneceu no terreno firme da verdade.

Mas a regra vai além. Diga a verdade. Isto é mais do que não mentir. É o ato corajoso de articular o que você acredita ser verdadeiro, de trazer a sua ordem interior para o mundo exterior. É alinhar a sua fala com o Logos, o princípio da própria realidade. Quando você fala a verdade, você não está apenas a descrever o mundo; você está a ajudar a criá-lo. Você transforma o caos do não-dito na ordem da palavra articulada.

Mentir corrompe o seu caráter e, pior, a sua percepção. Se você mente o suficiente, o seu cérebro já não consegue distinguir entre a verdade e a ficção que você criou. Você passa a viver num nevoeiro, num inferno pessoal onde nada é sólido. Dizer a verdade, por mais doloroso que seja, é o ato de acender a luz. É a escolha de viver na realidade, e não na ilusão.",38,9,"verdade, mentira, logos, realidade, caráter, corrupção, honestidade, caos, ordem","1984 de George Orwell: A obra mostra como um regime totalitário usa a mentira sistemática (""Guerra é Paz, Liberdade é Escravidão"") para corromper a percepção da realidade e controlar a população.

Confissões de Santo Agostinho: A jornada de Agostinho é, em grande parte, uma luta para abandonar as falsidades da sua juventude e alinhar a sua vida com a Verdade última, que ele identifica como o próprio Deus.","Pense nas ""pequenas mentiras"" que você conta no dia a dia (uma desculpa para chegar atrasado, um elogio falso). Qual o efeito cumulativo destas pequenas falsidades no seu caráter?

Qual foi a última vez que você disse uma verdade difícil, que lhe trouxe um problema a curto prazo, mas que o libertou a longo prazo?

O ""politicamente correto"" pode ser visto como uma forma de mentira social, onde as pessoas dizem o que é conveniente em vez do que acreditam ser verdade, para evitar o conflito?",,
12.9,book,Regra 9: Presuma que a pessoa com quem está conversando possa saber algo que você não sabe,A humildade como portal para a sabedoria,"Muitas vezes, entramos numa conversa não para dialogar, mas para vencer. A nossa mente já está fechada, o nosso objetivo é apenas descarregar as nossas opiniões e refutar o nosso ""oponente"". Esta atitude, embora comum, é um ato de arrogância que nos aprisiona na nossa própria ignorância.

A regra ""Presuma que a pessoa com quem está conversando possa saber algo que você não sabe"" é um chamado à humildade socrática (""só sei que nada sei""). É o reconhecimento de que cada pessoa que você encontra, independentemente da sua educação ou status, tem uma perspetiva única e uma vida inteira de experiências das quais você pode aprender algo. Esta regra transforma a conversa de um campo de batalha numa expedição de descoberta.

**Viva a cena:** Você está discutindo política com um parente que tem visões completamente opostas às suas. O seu primeiro impulso é interrompê-lo, corrigi-lo, ""vencer"" a discussão. Mas você se lembra da regra. Em vez de formular a sua próxima refutação, você se cala e escuta de verdade. Você faz perguntas, não para encurralar, mas para entender: ""Por que você pensa assim? Qual experiência o levou a esta conclusão?"". De repente, a conversa muda. Você pode não concordar com a conclusão dele, mas começa a entender o seu caminho. E, no processo, talvez aprenda algo novo sobre um ângulo do problema que nunca tinha considerado.

Abordar as conversas com a mente aberta não é ser ingênuo ou não ter convicções. Pelo contrário, é a atitude da mente mais forte: a que não tem medo de ter as suas próprias ideias testadas. A humildade de presumir que o outro sabe algo que você não sabe não o torna mais fraco; torna-o infinitamente mais sábio. A verdadeira escuta é um ato de ordem, que substitui o caos do monólogo interior pela harmonia do diálogo.",38,10,"humildade, escuta, diálogo, aprendizado, sabedoria, mente aberta, Sócrates, conversa","Diálogos de Platão: Observe o método socrático em ação. Sócrates raramente afirma algo; ele faz perguntas, presumindo a ignorância, para guiar os seus interlocutores à verdade.

Como Fazer Amigos e Influenciar Pessoas de Dale Carnegie: Um clássico que, na sua essência, ensina que a forma mais eficaz de se conectar com os outros é demonstrar um interesse genuíno em ouvi-los e em aprender com eles.","Na sua última conversa importante, você passou mais tempo faalndo ou ouvindo?

Pense na pessoa de quem você mais discorda. Você consegue listar três coisas que poderia aprender com ela se a ouvisse com a mente aberta?

Qual a diferença entre ""escutar para responder"" e ""escutar para compreender""? Qual das duas você pratica mais?",,
12.10,book,Regra 10: Seja preciso no que diz,Nomear o dragão para o poder matar,"Esta regra é a aplicação prática do princípio do Logos que já exploramos. A linguagem não é apenas um meio de comunicação; é a ferramenta com a qual damos forma ao caos e nomeamos a realidade. Uma linguagem vaga e imprecisa gera um pensamento vago e impreciso, que por sua vez gera uma vida caótica.

Ser preciso no que diz é um ato de coragem. É a recusa em se esconder atrás de generalidades e de abstrações.

Em vez de dizer ""estou mal"", seja preciso: ""Estou ansioso por causa do prazo no trabalho e ressentido porque sinto que o meu esforço não é reconhecido.""

Em vez de dizer ""o relacionamento está ruim"", seja preciso: ""Quando você ignora o que eu digo, eu me sinto desrespeitado e sem importância.""

Por que isto é tão poderoso? Porque o caos prospera no inarticulado. Um problema vago e sem nome é um dragão aterrorizante que paira sobre a sua vida. Mas quando você usa a linguagem com precisão para o definir, para o nomear, o dragão encolhe. Ele transforma-se num problema específico, com contornos definidos. E um problema definido pode ser enfrentado e, talvez, resolvido.

**Viva a cena:** Você está numa reunião de trabalho e todos sentem que um projeto está indo mal. A conversa é vaga: ""Precisamos de melhorar a sinergia"", ""Temos que pensar fora da caixa"". Ninguém diz o que realmente pensa. O caos e a ansiedade permanecem. Então, você, a praticar a ordem, decide ser preciso. Você diz: ""O problema, como eu o vejo, é que o Departamento de Marketing não está cumprindo o prazo de entrega dos relatórios, o que impede a equipe de Vendas de contactar os leads a tempo."" De repente, o nevoeiro dissipa-se. O problema deixou de ser um ""fantasma de sinergia"" e tornou-se um problema de processo, concreto e solucionável. Você usou a precisão como uma espada para cortar o caos.

A preguiça mental leva-nos a usar clichés e generalidades. A Ordem Intencional exige o esforço de encontrar as palavras certas, de articular os seus pensamentos com clareza. Falar com precisão é uma forma de dizer a verdade. É a recusa em permitir que o caos da imprecisão governe a sua mente e as suas relações.",38,11,"precisão, linguagem, clareza, caos, ordem, Logos, definição, articulação, verdade","O Trivium: As Artes Liberais da Lógica, Gramática e Retórica de Irmã Miriam Joseph: A gramática e a lógica, como apresentadas neste livro, são o treinamento fundamental para a precisão do pensamento e da fala.

Política e a Língua Inglesa (ensaio) de George Orwell: Um texto demolidor que mostra como a linguagem imprecisa e o jargão político são usados deliberadamente para obscurecer a verdade e manipular o pensamento.","Pense num problema que o está a afligir. Tente descrevê-lo, por escrito, com a maior precisão e detalhe possíveis. O ato de o articular mudou a sua percepção sobre ele?

Observe o discurso dos políticos. Eles usam uma linguagem precisa e concreta ou uma linguagem vaga, cheia de slogans e de abstrações (""justiça social"", ""o bem do povo"")?

Qual a relação entre ""ser preciso no que diz"" (Regra 10) e ""dizer a verdade"" (Regra 8)?",,
12.11,book,Regra 11: Não incomode as crianças quando estão andando de skate,A dança entre a ordem e o caos,"Esta regra parece estranha e específica, mas é uma metáfora profunda sobre o desenvolvimento do caráter. As crianças andando de skate não estão apenas se divertindo, elas estão de fato travando uma batalha voluntária com o caos.

Pense no que é o skate: é a arte de se equilibrar sobre uma pequena prancha com rodas, a desafiar a gravidade, a cair, a ralar os joelhos e a levantar-se de novo para tentar a manobra. É um confronto direto com o perigo e com a possibilidade do fracasso. E é precisamente neste confronto que a competência e a resiliência são forjadas.

A nossa cultura moderna, especialmente a parentalidade superprotetora, tem pavor do risco. Queremos envolver os nossos filhos em plástico-bolha, remover todos os obstáculos, eliminar qualquer possibilidade de dor ou de fracasso. Queremos criar um mundo de pura ordem para eles.

Mas, como Peterson argumenta, um excesso de ordem é tão perigoso quanto um excesso de caos. Uma criança que nunca se rala, que nunca enfrenta um desafio, que nunca aprende a lidar com o fracasso, não se torna um adulto seguro; torna-se um adulto frágil, ansioso e incapaz de lidar com o mundo real, que é um lugar perigoso e imprevisível.

**Viva a cena:** Você está no parque e vê o seu filho tentando subir num trepa-trepa que parece alto demais para ele. O seu primeiro instinto, o instinto do medo, é gritar: ""Cuidado! Desça daí agora!"". Mas você lembra-se da regra. Você para, observa, e vê a concentração no rosto dele, o esforço dos seus músculos, a forma como ele testa cada apoio antes de avançar. Você percebe que ele não está a ser imprudente; ele está a aprender os seus próprios limites. Ele está dançando na fronteira entre a ordem (a estrutura do brinquedo) e o caos (a possibilidade da queda). E ao não o incomodar, você está lhe comunicando a mais poderosa das mensagens: ""Eu confio em você.""

""Não incomode as crianças quando estão andando de skate"" é um manifesto contra a superproteção. É a ordem para permitir que os jovens assumam riscos calculados, pois é na arena do desafio que a força, a coragem e a verdadeira confiança são construídas. Queremos criar ovelhas seguras no curral ou leões capazes de enfrentar a selva?",38,12,"crianças, skate, risco, desafio, competência, resiliência, superproteção, ordem, caos","Antifrágil: Coisas que se Beneficiam com o Caos de Nassim Nicholas Taleb: O livro inteiro é uma defesa da ideia de que os sistemas (incluindo os seres humanos) se fortalecem quando são expostos a estressores e à volatilidade, e não quando são superprotegidos.

A Tábua Rasa de Steven Pinker: Pinker argumenta, com base na biologia evolutiva, que a aversão ao risco da parentalidade moderna ignora a necessidade inata das crianças de explorar e de se testar contra o mundo.","Qual foi o ""skate"" da sua infância? Qual foi o desafio ou o risco que você enfrentou e que o tornou mais forte?

A nossa sociedade hoje incentiva mais a ""segurança"" ou a ""coragem""? Quais as consequências a longo prazo de cada uma destas escolhas?

Esta regra aplica-se apenas a crianças ou também a adultos? Em que áreas da sua vida você talvez esteja a ser ""superprotegido"" (por si mesmo ou por outros), evitando riscos que poderiam torná-lo mais competente?",,
12.12,book,Regra 12: Acaricie um gato ao encontrar um na rua,A atenção à beleza no meio do sofrimento,"A jornada que percorremos nestas regras tem sido árdua. Falamos de assumir a responsabilidade, de dizer a verdade, de confrontar o caos, de carregar o fardo do Ser. A vida é, inegavelmente, sofrimento. E, por vezes, este fardo pode parecer pesado demais.

É por isso que a última regra é um ato de graça, um contraponto essencial. Acaricie um gato ao encontrar um na rua. O que significa este conselho poético?

Significa: esteja atento aos pequenos e inesperados momentos de beleza e de graça que a vida lhe oferece, mesmo (e especialmente) no meio da dificuldade. A vida é sofrimento, sim. Mas não é apenas sofrimento. É também a beleza de um pôr do sol, o riso de uma criança, o sabor de um café, a melodia de uma canção e a presença independente e graciosa de um gato que cruza o seu caminho.

O gato, na sua independência, não se importa com os seus problemas, com as suas ansiedades sobre o futuro ou com os seus arrependimentos sobre o passado. Ele simplesmente é. Ele existe no momento presente. Ao parar para o acariciar, você é puxado, por um instante, para fora da sua própria mente caótica e convidado a participar da simples e ordenada realidade do Ser.

**Viva a cena:** Você está voltando para casa após um dia terrível. Foi repreendido no trabalho, discutiu com a sua esposa, está preocupado com as contas. A sua mente é um turbilhão de pensamentos negativos. Você caminha de cabeça baixa, a remoer o seu sofrimento. Então, um gato de rua esfrega-se na sua perna. Você para. Ajoelha-se. Acaricia o seu pelo macio e ouve o seu ronronar. Por um minuto, você esquece tudo. Você está apenas ali, naquele momento, a partilhar um instante de afeto gratuito. Ao se levantar, o peso no seu coração não desapareceu, mas parece um pouco mais leve. Você foi lembrado de que, apesar de tudo, a vida ainda contém graça.

Esta regra não é um chamado à distração ou à fuga dos problemas. É um chamado à gratidão. É o reconhecimento de que, mesmo na escuridão, existem frestas de luz. Estar aberto a estas pequenas alegrias é o que nos dá a força para continuar a carregar os nossos fardos. É a ordem da beleza a equilibrar o caos do sofrimento. É a lembrança de que, no fim das contas, apesar de toda a dor, a existência é um dom. Isso é a **Providência Divina** se manifestando na sua vida.",38,13,"gato, beleza, alegria, sofrimento, atenção, gratidão, vida, ser, transcendência","O Elogio da Sombra de Jun'ichirō Tanizaki: Um ensaio clássico da literatura japonesa que nos ensina a encontrar a beleza não no espetacular, mas nas pequenas coisas, nas texturas, nas sombras e na pátina do tempo.

A Consolação da Filosofia de Boécio: Escrito na prisão enquanto aguardava a sua execução, o livro é uma meditação profunda sobre como encontrar a verdadeira felicidade e a beleza não nas circunstâncias externas, mas na ordem da alma e na contemplação da verdade, mesmo diante da morte.","Qual foi o último ""gato"" que você ""acariciou""? Qual foi o último pequeno momento de beleza inesperada que o tirou da sua própria mente e o fez sentir-se grato?

A nossa cultura, com o seu ritmo acelerado e o seu bombardeamento de estímulos, treina-nos para estarmos atentos a estes pequenos momentos ou para os ignorarmos?

A capacidade de encontrar alegria nas pequenas coisas é um sinal de infantilidade ou de uma profunda sabedoria?",,
13,avatar2,As 12 Camadas da Personalidade: O Mapa da Psique,Uma introdução à jornada interior para o autoconhecimento.,"Iniciamos aqui uma das mais importantes expedições da jornada Synapsys: a viagem para dentro de si mesmo. Para navegar neste território, precisamos de um mapa. O filósofo brasileiro Olavo de Carvalho propôs um modelo de 12 camadas da personalidade que serve precisamente como este guia, descrevendo a estrutura da psique humana desde a sua casca mais externa e visível até o seu núcleo mais íntimo e permanente. A regra fundamental deste mapa é a hierarquia: quem está numa camada inferior não consegue sequer conceber a existência da camada superior. A jornada para o autoconhecimento é, portanto, uma escavação arqueológica, uma subida ordenada do superficial para o essencial. A cada passo, desvendaremos uma nova camada, aproximando-nos do centro da nossa própria alma.",39,1,"personalidade, Olavo de Carvalho, autoconhecimento, psique, camadas da personalidade, personagens, ego, crenças, vocação, temperamento","Olavo de Carvalho, A Alma Imoral: Embora não seja um livro exclusivamente sobre as 12 camadas, explora a distinção entre a personalidade (mutável) e a alma (permanente), fundamental para entender o modelo.

Luigi Pirandello, Um, Nenhum e Cem Mil: Uma obra de ficção que ilustra de forma genial a fragmentação da identidade e a tirania das máscaras sociais e da imagem que os outros têm de nós.

Olavo de Carvalho, A Mente e Outros Estupros da Razão: Coletânea de artigos que introduz muitas das ferramentas filosóficas necessárias para a autoanálise proposta no modelo das 12 camadas.

Eric Voegelin, Ordem e História: Embora complexo, ajuda a entender a busca humana por ordem na própria alma como um reflexo da ordem do cosmos, um princípio que ecoa na jornada pelas 12 camadas.","Por que a ideia de um ""mapa"" da personalidade é tão atraente para a busca do autoconhecimento?

O que significa a afirmação de que ""quem está numa camada inferior não consegue sequer conceber a existência da camada superior""? Como isso se manifesta na vida real?

Você está pronto para iniciar esta escavação arqueológica dentro de si mesmo? Qual a sua maior expectativa e o seu maior receio?",,
13.1,book,Camada 1: Os Personagens que Habitamos,As máscaras sociais que usamos para navegar o mundo.,"A primeira camada, a mais superficial da nossa psique, é o palco onde desfilam os nossos ""Personagens"" ou ""Alter Egos"". São as máscaras sociais que vestimos para funcionar no mundo. O ""profissional competente"" na reunião de trabalho, o ""filho atencioso"" no almoço de domingo, o ""amigo divertido"" na sexta à noite. Cada contexto social exige um roteiro, um figurino, um tom de voz.

Viva a cena: Pense na mudança quase instantânea que ocorre quando o seu chefe se aproxima da sua mesa. A sua postura muda, a sua linguagem torna-se mais formal, o seu foco se altera. O personagem ""funcionário exemplar"" assume o controlo. Minutos depois, ao receber uma mensagem de um amigo, outro personagem, mais relaxado e íntimo, entra em cena.

Estes papéis não são, em si, um mal. São ferramentas de navegação social. O perigo mortal para a alma não é ter personagens, mas fundir-se com eles. É acreditar que você é a máscara que está a usar. Quando isso acontece, a vida se torna uma performance cansativa e inautêntica, e o verdadeiro ""eu"" permanece soterrado, desconhecido e atrofiado, à espera de ser descoberto nas camadas mais profundas.",39,2,"personagens, alter ego, máscaras sociais, papéis, identidade, performance","A Apresentação do Eu na Vida de Todos os Dias de Erving Goffman: Obra clássica da sociologia que explora como as pessoas gerem as suas personas e papéis sociais, usando o teatro como metáfora para a interação humana.

O Herói de Mil Faces de Joseph Campbell: Analisa os arquétipos e papéis que as personagens desempenham nas mitologias, o que pode ajudar a compreender os ""guiões"" que seguimos.","Liste três papéis sociais que você desempenha. Quanta da sua identidade pessoal está investida em cada um deles?

O que aconteceria com a sua percepção de si mesmo se você perdesse amanhã o seu principal papel profissional ou social?

Você age da mesma forma e defende as mesmas ideias em todos os seus círculos sociais? Se não, o que isso diz sobre os seus personagens?",,
13.2,book,Camada 2: A Tirania da Imagem Social,O Ego e a busca incessante por aprovação externa.,"Logo abaixo do palco dos personagens, encontramos o diretor da peça: a Imagem Social, ou Ego. Esta é a camada da reputação, da percepção que temos sobre como os outros nos veem. Não é quem somos, nem mesmo os papéis que desempenhamos, mas a imagem que acreditamos projetar. É a nossa ""marca pessoal"", cuidadosamente cultivada para gerar admiração, respeito ou inveja.

Esta camada vive de um único alimento: a validação externa. Ela anseia por ""likes"", elogios e reconhecimento, e tem um medo paralisante da crítica, da rejeição e do ridículo. Nas redes sociais, a Camada 2 encontra o seu paraíso e o seu inferno. Cada postagem é um cálculo, cada foto uma construção, cada silêncio uma fonte de ansiedade. O Ego passa os dias a perguntar: ""O que eles vão pensar de mim?"".

Viver dominado pela Imagem Social é como estar num tribunal permanente, onde um júri anônimo e invisível decide o nosso valor a cada instante. É a fonte de uma ansiedade profunda e da covardia moral, pois a necessidade de ser bem-visto nos impede de defender a verdade ou de tomar atitudes impopulares. Libertar-se desta tirania, ecoando a lição sobre a soberania do pensamento, é um passo crucial para a maturidade.",39,3,"ego, imagem social, reputação, aprovação, validação, redes sociais, ansiedade","René Girard, Mentira Romântica e Verdade Romanesca: Analisa o ""desejo mimético"", a ideia de que desejamos coisas não por seu valor intrínseco, mas porque os outros as desejam, um motor fundamental da Camada 2.

Byung-Chul Han, Sociedade do Cansaço: Descreve como o sujeito de desempenho moderno se autoexplora em busca de sucesso e validação, tornando-se prisioneiro da sua própria imagem.","Com que frequência você verifica as suas redes sociais em busca de validação (curtidas, comentários) após postar algo?

Lembre-se de uma decisão importante que tomou baseada mais em como ela seria percebida pelos outros do que no seu desejo genuíno.

Qual a diferença entre cuidar da sua reputação (algo saudável) e ser dependente da aprovação alheia? Onde você se situa nessa linha?",,
13.3,book,Camada 3: Você é as suas crenças?,"O ""Homem-Ideológico"" e a fusão completa com as próprias opiniões.","Na terceira camada, encontramos o nosso Sistema de Crenças e Desejos. É o conjunto de ideias, valores, ideologias e ambições que articulam a nossa visão de mundo. É o que dizemos a nós mesmos em que acreditamos e o que queremos da vida. Ter convicções é essencial para a ordem da alma, mas é aqui que reside um dos maiores perigos da jornada intelectual: a fossilização.

O perigo manifesta-se na figura do ""Homem-Ideológico"". Este indivíduo não tem crenças; ele é as suas crenças. A sua identidade fundiu-se de tal forma com um sistema de ideias — seja ele político, religioso ou filosófico — que já não há espaço para a dúvida, para a nuance, para o diálogo. A ideologia torna-se uma armadura que o protege da complexidade da realidade.

Para o Homem-Ideológico, um ataque às suas ideias é um ataque pessoal, existencial. Ele não consegue debater; ele só consegue pregar para os convertidos ou combater os hereges. Quem discorda não é um interlocutor, mas um inimigo. A sua identidade não brota de uma investigação interior honesta, mas da adesão cega a um pacote de respostas prontas, traindo o próprio objetivo do Synapsys de construir uma fortaleza do pensamento, e não uma prisão.",39,4,"crenças, ideologia, opiniões, valores, desejos, sistema, fanatismo, ataque pessoal","Eric Voegelin, A Nova Ciência da Política: Faz um diagnóstico brilhante das ideologias modernas como ""religiões políticas"" ou heresias gnósticas que prometem a salvação na Terra através da ação política.

José Ortega y Gasset, A Rebelião das Massas: Descreve o ""homem-massa"" como alguém que se sente no direito de ter opiniões sobre tudo sem o dever de ter estudado nada, um precursor do Homem-Ideológico.","keywordsQual crença ou opinião você defende com mais paixão? Você consegue articular os três melhores argumentos contra essa sua crença?

Já se sentiu ofendido ou irritado quando alguém simplesmente questionou uma das suas opiniões? O que essa reação emocional indica?

Qual a diferença entre ter convicções fortes e ser ideologicamente fechado? Como podemos manter a primeira atitude sem cair na segunda?",,
13.4,book,Camada 4: A Bússola da Vocação,As inclinações naturais que apontam para o seu propósito.,"Avançando para uma camada mais profunda e autêntica, encontramos a Vocação e as Inclinações Naturais. Esta é a esfera dos seus talentos inatos, das suas aptidões espontâneas, daquelas atividades que o preenchem de energia e sentido. É a voz da sua natureza individual, aquilo que você faria com excelência e alegria mesmo que não houvesse recompensa externa, como dinheiro (Camada 2) ou alinhamento ideológico (Camada 3).

A vocação não é uma carreira; é um chamado. É a ressonância entre a sua estrutura interior e uma necessidade no mundo. Pode ser a inclinação para ensinar, para construir, para curar, para criar beleza, para organizar. Muitas vezes, esta bússola interna é ignorada ou reprimida desde a infância pelas expectativas da família (""Você tem que ser médico!"") ou pela pressão social para seguir o que é popular ou lucrativo.

Viva a cena: Lembre-se daquela atividade que, quando você a pratica, o tempo parece desaparecer. Pode ser a mexer num motor, a cuidar de plantas, a organizar uma planilha complexa ou a ouvir os problemas de um amigo. Não há esforço penoso, mas um fluxo de energia. Isso é um vislumbre da sua vocação. Reconhecê-la e cultivá-la é um ato revolucionário de alinhar a sua vida com a sua verdade mais íntima, um passo fundamental para construir uma vida ordenada e com propósito.",39,5,"vocação, propósito, talentos, inclinações, natureza, autenticidade, chamado","Santo Tomás de Aquino, Suma Teológica: A discussão sobre os talentos e dons (carismas) pode ser lida como uma base teológica para a ideia de que cada indivíduo tem uma contribuição única e divinamente inspirada para dar ao mundo.

Robert Greene, Maestria: Um estudo sobre como génios da história, como Leonardo da Vinci e Mozart, alcançaram a excelência ao se conectarem profundamente com as suas inclinações naturais e se dedicarem a elas com disciplina obsessiva.","O que você amava fazer na infância, antes de começar a se preocupar com o que os outros pensavam?

Se dinheiro não fosse um problema, que atividade ocuparia a maior parte do seu tempo e da sua energia?

A sua profissão atual está alinhada com as suas inclinações naturais ou foi uma escolha baseada principalmente em segurança e status social?",,
13.5,book,Camada 5: O Chão que Você Pisa - Temperamento,A base biológica e inata da sua personalidade.,"Na quinta camada, chegamos à fundação biológica da nossa personalidade: o Temperamento. Esta é a sua ""configuração de fábrica"", a matéria-prima herdada sobre a qual todo o resto é construído. É a sua reatividade emocional inata, o seu nível de energia, a sua predisposição a certos humores. O temperamento não é algo que você escolhe ou aprende; é o ""hardware"" neurológico com o qual você nasceu.

A sabedoria clássica e medieval, baseada em Hipócrates e Galeno, mapeou quatro temperamentos principais: o Colérico (ambicioso, enérgico, explosivo), o Sanguíneo (otimista, sociável, inconstante), o Fleumático (calmo, confiável, passivo) e o Melancólico (analítico, sensível, perfeccionista). Embora a ciência moderna use outras categorias, o princípio permanece: a nossa biologia estabelece os limites e as tendências do nosso comportamento.

Ignorar o seu temperamento é como um peixe a tentar escalar uma árvore; leva à frustração e ao fracasso. O autoconhecimento exige uma aceitação humilde desta camada. Você não pode mudar o seu temperamento, mas pode aprender a trabalhar com ele. O colérico pode aprender a paciência, o melancólico a coragem, o sanguíneo o foco, e o fleumático a iniciativa. Conhecer o seu chão biológico é a condição para construir um edifício sólido de virtudes sobre ele.",39,6,"temperamento, biologia, inato, colérico, sanguíneo, fleumático, melancólico, natureza","Conrad Hock, Os Quatro Temperamentos: Um guia clássico e acessível que descreve as características, virtudes e defeitos de cada um dos quatro temperamentos a partir de uma perspetiva católica.

Jordan B. Peterson, 12 Regras Para a Vida: A ênfase na biologia e na neurociência como fundamentos da personalidade humana ecoa a importância de compreender e aceitar a Camada 5.","Com base nas descrições, qual dos quatro temperamentos clássicos parece ressoar mais com a sua natureza inata?

Descreva uma situação em que a sua reação foi claramente ditada pelo seu temperamento, para o bem ou para o mal.

Como o conhecimento do seu temperamento pode ajudá-lo a ser mais paciente consigo mesmo e com os outros?",,
13.6,book,Camada 6: Os Fantasmas na Máquina - Subpersonalidades,Os fragmentos autônomos que coabitam a sua psique.,"Aqui, o terreno da psique torna-se mais estranho e complexo. A sexta camada é habitada pelas Subpersonalidades, que são fragmentos semiautônomos da nossa personalidade. Elas nascem de experiências de grande impacto emocional, especialmente traumas, conflitos não resolvidos ou fases da vida que não foram devidamente integradas. São como ""fantasmas"" ou pequenos ""eus"" que vivem dentro de nós, cada um com as suas próprias memórias, desejos e medos.

Viva a cena: Um homem bem-sucedido e confiante está prestes a fazer uma apresentação importante. De repente, uma onda de pânico o invade. Ele sente-se pequeno, indefeso, como uma criança assustada. Nesse momento, uma subpersonalidade — ""o menino humilhado"" por um professor na infância — tomou o controlo da sua consciência, sequestrando o adulto competente.

Todos nós temos subpersonalidades: ""o crítico interno implacável"", ""o rebelde sabotador"", ""a criança carente"". Elas agem de forma independente e, muitas vezes, contraditória à nossa vontade consciente, explicando por que, por vezes, agimos de maneiras que não compreendemos ou que minam os nossos próprios objetivos. Identificar esses fragmentos, entender a sua origem e ouvir o que eles têm a dizer é um passo crucial para a integração e a totalidade da alma, um processo que a psicologia analítica de Jung chamou de individuação.",39,6,"subpersonalidades, fragmentos, trauma, conflito, psique, sombra, complexos","Carl Gustav Jung, O Homem e seus Símbolos: Uma excelente introdução ao conceito de ""complexos"", que são funcionalmente idênticos às subpersonalidades de Olavo de Carvalho.

Roberto Assagioli, Psicossíntese: O fundador da Psicossíntese desenvolveu técnicas específicas para identificar e harmonizar as diferentes subpersonalidades dentro da psique.","Você consegue identificar alguma ""voz"" interna que parece ter vontade própria e que por vezes o critica ou sabota? Tente dar um nome a essa subpersonalidade.

Pense num padrão de comportamento autodestrutivo que se repete na sua vida. Que subpersonalidade poderia estar por trás dele e o que ela poderia estar a tentar ""proteger"" ou ""comunicar""?

Como a ideia de que você ""não é uma só pessoa"" muda a forma como você encara as suas próprias contradições e conflitos internos?",,
13.7,book,Camada 7: A Engrenagem Social - Cidadania,"O jogo de lealdades, deveres e o dilema do ""balde de siris"".","Após a jornada pelas camadas mais íntimas, o indivíduo volta-se para o exterior, mas com uma nova percepção. A sétima camada é o despertar para a Cidadania. No entanto, não se trata da cidadania abstrata dos manuais de direito, mas do complexo jogo de lealdades e códigos não-escritos da sua comunidade real: o escritório, o grupo de amigos, a família. O foco deixa de ser a eficiência pessoal (Camada 6) para se tornar a arte de navegar na engrenagem social, equilibrando direitos e deveres implícitos para sobreviver e prosperar dentro do grupo.

É aqui que a tragédia brasileira se manifesta de forma mais clara. A sociedade se organiza como um ""balde de siris"". O sucesso individual é visto com desconfiança e inveja. A regra não-dita é: ninguém pode escapar. Se um siri consegue escalar e está prestes a se libertar, os outros o puxam de volta para a mediocridade coletiva.

Viva a cena: Você trabalha numa repartição pública. Um colega descobre um método para triplicar a eficiência de um processo, o que eliminaria a necessidade de horas extras pagas e exporia a inutilidade de vários cargos. Ele apresenta a ideia, animado. A reação não é de admiração, mas de pânico e hostilidade velada. ""Vai arrumar problema pra gente"", ""Sempre foi feito assim"", ""Quer aparecer pro chefe?"". Os outros siris, confortáveis no lodo da ineficiência e da pequena corrupção, puxam-no de volta. O ""jeitinho"", a lealdade ao esquema, torna-se a ""cidadania"" daquele micro-universo, uma lealdade que exige a renúncia à excelência e à integridade. Em um país que esqueceu seus heróis, como D. Pedro II, e que construiu uma capital como Brasília para apagar a memória, a lealdade ao grupo medíocre torna-se a única virtude praticada.",39,7,"cidadania, comunidade, deveres, jeitinho, lealdade, balde de siris, corrupção","Roberto DaMatta, O que faz o brasil, Brasil?: Uma análise antropológica sobre a mentalidade do ""jeitinho"" e a dificuldade de se criar uma esfera pública baseada em regras universais, em vez de lealdades pessoais.

Gilberto Freyre, Casa-Grande & Senzala: Para entender as raízes históricas de um Brasil onde as relações pessoais e familiares se sobrepõem à lei impessoal, o berço da cidadania da Camada 7.","No seu ambiente de trabalho ou social, quais são as ""regras não-escritas"" que todos seguem para não serem puxados para baixo pelos outros ""siris""?

Já se viu numa situação em que fazer a coisa certa o colocaria em conflito direto com o seu grupo? O que você fez?

Como a desvalorização de heróis e a falta de um projeto de nação contribuem para que a lealdade ao pequeno grupo se torne mais importante que o bem comum?

",,
13.8,book,Camada 8: O Tribunal da Consciência Moral,A rebelião do indivíduo contra a cumplicidade com um sistema corrupto.,"A sobrevivência na engrenagem social da Camada 7 é um exercício de asfixia lenta. O indivíduo honesto é forçado a respirar o ar viciado do ""jeitinho"", não por desejo, mas por necessidade, num país onde o Estado é um sócio predador que exige tributos em dinheiro e em alma. A oitava camada, a da Consciência Moral, irrompe não como arrependimento por um mal que se fez, mas como a revolta contra um mal que se é forçado a tolerar. A pergunta muda de ""Como sobrevivo neste jogo?"" para ""A que custo estou a sobreviver?"".

Viva a cena: Um pequeno empresário, que luta há anos para manter as portas abertas, recebe a visita de um fiscal do Estado. Não há irregularidades, mas o fiscal deixa claro que, sem um ""agrado"", um ""café"", ele encontrará uma. O empresário pensa na sua família, nos seus funcionários, em toda a burocracia sufocante, nos impostos escorchantes que já paga para sustentar a máquina inchada de Brasília. Ele já viu os escândalos da Lava Jato, os políticos com dinheiro na cueca, a libertação de criminosos confessos. Ele entende que aquele ""agrado"" não é um ato isolado; é o combustível que alimenta o monstro. Nesse momento, ele decide. Com a calma de quem abraça o próprio sacrifício, ele recusa. ""Não"". Ele sabe que essa palavra pode custar o seu negócio, mas a sua alma não está mais à venda.

Este despertar moral não é o do criminoso que se arrepende, mas o do homem justo que se recusa a ser cúmplice. Numa nação educada para a mediocridade e para a inveja do sucesso, onde a escola não ensina nada de útil, este ato de integridade individual é a única revolução possível. É o rompimento com a lógica do ""balde de siris"" através da afirmação de um padrão moral superior, mesmo que o mundo em volta o chame de louco ou otário.",39,8,"moral, ética, consciência, responsabilidade, integridade, estado, corrupção, sistema","Frédéric Bastiat, A Lei: Uma obra curta e demolidora que explica como o Estado, criado para proteger a vida, a liberdade e a propriedade, se perverte e se torna o principal violador desses direitos.

A biografia de qualquer empresário brasileiro de sucesso que não tenha se rendido a esquemas com o governo. A sua história é o testemunho da Camada 8.","Frédéric Bastiat, A Lei: Uma obra curta e demolidora que explica como o Estado, criado para proteger a vida, a liberdade e a propriedade, se perverte e se torna o principal violador desses direitos.

A biografia de qualquer empresário brasileiro de sucesso que não tenha se rendido a esquemas com o governo. A sua história é o testemunho da Camada 8.",,
13.9,book,Camada 9: A Personalidade Intelectual,Descobrindo nos heróis esquecidos a força para lutar hoje.,"A decisão moral da Camada 8 gera um profundo isolamento. O homem que diz ""não"" ao sistema é tratado como um corpo estranho, um inimigo da engrenagem. É nesse deserto que começa a jornada da nona camada, a da Personalidade Intelectual. A escola brasileira, um projeto de engenharia social focado em criar militantes e não pensadores, não lhe deu as ferramentas para entender a sua própria luta. Ele precisa, por conta própria, buscar as armas intelectuais para a batalha que trava.

Viva a cena: O nosso empresário, agora a enfrentar uma perseguição burocrática por sua ousadia, começa a devorar livros de história – não os manuais do MEC que pintam o Brasil como uma colónia de exploração, mas as obras de historiadores sérios. Ele lê sobre o Império e descobre um Brasil próspero, com uma moeda forte, governado por um homem como D. Pedro II, um intelectual que colocava o dever acima de tudo. Ele lê sobre os Bandeirantes, homens que desbravaram um continente, e sobre José Bonifácio, o arquiteto de uma nação. Ele percebe que a sua luta solitária contra um Estado predador não é nova. É a mesma luta de seus antepassados contra tiranos e corruptos. A falta de conhecimento sobre o seu próprio sobrenome, sobre a sua ancestralidade, foi um projeto para o enfraquecer.

A cultura, então, deixa de ser um luxo e torna-se um arsenal. Ler a verdadeira história do Brasil é como encontrar o mapa de um tesouro deixado por seus avós. Ele entende que o apagamento dos heróis, a construção de Brasília como um templo ao funcionalismo anónimo, a desvalorização do Real, a queda na qualidade de tudo — tudo isso faz parte do mesmo projeto de desconstrução nacional. A sua luta pessoal ganha um sentido universal. Ele não está apenas a salvar a sua empresa; está a resgatar a alma de uma nação.",39,9,"intelectual, cultura, história, heróis, legado, Brasil, monarquia, verdade","Otávio Tarquino de Souza, História dos Fundadores do Império no Brasil: Uma coleção essencial de biografias que revela o caráter e a visão de nação dos homens que construíram um Brasil que deu certo.

Raphael Tonon, O Império do Brasil (no YouTube): Para entender a estabilidade, a prosperidade e os princípios que regeram o Brasil durante a Monarquia, em contraste com a desordem republicana.Por que a história ensinada nas escolas brasileiras parece tão focada em culpas (escravidão, exploração) e tão pouco em motivos de orgulho (heroísmo, grandes feitos)?

Pense no nome de uma rua ou praça na sua cidade que homenageia um político recente. Agora pense num grande herói do Império. Qual deles você conhece melhor? O que isso diz sobre a nossa memória?

Como o resgate da verdadeira história pode nos dar força e estratégia para combater a decadência atual?","Por que a história ensinada nas escolas brasileiras parece tão focada em culpas (escravidão, exploração) e tão pouco em motivos de orgulho (heroísmo, grandes feitos)?

Pense no nome de uma rua ou praça na sua cidade que homenageia um político recente. Agora pense num grande herói do Império. Qual deles você conhece melhor? O que isso diz sobre a nossa memória?

Como o resgate da verdadeira história pode nos dar força e estratégia para combater a decadência atual?",,
13.10,book,Camada 10: A Personalidade Espiritual,"A descoberta de que a guerra contra o caos é, antes de tudo, espiritual.","A jornada intelectual da nona camada arma o indivíduo com a verdade histórica, mas também revela uma verdade mais profunda. A ordem, a coragem e a visão dos grandes homens do passado não eram produtos apenas do intelecto ou do civismo. Eram sustentadas por uma fé robusta. A décima camada, a da Personalidade Espiritual, é o reconhecimento de que a luta contra a desordem de um Estado corrupto e de uma sociedade doente é um reflexo de uma batalha cósmica entre a ordem e o caos, entre Deus e o Mal.

Viva a cena: O empresário visita o Santuário de Congonhas, em Minas Gerais. Ele olha para as estátuas dos profetas de Aleijadinho. Não são apenas esculturas; são a materialização da fé de um povo, a expressão de uma certeza sobre o destino eterno do homem. Ele percebe que a civilização brasileira, em seu auge, foi construída sobre a rocha da fé católica. A caridade que fundou as Santas Casas, a coragem que moveu os missionários como Anchieta, a busca pela justiça que inspirou os melhores estadistas — tudo brotava da mesma fonte. Ele compreende que o socialismo e o progressismo que destruíram a educação e a moralidade no Brasil não são meras ideologias políticas; são heresias, tentativas de construir um paraíso terrestre que sempre resulta num inferno.

A sua luta, que começou como um ""não"" a um fiscal corrupto, transforma-se. Ele entende que combater a corrupção do Estado é uma forma de combater a desordem na alma humana. A busca pela excelência no seu trabalho torna-se um ato de adoração, uma forma de restaurar um pequeno pedaço da ordem divina no mundo. A fé deixa de ser uma tradição familiar e passa a ser a estratégia central da guerra.",39,10,"espiritual, transcendência, fé, Deus, ordem, caos, catolicismo, civilização","G. K. Chesterton, Ortodoxia: Um livro que mostra como a doutrina cristã não é uma camisa de forças, mas a única chave que destranca os paradoxos da existência e fornece um fundamento sólido para a razão e a moral.

Santo Agostinho, A Cidade de Deus: A obra definitiva sobre a história humana como o palco da luta entre a Cidade dos Homens (guiada pelo amor-próprio e pela sede de poder, a lógica do Estado corrupto) e a Cidade de Deus (guiada pelo amor a Deus).","A ideia de que a crise do Brasil é, no fundo, uma crise espiritual, faz sentido para você? Porquê?

Como a fé pode dar a um indivíduo a força para resistir a um sistema opressor quando tudo o mais falha?

Qual o papel da herança católica na formação da identidade brasileira, e por que essa herança é tão atacada hoje?",,
13.11,book,Camada 11: A Personalidade Profética,A sua vida torna-se a prova de que o sistema está errado.,"Quando a vida de um homem se alinha com a verdade histórica e a ordem divina, ela adquire um poder magnético. A décima primeira camada, a da Personalidade Profética, é o momento em que a vida do indivíduo se torna o seu principal argumento. Ele já não precisa de provar que o sistema está errado; a sua existência é a prova. O ""profeta"", neste sentido, é aquele que encarna uma possibilidade de vida que a sociedade doente declarou impossível.

Viva a cena: A empresa do nosso empresário tornou-se um caso raro. Em meio a uma economia devastada pela incompetência e corrupção estatal, a sua floresce. Ele paga salários justos, exige e produz excelência, e a sua reputação de integridade atrai os melhores talentos, jovens fartos da mediocridade e do cinismo. Ele não precisa de dar palestras sobre valores. A sua empresa é a palestra. Ele se torna um mentor para outros empreendedores, ensinando-os não apenas a navegar na selva burocrática, mas a lutar contra ela com as armas da competência e da retidão. A sua casa torna-se um ponto de encontro, onde se discute a verdadeira história do Brasil, se lê filosofia e se reza. Ele não busca um cargo político; a sua liderança é de outra ordem.

Ele se torna um construtor de fortalezas, um farol de ordem no meio do caos. Para os siris no fundo do balde, que só sabem puxar para baixo, a sua existência é uma provocação intolerável. Para aqueles que ainda olham para cima, a sua luz é um sinal de esperança. Ele mostra, através do testemunho da própria vida, que é possível ser brasileiro sem ser cúmplice da decadência.",39,11,"profeta, testemunho, legado, exemplo, liderança, vocação, verdade","Jordan B. Peterson, 12 Regras Para a Vida: Um chamado moderno à responsabilidade individual como antídoto para o caos pessoal e social. A Regra 1, ""Costas direitas, ombros para trás"", é a postura física daquele que assume uma vocação profética.

A biografia de figuras como o Barão de Mauá: Um exemplo de empreendedor que lutou para modernizar o Brasil contra a resistência de uma elite política retrógrada e de um Estado hostil à iniciativa privada.","Quem, na sua vida, serve como um ""testemunho vivo"" de que é possível viver com integridade e excelência, apesar das dificuldades?

Qual a diferença entre um ""influenciador"", que busca a aprovação das massas, e um ""líder profético"", que busca servir à verdade, mesmo que isso o torne impopular?

Se a sua vida profissional e pessoal fosse um exemplo para os mais jovens, que lição principal ela ensinaria?",,
13.12,book,Camada 12: O Confronto com a Eternidade,Julgar o Brasil sob a única perspectiva que importa.,"Esta é a última camada, o ponto de observação final a partir do qual toda a jornada é reavaliada. A décima segunda camada é o Confronto com a Eternidade. A consciência já não está primariamente focada em lutar contra o Estado, em resgatar a cultura ou mesmo em servir de exemplo. O foco é absoluto: o diálogo da alma com Deus e a preparação para o juízo final.

Viva a cena: O nosso empresário está velho. Ele construiu uma obra, deixou um legado. Ele vê as notícias. Outro escândalo de corrupção explode em Brasília. O Real desvaloriza mais uma vez. Um professor doutrinador vomita mentiras numa universidade federal. Anos atrás, isso o encheria de fúria. Agora, ele sente uma tristeza profunda, mas serena. A sua preocupação já não é com o PIB do próximo trimestre, mas com o destino eterno das almas – a do político corrupto, a do professor militante, a dos jovens que se perdem na anarquia moral. Ele entende que a maior tragédia do Brasil não é a sua pobreza material, mas a sua miséria espiritual. A maior roubalheira não é a que desvia dinheiro público, mas a que rouba das almas a possibilidade da salvação.

Nesta camada, a vida é vivida sub specie aeternitatis, sob a perspectiva da eternidade. Cada ato é pesado não pela sua consequência terrena, mas pelo seu valor eterno. Lutar contra a tirania do Estado torna-se um dever de caridade para com as almas que são esmagadas por ele. Educar os mais jovens sobre a verdade torna-se uma obra de misericórdia espiritual. Para uma sociedade que abdicou do seu futuro e vive apenas o imediatismo do ""jeitinho"" e do prazer, esta perspectiva é incompreensível. Para quem chega a este cume, é a única que revela a verdadeira dimensão da batalha humana.",39,12,"eternidade, alma, Deus, julgamento, propósito final, transcendência, salvação","A Imitação de Cristo, de Tomás de Kempis: Particularmente o Livro I, que ensina a desprezar as vaidades do mundo e a ordenar toda a vida em preparação para o dia da morte e do juízo.

Frank Sheed, Teologia e Sanidade: Um livro que argumenta que a sanidade consiste em ver a realidade como ela é, e a realidade última é Deus e o nosso destino eterno. A loucura é viver como se Deus não existisse.","Se você tivesse a certeza absoluta de que seria julgado por cada um dos seus atos após a morte, que única mudança faria na sua vida hoje?

Como a perspectiva da eternidade pode transformar a sua raiva contra a injustiça do mundo em uma ação mais focada e serena?

Ao olhar para a história do Brasil e para a sua situação atual, qual você acredita que seja o maior ""pecado"" da nação, do ponto de vista espiritual?",,
14,document,Regras e comportamentos: por que isso importa?,Uma introdução à ordem como alicerce da liberdade e da soberania.,"""Por que seguir regras?"". Num mundo que prega a ""liberdade"" como a ausência total de limites e a ""autoexpressão"" como a virtude máxima, esta pergunta soa quase como uma heresia. Fomos ensinados por uma cultura progressista que as regras são correntes, que a tradição é uma jaula e que a ordem é a inimiga da criatividade. Mas e se for exatamente o contrário? E se a verdadeira liberdade só for possível dentro de uma estrutura de ordem?

Esta jornada pelas regras de comportamento não é um manual de boas maneiras. É uma expedição ao alicerce da realidade. Baseados na obra de pensadores como Jordan Peterson, vamos explorar como certas posturas e atitudes fundamentais, longe de nos aprisionarem, são as ferramentas que nos permitem navegar o caos inevitável da existência, construir uma personalidade forte e iniciar a subida pelas 12 Camadas da Personalidade.

Numa sociedade como a brasileira, deliberadamente mergulhada no caos — o caos econômico de uma moeda sem valor, o caos moral de uma educação que destrói em vez de construir, o caos social de um ""balde de siris"" onde a inveja sufoca a excelência — a busca por regras e ordem não é uma opção. É uma estratégia de sobrevivência. Cada regra é uma arma para fortalecer as camadas mais externas da sua personalidade, preparando-o para a jornada interior. Elas são o treinamento básico do soldado antes da guerra pela soberania da própria alma.",40,1,"regras, ordem, caos, liberdade, soberania, Jordan Peterson, comportamento","Jordan B. Peterson, 12 Regras Para a Vida: Um Antídoto Para o Caos: A obra central que inspira esta jornada, combinando psicologia, mitologia, religião e neurociência para extrair regras de vida atemporais.

Roger Scruton, Beleza: Scruton argumenta que a busca pela beleza é uma forma de encontrar ordem e sentido num mundo profanado, um princípio que se alinha à busca por uma vida ordenada.","Pense na área mais caótica da sua vida neste momento. De que forma a ausência de uma ""regra"" ou princípio contribui para essa desordem?

A cultura moderna desconfia de regras, mas impõe as suas próprias (o ""politicamente correto"", por exemplo). Quais ""regras não-ditas"" da nossa sociedade mais o sufocam?

Qual a diferença entre a ""ordem"" que aprisiona (tirania) e a ""ordem"" que liberta (disciplina)?",,
14.1,book,"Regra 1: Costas eretas, ombros para trás",A postura como o uniforme das suas camadas mais externas.,"A primeira regra não é uma ideia, é um ato físico. ""Costas eretas, ombros para trás"" é a decisão corporal de rejeitar o caos e abraçar a ordem. Este é o ponto de partida de toda a jornada, pois atua diretamente nas suas camadas mais superficiais e visíveis: a Camada 1 (Personagens) e a Camada 2 (Imagem Social).

A sua postura é o uniforme do ""personagem"" que você decide apresentar ao mundo. Costas curvadas e ombros caídos são o uniforme do personagem ""vítima"", do ""derrotado"", do siri que aceitou o fundo do balde como seu destino. Esta postura molda a sua Imagem Social: as pessoas o percebem como fraco, submisso e inseguro. O pior é que este julgamento externo é internalizado, criando um ciclo vicioso bioquímico que afoga o seu cérebro em cortisol (stress) e o priva de serotonina (confiança).

Viva a cena: Você está numa repartição pública. O ambiente foi projetado para intimidar: o balcão é alto, o funcionário o trata com desprezo, a demora é humilhante. É o Estado a comunicar fisicamente a sua insignificância. O seu instinto é encolher-se, aceitar a humilhação. Mas você se lembra da regra. Endireita a coluna, projeta os ombros para trás. Você não grita, não discute. Apenas a sua postura muda o jogo. Você deixa de ser o personagem ""súdito"" e passa a ser o personagem ""cidadão"". A sua imagem social, naquele micro-universo, transforma-se de ""presa fácil"" em ""alguém a ser respeitado"".

Ao endireitar as costas, você conscientemente ajusta suas camadas mais externas para sinalizar competência. É um ato de rebelião contra a narrativa do fracasso que a sociedade brasileira tenta impor. É a base física necessária para começar a organizar as camadas mais profundas da sua alma.",40,2,"postura, confiança, hierarquia, Personagem, Imagem Social, balde de siris","Amy Cuddy, O Poder da Presença: Pesquisa científica que prova como posturas de poder alteram a sua química cerebral em minutos, tornando-o literalmente mais confiante e menos reativo ao stress.

A iconografia dos heróis do Império. Observe as estátuas e pinturas de D. Pedro II ou do Duque de Caxias. A sua postura ereta não é um acidente, mas a representação da virtude, da firmeza e do senso de dever.","Neste exato momento, o ""personagem"" que a sua postura comunica (Camada 1) é o de alguém que comanda a própria vida ou o de alguém que é levado pelas circunstâncias?

Como a sua postura muda quando você se sente julgado ou intimidado? O que isso diz sobre o poder que a sua Imagem Social (Camada 2) tem sobre si?

Pense na mentalidade do ""balde de siris"". Como a postura física pode ser uma arma para sinalizar aos outros siris que você não participará do jogo deles?",,
14.2,book,Regra 2: Cuide de si como cuidaria de alguém sob sua responsabilidade,A responsabilidade como alicerce para alcançar as camadas superiores.,"Esta regra ataca a raiz da autossabotagem. Cuidamos dos nossos cães, das nossas plantas, dos nossos carros, mas frequentemente tratamos a nós mesmos com uma negligência cruel. Por quê? Porque no fundo, a consciência das nossas falhas nos faz sentir indignos de cuidado. Esta atitude nos mantém presos nas camadas inferiores da personalidade, afogados em culpas e subpersonalidades mal resolvidas.

""Cuidar de si"" não é autoindulgência. É o ato de assumir a responsabilidade moral fundamental pela sua própria alma, o pré-requisito para sequer começar a jornada em direção ao Núcleo da Personalidade Real (Camada 9). Você não pode explorar as profundezas do seu ser se o navio (seu corpo, mente e espírito) está a afundar por abandono. Tratar-se como alguém de valor é afirmar que a sua existência tem um propósito e que você tem o dever de se tornar o melhor instrumento possível para cumpri-lo.

Viva a cena: Você chega em casa esgotado. Lutou o dia inteiro contra a inflação que corrói seu poder de compra, contra a qualidade decadente dos produtos, contra um sistema educacional que emburrece os seus filhos. A tentação é a fuga: álcool, comida lixo, horas de redes sociais. Mas você se lembra da regra. Você tem a responsabilidade de ajudar essa pessoa que é você. Então, você desliga a TV que mente, prepara uma refeição nutritiva e lê um capítulo de um livro que o fortalece. Você não está a buscar prazer imediato; está a cumprir o seu dever para com a sua alma, tratando-a como um tesouro que precisa ser guardado e polido.

Numa sociedade que infantiliza os cidadãos, tornando-os dependentes do Estado e viciados em gratificação instantânea, esta regra é a declaração de independência do indivíduo. É o primeiro passo para deixar de ser efeito e tornar-se causa.",40,3,"responsabilidade, autoconhecimento, dever, disciplina, soberania, alma","A Regra de São Bento: Um manual milenar sobre como estruturar a vida com disciplina (oração, trabalho, estudo) para o bem da alma, tratando a si mesmo como um servo de Deus que tem a responsabilidade de cuidar do templo do Espírito Santo.

Viktor Frankl, Em Busca de Sentido: Mostra como, mesmo nas piores condições, assumir a responsabilidade pela própria atitude e encontrar um propósito é o que nos mantém humanos e nos permite sobreviver.","Se um médico lhe prescrevesse um plano de saúde (dieta, exercício, estudo) com o mesmo cuidado que você dedica a um filho ou a um animal de estimação, você o seguiria à risca? Por que sim ou por que não?

A negligência consigo mesmo (má alimentação, falta de estudo, procrastinação) pode ser uma forma de concordar com a narrativa de que você não tem valor?

Como o ato de assumir responsabilidade pela sua própria saúde e conhecimento pode ser o primeiro passo para a jornada interior rumo às camadas mais profundas da sua personalidade?",,
14.3,book,Regra 3: Seja amigo de pessoas que queiram o melhor para você,O seu círculo social como arquiteto das suas crenças e do seu destino.,"Esta regra é um imperativo estratégico para a sua jornada. As pessoas com quem você se associa são o ambiente que nutre ou envenena as suas camadas de personalidade. Elas moldam diretamente a sua Camada 2 (Imagem Social) e, de forma mais perigosa e sutil, instalam ou reforçam o seu Camada 3 (Sistema de Crenças e Desejos).

Amizades medíocres, baseadas na reclamação mútua e na validação dos seus piores impulsos, são os outros siris no balde. Eles garantem que a sua Imagem Social permaneça a de ""um de nós"", alguém que não representa uma ameaça. Eles reforçam um Sistema de Crenças onde o sucesso é sorte ou desonestidade, o esforço é inútil e a culpa é sempre do governo. Ficar perto deles é garantir a sua estagnação.

Viva a cena: Você decide começar a estudar a verdadeira história do Brasil, um tema que seus amigos, educados pela escola progressista, consideram ""coisa de maluco"". Na próxima reunião do grupo, você comenta com entusiasmo sobre algo que leu a respeito do Império. O resultado é um silêncio constrangedor, seguido de piadas. ""Virou monarquista agora?"". Você sente a pressão social para abandonar o seu novo interesse, para voltar a reclamar das mesmas coisas que eles. Nesse momento, a regra se torna clara como cristal: a lealdade a esse grupo é a traição ao seu próprio crescimento intelectual e moral.

Escolher amigos que o elevam é uma forma de proteger e fortalecer as suas camadas. Pessoas que celebram o seu sucesso expandem a sua autoimagem (Camada 2). Pessoas que o desafiam com ideias melhores e um exemplo de vida virtuoso ajudam a refinar o seu sistema de crenças e desejos (Camada 3), fazendo-o querer mais da vida do que apenas o conforto da mediocridade.",40,4,"amizade, influência, círculo social, crenças, balde de siris, excelência","Aristóteles, Ética a Nicômaco (Livros VIII e IX): A análise clássica sobre os três tipos de amizade (utilidade, prazer e virtude). Apenas a amizade baseada na virtude, onde se quer o bem do outro por quem ele é, é a que verdadeiramente nos eleva.

A Bíblia, Livro dos Provérbios (ex: 13:20): ""Quem anda com os sábios será sábio, mas o companheiro dos tolos sofrerá o mal"". Um aviso milenar sobre o poder determinante do nosso círculo social.","Os seus amigos mais próximos desafiam o seu Sistema de Crenças (Camada 3) com argumentos e exemplos, ou apenas repetem as mesmas opiniões para validar o grupo?

Quando você conquista algo, seus amigos celebram genuinamente ou você sente uma ponta de inveja, uma tentativa de minimizar a sua conquista (a mentalidade do ""balde de siris"")?

Você tem a coragem de se afastar de amizades que o mantêm estagnado, mesmo que isso signifique enfrentar a solidão por um tempo?",,
14.4,book,Regra 4: Compare a si mesmo com quem você foi ontem,A revolução silenciosa de focar no seu próprio progresso.,"A comparação é o veneno da alma e o motor da mentalidade do ""balde de siris"". A sociedade moderna, com o seu palco de vaidades nas redes sociais, o aprisiona na Camada 2 (Imagem Social). Você passa os dias a olhar para o recorte perfeitamente editado da vida do outro — a viagem, o carro, o corpo — e sente a picada da inveja. Essa comparação externa é um jogo que você nunca vencerá, pois sempre haverá alguém mais rico, mais bonito ou mais bem-sucedido. É a receita para a amargura e a estagnação.

A Regra 4 é um chamado para abandonar este circo de aparências e iniciar o trabalho sério de construir o seu Núcleo da Personalidade Real (Camada 9). O único competidor válido no jogo da vida é você mesmo. O seu ponto de partida não é onde o outro está, mas onde você estava ontem. O objetivo é a melhoria contínua, um progresso de 1% a cada dia.

Viva a cena: Você entra no Instagram e vê um antigo colega a exibir um carro de luxo. A inveja corrói o seu peito. Você se sente um fracassado. Mas então, a regra vem à mente. Você fecha o aplicativo. Pega um caderno e escreve: ""O que eu fiz hoje para ser melhor do que eu era ontem?"". Talvez você tenha lido cinco páginas de um livro importante. Talvez tenha vencido a preguiça e feito exercício. Talvez tenha tido a coragem de dizer ""não"" a algo que violava os seus princípios. De repente, a vitória do seu colega torna-se irrelevante. Você está a jogar um jogo diferente, um jogo infinito, onde a única vitória que importa é sobre a sua própria ignorância e fraqueza do dia anterior.

Numa nação doente de inveja, onde o sucesso alheio é motivo de suspeita e não de inspiração, comparar-se apenas consigo mesmo é um ato revolucionário. É a vacina contra a mediocridade coletiva. É o método para construir, tijolo por tijolo, uma fortaleza interior imune à opinião alheia e focada no único alvo que importa: a sua própria evolução.",40,5,"comparação, progresso, inveja, Imagem Social, Núcleo Real, balde de siris","As Confissões de Santo Agostinho: É a autobiografia de um homem que se compara constantemente não com os seus pares, mas com o ideal de santidade que ele foi chamado a ser, medindo o seu progresso em relação ao seu ""eu"" passado e pecador.

C.S. Lewis, Cristianismo Puro e Simples: A análise de Lewis sobre o orgulho como o maior dos pecados mostra como a comparação e a competição (""eu sou melhor que o outro"") estão na raiz de toda a miséria espiritual.","Quanto tempo do seu dia você gasta a consumir a vida dos outros nas redes sociais? Como se sente depois?

Qual foi a última pequena vitória que você teve sobre o ""seu eu de ontem"" (uma procrastinação vencida, um conhecimento adquirido, um ato de paciência)?

Como a mentalidade do ""balde de siris"" se manifesta no seu ambiente de trabalho ou social através da comparação e da inveja?",,
14.5,book,Regra 5: Não deixe que seus filhos façam algo que o faça desgostar deles,A responsabilidade de forjar a consciência moral e a ordem na próxima geração.,"Esta regra soa brutal para os ouvidos de uma cultura sentimentalista, mas é um dos conselhos mais profundos e amorosos que um pai pode receber. ""Desgostar"" do seu filho não significa falta de amor. Significa que o comportamento dele se tornou tirânico, desrespeitoso, mimado — insuportável. E se você, que o ama incondicionalmente, não suporta estar perto dele, imagine o resto do mundo. Esta regra é sobre a sua responsabilidade sagrada de transmitir ordem, de ajudar o seu filho a estruturar a sua psique para que ele seja capaz de desenvolver uma Consciência Moral (Camada 8).

A pedagogia progressista, inspirada em figuras como Paulo Freire e Anísio Teixeira, vendeu a ideia criminosa de que disciplina é opressão e que a autoridade dos pais traumatiza. O resultado está à nossa volta: uma geração de pequenos tiranos, emocionalmente frágeis, que não toleram o ""não"", não respeitam hierarquias e acreditam que o mundo lhes deve algo. Ao falhar em disciplinar, os pais não estão a ser ""bonzinhos""; estão a abdicar do seu papel primordial como símbolos da ordem (pai) e do cuidado (mãe), entregando os filhos ao caos.

Viva a cena: O seu filho de cinco anos faz um escândalo no supermercado porque quer um chocolate. Ele grita, deita-se no chão, chuta. Outros pais olham com uma mistura de pena e desprezo. A sua vontade é ceder, comprar o chocolate apenas para acabar com a humilhação pública. Mas você entende a sua missão. Você pega o seu filho com firmeza, leva-o para um canto e, com calma, mas com autoridade inabalável, aplica a consequência que foi previamente estabelecida para aquele comportamento. É um momento terrível. Mas, naquele ato, você está a ensinar-lhe sobre limites, sobre o respeito pelos outros, sobre o domínio dos próprios impulsos. Você está a construir a base da sua futura consciência moral, para que um dia ele não precise de si para saber o que é certo.

Educar é preparar o seu filho para o mundo, não para viver numa bolha onde todos os seus desejos são atendidos. É dar-lhe as ferramentas da disciplina e do respeito para que ele se torne um adulto amado e admirado, e não um futuro ""siri"" ressentido que passará a vida a tentar puxar os outros para o seu próprio lodo de indisciplina e caos.",40,6,"educação, filhos, disciplina, ordem, autoridade, consciência moral, progressismo","John Rosemond, Parenting by The Book: Um psicólogo que defende métodos de educação tradicionais, baseados na autoridade e na responsabilidade, em oposição direta às teorias permissivas modernas.

A Bíblia, Livro dos Provérbios (ex: 22:6): ""Ensina a criança no caminho em que deve andar, e, ainda quando for velho, não se desviará dele"". A sabedoria milenar sobre a importância da formação do caráter na infância.","Em que medida o medo de ser um pai ""autoritário"" ou de ""traumatizar"" o seu filho o impede de estabelecer limites claros e firmes?

A educação que o seu filho recebe na escola reforça os valores de disciplina e respeito que você tenta ensinar em casa, ou os sabota?

Como a falha em disciplinar uma criança contribui para a formação de um adulto que se vê como vítima e culpa sempre o ""sistema"" pelos seus fracassos?",,
14.6,book,Regra 6: Deixe sua casa em perfeita ordem antes de criticar o mundo,A soberania pessoal como condição para a ação política.,"Esta regra é o antídoto mais potente contra a hipocrisia do ativista moderno. Vemos por toda a parte pessoas gritando palavras de ordem para ""salvar o mundo"", mas cujas próprias vidas são um epicentro de caos. São os militantes que exigem justiça social, mas não conseguem manter um emprego; que falam em salvar o planeta, mas o seu quarto é um lixo; que criticam a ""estrutura"", mas são escravos dos seus próprios vícios. Esta postura é a marca de quem age a partir das camadas mais superficiais e reativas da personalidade.

""Deixar a sua casa em perfeita ordem"" é a metáfora para o trabalho de organizar a sua própria vida e solidificar o seu Núcleo da Personalidade Real (Camada 9). ""Casa"", aqui, significa tudo o que está sob o seu controlo direto: as suas finanças, a sua saúde, os seus relacionamentos, o seu conhecimento, o seu quarto. Criticar o mundo sem ter essa base em ordem não é virtude, é arrogância. É a tentativa de fugir da responsabilidade pessoal, projetando os seus próprios demónios no ""sistema"".

Viva a cena: Você está indignado com a corrupção em Brasília. A sua primeira reação é ir para as redes sociais e escrever um texto furioso, culpando todos os políticos. Mas a regra o detém. Você olha à sua volta. A sua mesa está uma bagunça de papéis. Há três semanas que você adia uma conversa difícil que precisa de ter com um familiar. Você não estuda um assunto sério há meses. Você percebe que a sua própria ""casa"" está em desordem. Então, você toma uma decisão radical: antes de tentar consertar o Brasil, vai consertar o seu metro quadrado. Você arruma a mesa, o escritório, faz a chamada, abre um livro. Cada pequeno ato de ordem na sua vida pessoal torna-se a sua verdadeira e mais eficaz ação política.

A soberania começa no domínio de si mesmo. Um homem que consegue ordenar a sua própria vida torna-se um centro de ordem para a sua família e a sua comunidade. Ele não precisa de gritar para ser ouvido; a sua própria existência torna-se a crítica mais poderosa ao caos do mundo. Em vez de apenas amaldiçoar a escuridão, ele acende uma vela no único lugar onde tem poder real: a sua própria casa.",40,7,"responsabilidade, ordem, caos, Núcleo Real, ativismo, hipocrisia","A Oração de São Francisco de Assis: ""Senhor, fazei-me instrumento de vossa paz. Onde houver ódio, que eu leve o amor..."". É um guia para a ação no mundo que começa com a transformação de si mesmo.

Olavo de Carvalho, O Mínimo que Você Precisa Saber para Não Ser um Idiota: A obra inteira é um chamado para que o leitor ""arrume a sua casa"" intelectual, adquirindo a cultura e as ferramentas de pensamento necessárias antes de emitir opiniões sobre o mundo.","Qual é a área da sua ""casa"" (vida pessoal, finanças, saúde, relacionamentos) que está mais em desordem neste momento?

De que forma a sua crítica ao ""sistema"" ou ao ""governo"" pode ser, por vezes, uma desculpa para não lidar com os seus próprios problemas e responsabilidades?

Se cada cidadão brasileiro se concentrasse em deixar a sua própria vida em perfeita ordem, que impacto isso teria no país como um todo?",,
14.7,book,"Regra 7: Busque o que é significativo, não o que é conveniente",O sacrifício como resposta à inevitabilidade da morte.,"A vida moderna é a religião da conveniência. Queremos a comida rápida, o prazer imediato, a solução fácil, o atalho. Essa busca incessante pelo que é conveniente é a lógica de uma vida vivida como se ela nunca fosse acabar. É a negação da morte. A Regra 7 é o chamado à maturidade, a troca do prazer pelo significado, do conveniente pelo sacrifício. Esta troca só se torna possível quando a Consciência da Morte (Camada 10) deixa de ser uma ideia abstrata e se torna a realidade que orienta todas as suas decisões.

A consciência da finitude nos coloca uma questão inescapável: se a vida é curta e o sofrimento é inevitável, por que não se entregar ao caos? A resposta é que o sofrimento pode ser voluntariamente abraçado em nome de um bem maior. Isso é o sacrifício. E o sacrifício é o que dá significado à vida. É adiar a gratificação de hoje em nome de um futuro melhor. É suportar um fardo pesado porque vale a pena.

Viva a cena: Você recebe uma proposta de trabalho. É um cargo público, com estabilidade, salário alto e pouco trabalho. É o sonho brasileiro da conveniência. Mas você sabe que, para conseguir a vaga, terá que participar de um esquema, fechar os olhos para a corrupção, tornar-se mais um parasita no corpo inchado do Estado. Ao mesmo tempo, você tem a oportunidade de continuar no seu pequeno negócio, com todo o risco, a burocracia sufocante e a luta diária. A conveniência grita: ""Aceite o cargo!"". Mas a consciência da sua mortalidade sussurra: ""Que história você quer contar no seu leito de morte?"". Ao escolher o caminho difícil, mas honesto, você está a buscar o que é significativo. Você conecta a sua vida a algo maior que o seu conforto — a integridade, o exemplo para os seus filhos, a construção de algo real —, alcançando um vislumbre da Consciência da Unidade do Ser (Camada 11), onde a sua vida se alinha a um propósito transcendente.

Numa sociedade que promove o hedonismo e o imediatismo como projeto, escolher o significado é a maior das rebeliões. É a decisão de carregar a sua cruz, em vez de tentar fugir dela. E é nesse ato que se encontra a única fonte de força e paz duradouras.",40,8,"significado, conveniência, sacrifício, morte, propósito, transcendência, hedonismo","Viktor Frankl, Em Busca de Sentido: Frankl, um sobrevivente do Holocausto, argumenta que a força primária do ser humano não é a busca pelo prazer, mas a busca por um significado para a sua vida, mesmo (e especialmente) no meio do sofrimento.

Fiódor Dostoiévski, Os Irmãos Karamázov: A lenda do Grande Inquisidor é uma meditação profunda sobre a troca da liberdade e do significado (o fardo de Cristo) pela segurança e conveniência (o pão oferecido pelo demónio).","Qual é o ""sacrifício"" que você está fazendo na sua vida neste momento em nome de um objetivo maior e mais significativo?

A consciência da sua própria morte (Camada 10) o paralisa de medo ou o impulsiona a viver uma vida com mais propósito?

Em que áreas da sua vida você consistentemente escolhe o que é conveniente em vez do que é significativo? O que o impede de fazer a troca?",,
14.8,book,"Regra 8: Diga a verdade. Ou, pelo menos, não minta",A palavra como ferramenta de construção ou destruição da realidade e da alma.,"Cada mentira que você conta, por menor que seja, é um golpe de martelo contra a estrutura da sua própria alma. A mentira não apenas distorce a realidade externa; ela corrompe a sua percepção da realidade. Você começa a viver num mundo de ficção criado por si mesmo, e essa dissonância o enfraquece, o torna ansioso e ressentido. A prática da verdade, por outro lado, é o ato que mais diretamente constrói e solidifica o seu Núcleo da Personalidade Real (Camada 9).

""Dizer a verdade"" não significa dizer tudo o que pensa de forma brutal e sem tato. Começa com a segunda parte da regra: ""pelo menos, não minta"". Significa recusar-se a dizer coisas que você sabe que são falsas. Significa parar de fingir que concorda com o que não concorda, parar de rir de piadas que não acha graça, parar de agir de formas que traem os seus valores. Cada vez que você se recusa a mentir, você fortalece o seu núcleo autêntico. As suas escolhas morais, baseadas na verdade, definem quem você realmente é.

Viva a cena: O seu chefe apresenta um projeto que você, com base na sua experiência, sabe que é desastroso. Todos os outros na reunião balançam a cabeça em concordância, com medo de o contrariar. É o famoso ""efeito manada"". A mentira conveniente seria ficar calado ou até elogiar a ideia. Mas você se recusa. Com respeito, mas com firmeza, você aponta as falhas que vê. Talvez o seu chefe fique irritado. Talvez os seus colegas o vejam como um ""criador de caso"". Mas, naquele momento, você alinhou as suas palavras com a realidade. Você solidificou a sua integridade. Você agiu a partir do seu núcleo, não das suas camadas superficiais de medo social.

Numa sociedade como a brasileira, onde o ""jeitinho"" é uma forma de mentira socialmente aceite e a mentira descarada se tornou a linguagem padrão da política e da comunicação social, praticar a verdade é como acender uma luz num quarto escuro. É o ato que o liberta da cumplicidade com o caos e que constrói, palavra por palavra, a fortaleza do seu caráter.",40,9,"verdade, mentira, integridade, realidade, Núcleo Real, jeitinho, corrupção","Aleksandr Solzhenitsyn, O Arquipélago Gulag: Além de ser um relato histórico, é uma profunda meditação moral. Solzhenitsyn conclui que a fonte da tirania soviética foi a acumulação de pequenas mentiras no quotidiano das pessoas. O seu ensaio ""Não Vivam pela Mentira"" é um manifesto para esta regra.

Santo Tomás de Aquino, Suma Teológica: Discute a mentira como um ato intrinsecamente mau, pois viola a própria finalidade da linguagem, que é comunicar a verdade que está na mente.","Qual foi a última ""pequena mentira"" que você contou para evitar um desconforto ou uma situação embaraçosa? Como se sentiu depois?

De que forma a prática de não mentir, mesmo em coisas pequenas, poderia fortalecer o seu senso de identidade e o seu ""Núcleo Real"" (Camada 9)?

Como o ""jeitinho"" brasileiro, que é uma forma de contornar a realidade através de pequenas fraudes e mentiras, contribui para a grande corrupção que vemos no país?",,
14.9,book,Regra 9: Presuma que a pessoa com quem você conversa sabe algo que você não sabe,A humildade como a ferramenta mais afiada para o crescimento intelectual.,"Entramos na maioria das conversas não para aprender, mas para vencer. A nossa boca está pronta para refutar antes que os nossos ouvidos tenham terminado de ouvir. Esta postura, a da arrogância intelectual, é o cadeado que nos tranca dentro do nosso próprio Sistema de Crenças e Desejos (Camada 3), impedindo que ele seja aprimorado. Quando as suas crenças se tornam um sistema fechado e dogmático, você para de pensar e começa apenas a reagir.

A Regra 9 é a chave que abre esse cadeado. ""Presumir que o outro sabe algo que você não sabe"" é a prática da humildade socrática (""só sei que nada sei""). Não significa que você deve abandonar as suas convicções. Significa que você deve abordar cada diálogo como uma oportunidade de refinar o seu mapa da realidade. Cada pessoa, independentemente da sua formação, tem uma perspetiva única e uma vida de experiências que podem conter a peça que falta no seu quebra-cabeças.

Viva a cena: Você está a conversar com um parente mais velho e com pouca educação formal. Ele começa a falar sobre a inflação, baseando-se na sua experiência de décadas a ir ao supermercado. A sua primeira tentação, armado com os gráficos e as teorias que viu na internet, é ""corrigi-lo"", mostrar-lhe como ele está errado. Mas você aplica a regra. Em vez de refutar, você pergunta: ""Interessante. Conte-me mais. Como era o preço das coisas antigamente? O que o senhor percebeu que mudou na qualidade dos produtos?"". De repente, a conversa deixa de ser um debate e torna-se uma exploração. Você pode não concordar com as conclusões dele, mas a experiência vivida que ele lhe transmite é um dado da realidade que nenhuma teoria pode substituir. Você sai da conversa não como um ""vencedor"", mas como alguém mais sábio.

Numa era de polarização ideológica, onde a academia e a imprensa brasileiras se fecharam em bolhas de autoafirmação, a prática da escuta humilde é um superpoder. É a ferramenta que lhe permite roubar o conhecimento e a perspetiva de todos à sua volta, usando cada interação para construir um sistema de crenças mais robusto, mais verdadeiro e mais alinhado com a complexidade do mundo real.",40,10,"escuta, humildade, diálogo, aprendizado, Sistema de Crenças, ideologia","Platão, Diálogos: Observe o método socrático. Sócrates raramente afirma; ele faz perguntas, partindo de uma posição de ignorância assumida, para guiar os seus interlocutores (e a si mesmo) em direção à verdade.

Dale Carnegie, Como Fazer Amigos e Influenciar Pessoas: Embora seja um livro sobre relações humanas, o seu princípio central é que a forma mais eficaz de se conectar com os outros (e aprender com eles) é demonstrar um interesse genuíno em ouvi-los.","Na sua última discussão importante, você passou mais tempo formulando a sua próxima resposta na sua cabeça ou a tentar compreender verdadeiramente o ponto de vista do outro?

Pense em alguém de quem você discorda profundamente. Consegue listar três coisas que poderia aprender com essa pessoa se a ouvisse com genuína curiosidade?

Como a sua prontidão para rotular as pessoas (""esquerdista"", ""bolsonarista"", ""facista"", ""nazita"" e outros) impede que você ouça o que elas realmente têm a dizer e refine o seu próprio Sistema de Crenças (Camada 3)?",,
14.10,book,Regra 10: Seja preciso no que diz,A linguagem como bisturi para dissecar o caos interior.,"O caos interior prospera na ambiguidade. Sentimentos vagos como ""ansiedade"", ""raiva"" ou ""tristeza"" são como dragões que habitam as regiões escuras da nossa psique. Eles nos dominam porque não têm nome, não têm forma. A Regra 10, ""Seja preciso no que diz"", é o convite para pegar o bisturi da linguagem e dissecar esses monstros. A linguagem precisa força a trazer o caos para a ordem da consciência.

Este processo de articulação é um confronto direto com a Camada 6 (Subpersonalidades) e a Camada 7 (Sombra). Os seus medos irracionais, os seus ressentimentos ocultos, as suas motivações vergonhosas — tudo isso são ""subpersonalidades"" ou aspectos da sua ""sombra"" que agem no escuro. Ao forçar-se a descrever com exatidão o que sente e por que sente, você arrasta essas entidades para a luz. O dragão do ""stress"" pode revelar-se como sendo, na verdade, ""o medo de ser julgado incompetente pelo meu chefe"" e ""a inveja do sucesso do meu colega"". Uma vez nomeados e definidos, os problemas deixam de ser monstros avassaladores e tornam-se adversários que podem ser enfrentados.

Viva a cena: Você tem uma discussão com a sua esposa e vai dormir com um sentimento difuso de raiva. No dia seguinte, um amigo pergunta o que aconteceu. A resposta preguiçosa seria: ""Ah, nós discutimos por causa de dinheiro"". Mas você aplica a regra. Você força a precisão: ""Eu me senti desrespeitado porque, quando eu expus a minha preocupação com a nossa poupança, ela revirou os olhos. Isso ativou a minha subpersonalidade do 'garoto ignorado', a mesma que eu sentia quando o meu pai invalidava as minhas opiniões na infância"". Esta precisão transforma tudo. Você deixa de ser uma vítima de uma emoção caótica e torna-se um analista da sua própria psique.

Numa sociedade onde a linguagem é deliberadamente pervertida para fins ideológicos — ""amor"" significa tolerância com o vício, ""justiça"" significa vingança de grupo —, resgatar a precisão na sua fala pessoal é um ato de saneamento mental e espiritual. É a ferramenta para mapear o seu mundo interior, dominar os seus demónios e, finalmente, colocar a sua casa em ordem.",40,11,"linguagem, precisão, caos, ordem, Subpersonalidades, Sombra, autoconhecimento","Carl Gustav Jung, Tipos Psicológicos: A obra de Jung é um exercício monumental de precisão linguística para descrever as diferentes funções e atitudes da psique, dando nomes e contornos ao que antes era vago.

George Orwell, A Política e a Língua Inglesa: Um ensaio clássico que demonstra como a linguagem imprecisa e o jargão político são usados para obscurecer a verdade e manipular o pensamento. A clareza na fala é uma arma política.","Qual o seu medo mais secreto, aquele que ninguém sabe além de você? E qual seu medo mais público? Aquele que todo mundo ao seu redor sabe que você tem? Eles são racionais ou formas internas de sabotagem que te impedem de viver a plenitude da sua vida?

Qual é o sentimento ou problema mais ""caótico"" e ""vago"" na sua vida neste momento? Tente descrevê-lo por escrito, com o máximo de precisão possível, como se o explicasse a um médico.

Ao articular um problema com precisão, você já conseguiu identificar ""subpersonalidades"" (como ""o crítico interno"" ou ""a criança assustada"") a atuar por trás dele?

Como a imprecisão da linguagem usada na comunicação social e na política (""discurso de ódio"", ""democracia"") serve para manipular as suas emoções e impedir o pensamento claro?",,
14.11,book,Regra 11: Não incomode as crianças quando andam de skate,A beleza do risco como forja da competência e da vocação.,"A cultura moderna é uma cultura de superproteção. Movidos por um medo paralisante, tentamos criar um mundo de ""espaços seguros"", eliminando todo e qualquer risco da vida dos nossos jovens. O resultado é uma geração de homens e mulheres frágeis, incapazes de enfrentar a adversidade, pois nunca foram autorizados a tropeçar. A Regra 11 usa a imagem dos skaters — jovens que voluntariamente se arriscam, caem, levantam-se e tentam de novo — como uma metáfora para o desenvolvimento da competência.

Ao enfrentar desafios na fronteira entre a sua habilidade e o caos, os jovens descobrem e desenvolvem a sua Camada 4 (Vocação e Inclinações Naturais). A competência não nasce da teoria, nasce da prática arriscada. É ao tentar a manobra difícil que o skater se torna um mestre. É ao enfrentar o problema complexo que o engenheiro se torna brilhante. A superproteção, especialmente a que visa reprimir a natureza competitiva e agressiva dos rapazes, não é um ato de cuidado; é um ato de castração. Sufoca o desenvolvimento da vocação, trocando a possibilidade da grandeza pela garantia da mediocridade segura.

Viva a cena: O seu filho adolescente quer participar num acampamento de sobrevivência na floresta. A sua primeira reação é pânico. E se ele se machucar? E se for picado por uma cobra? E se ele se perder? A tentação de o proibir, de o manter seguro no quarto com os seus videojogos, é imensa. Mas você se lembra da regra. Você entende que, ao enfrentar o risco real da natureza, ele não está apenas aprendendo a fazer uma fogueira; está aprendendo a confiar em si mesmo, a dominar o medo, a tornar-se competente. Você reprime o seu próprio medo e o incentiva, dando-lhe a oportunidade de descobrir a sua própria força.

Numa sociedade que desvaloriza a masculinidade e trata os seus cidadãos como crianças que precisam da tutela permanente do Estado-babá, permitir e até incentivar o confronto com o risco é um ato de formação de caráter. É a forma como transformamos rapazes em homens e meninas em mulheres, capazes de enfrentar o caos do mundo real, em vez de se esconderem dele.",40,12,"risco, competência, superproteção, Vocação, Inclinações Naturais, masculinidade","Nassim Nicholas Taleb, Antifrágil: Coisas que se Beneficiam com o Caos: Taleb argumenta que os sistemas (incluindo os seres humanos) não apenas sobrevivem ao stress e ao risco, mas precisam deles para se fortalecerem e crescerem. A superproteção cria fragilidade.

A biografia dos Bandeirantes: Homens que personificaram o confronto com o risco. Eles não tinham ""espaços seguros""; eles criaram uma nação ao aventurar-se no desconhecido, movidos pela coragem e pela competência forjada na adversidade.","Em que medida a sua própria educação foi superprotetora? Em que áreas da sua vida você sente que lhe falta competência porque nunca foi autorizado a correr riscos?

Como a cultura moderna, através da escola e da comunicação social, tenta ""incomodar"" ou reprimir comportamentos tradicionalmente masculinos, como a competitividade e a propensão ao risco?

Qual é o ""skate"" na sua vida hoje? Qual é o desafio que o assusta, mas que você sabe que, ao enfrentá-lo, o tornaria mais forte e competente?",,
14.12,book,Regra 12: Acaricie um gato ao encontrar um na rua,A atenção à beleza como uma janela para a transcendência no meio do caos.,"A existência é sofrimento. Esta é uma verdade brutal que todas as grandes religiões e filosofias reconhecem. A vida é marcada pela doença, pela perda, pela decepção e pela morte. Diante disto, como podemos evitar cair no desespero ou no ressentimento? A Regra 12 oferece uma resposta subtil, mas poderosa: prestando atenção aos pequenos momentos de graça e beleza que se manifestam espontaneamente no meio do caos.

Acariciar um gato de rua é um símbolo desse ato. O gato existe independentemente de si. Ele é uma pequena centelha de ordem, beleza e soberania no meio da desordem da cidade. Ao parar por um instante para se conectar com ele, você está praticando a atenção plena ao bem que existe no mundo, apesar de todo o mal. Este ato é uma forma de abrir a sua percepção para a transcendência no quotidiano. É um pequeno gesto que reflete a Abertura ao ""Tu"" Divino (Camada 12), a capacidade de reconhecer que a presença de Deus se manifesta onde menos se espera.

Viva a cena: Você acaba de receber uma notícia terrível — uma demissão, um diagnóstico médico, uma traição. O seu mundo parece desabar. Você caminha pela rua, cego pela sua própria dor, mergulhado no ressentimento. Então, você vê. O sol batendo numa folha de uma árvore de uma forma particularmente bela. Duas crianças gargalhando de uma forma contagiante. Uma teia de aranha com gotículas de orvalho que refletem as cores do arco-íris, símbolo da eterna aliança de Deus com o homem como contado na história de Noé. Por um segundo, você para. Você presta atenção. A dor não desaparece, mas, por um instante, você se lembra de que o mundo é maior do que a sua dor. Você se lembra de que, apesar de todo o sofrimento, a beleza e a graça ainda existem.

Numa sociedade focada na feiura, na denúncia e na politização de tudo, buscar ativamente a beleza nos pequenos detalhes do dia a dia é um ato de sanidade e de fé. É a prática de notar as frestas de luz na escuridão. É a forma mais simples e mais profunda de treinar a sua alma para perceber que, mesmo no meio da tragédia da vida, Deus não nos abandonou.

Sobre a beleza do arco íris, vale contar que logo após o dilúvio Deus faz sua promessa, você pode encontrar isso no Livro do Gênesis, capítulo 9, versículos 8 a 17, Deus estabelece uma aliança eterna com Noé e toda a humanidade após o dilúvio. Ele declara: “Vou fazer uma aliança convosco e com vossa posteridade, assim como com todos os seres vivos que estão convosco: as aves, os animais domésticos, todos os animais selvagens que estão convosco, desde todos aqueles que saíram da arca até todo animal da terra. Faço esta aliança convosco: nenhuma criatura será destruída pelas águas do dilúvio, e não haverá mais dilúvio para devastar a terra”. Deus então explica o sinal dessa aliança, dizendo: “Eis o sinal da aliança que eu faço convosco e com todos os seres vivos que vos cercam, por todas as gerações futuras”.
Continuando, Deus afirma: “Ponho o meu arco nas nuvens, para que ele seja o sinal da aliança entre mim e a terra. Quando eu tiver coberto o céu de nuvens por cima da terra, o meu arco aparecerá nas nuvens, e me lembrarei da aliança que fiz convosco e com todo ser vivo de toda a espécie, e as águas não causarão mais dilúvio que extermine toda criatura. Quando eu vir o arco nas nuvens, eu me lembrarei da aliança eterna estabelecida entre Deus e todos os seres vivos de toda a espécie que estão sobre a terra”. E finaliza: “Este é o sinal da aliança que faço entre mim e todas as criaturas que estão na terra” (Bíblia Ave Maria, Gen 9, 8-17).",40,13,"beleza, graça, sofrimento, atenção, transcendência, Tu Divino, imanência","Documentário Roger Scruton, Beleza (Vimeo): Uma defesa filosófica da beleza como uma necessidade humana fundamental, uma forma de nos sentirmos em casa no mundo e uma janela para o sagrado.

G. K. Chesterton, Ortodoxia: Chesterton era um mestre em encontrar o maravilhoso no banal. A sua obra ensina a olhar para o mundo com os olhos de uma criança, vendo a magia e o milagre em coisas que a rotina nos fez esquecer.","Qual foi o último pequeno momento de beleza inesperada que você notou no seu dia (um som, uma imagem, um gesto)?

Como a sua preocupação constante com problemas e tarefas o impede de estar ""presente"" e de perceber a graça que se manifesta à sua volta?

De que forma o ato de prestar atenção à beleza no quotidiano pode ser um antídoto contra o ressentimento e o desespero diante do sofrimento da vida?",,
15,beginner,Compromisso e a Síndrome de Sassá Mutema,A responsabilidade pessoal como o antídoto para a tirania do Estado.,"Existe uma palavra em inglês, accountability, que é praticamente intraduzível para o português. Mas a sua ausência mais trágica não é no dicionário, e sim no comportamento quotidiano do brasileiro. Accountability é a fusão de responsabilidade, compromisso e a disposição de prestar contas pelos próprios atos. É o exato oposto da cultura do ""jeitinho"" e da mentalidade do ""farinha pouca, meu pirão primeiro"".

Viva a cena: Você termina as compras no supermercado. O que faz com o carrinho? Devolve-o ao local designado, um pequeno ato de ordem que facilita a vida de todos, ou larga-o na vaga do estacionamento, criando desordem para que outro resolva? A sua resposta a esta pergunta define o seu caráter e a sua real cidadania. Deste micro-comportamento deriva uma infinidade de outros: o lixo que não foi você quem deitou no chão mas que você poderia apanhar, o troco que veio a mais e você não devolve, a vaga de deficiente usada ""só por um minutinho"". Cada um desses atos é um voto a favor do caos.

Essa recusa em assumir a responsabilidade pessoal alimenta a síndrome de ""Sassá Mutema"": a espera messiânica por um ""Salvador da Pátria"". Como nunca sou eu o responsável pela mudança, terceirizo a minha responsabilidade a um presidente, a um prefeito, a ""alguém"" que ""precisa fazer alguma coisa"". Culpamos o Estado inchado e corrupto, mas alimentamo-lo com a nossa própria omissão diária. É a falácia mental que C.S. Lewis descreveu tão bem em ""Cartas de um Diabo ao seu Aprendiz"": manter o homem focado nos seus pequenos egoísmos é o caminho mais curto para a sua perdição. É preciso expandir o conhecimento para além da nossa experiência limitada; investigar como sociedades como a americana ou mesmo cidades brasileiras mais ordenadas, como Gramado ou Pomerode, funcionam. A ordem não é um milagre. É a soma de milhões de atos de accountability individual.",41,1,"accountability, compromisso, responsabilidade, corrupção, jeitinho, Estado, omissão","Os relatos da Operação Lava Jato: Um estudo de caso monumental sobre como a ausência de accountability individual, do empresário ao político, pode destruir uma nação.

Alexis de Tocqueville, A Democracia na América: Para entender como uma sociedade próspera se constrói não a partir de um Estado central, mas de uma infinidade de associações locais e de um forte senso de responsabilidade cívica individual.","Faça uma lista honesta: nos últimos sete dias, em quantas ""micro-corrupções"" (como a do carrinho de compras) você incorreu?

A sua esperança na melhoria do Brasil está depositada na eleição de um ""salvador"" ou na mudança de comportamento das pessoas ao seu redor, começando por si mesmo?

O que o impede de tomar para si a responsabilidade por um pequeno pedaço de desordem pública (uma lâmpada queimada na sua rua, um lixo na sua calçada) e resolvê-lo, em vez de esperar que ""alguém"" o faça?",,
15.1,book,Horário: o seu respeito pelo tempo do outro é o respeito por si mesmo,"A pontualidade como um ato de ordem moral, não uma convenção social.","Você chega na hora? A resposta a esta pergunta revela em que camada da personalidade você predominantemente habita. Achar normal que um encontro marcado para as 19:00h só comece às 19:30h é um sintoma de estar preso nas camadas mais egocêntricas da psique, onde o seu microcosmo é a única realidade que importa e o tempo dos outros deve se curvar à sua conveniência. O atraso crónico não é um charme cultural; é uma agressão. É um ato de profundo desrespeito e uma falha de accountability.

Viva a cena 1 - O Sagrado: A missa começa às 8:00h. Você chega às 7:55h, esbaforido, procurando o primeiro lugar vazio e atrapalhando a oração de quem já está ali? Ou chega às 7:30h, para se preparar, para adorar a Deus em silêncio, para agradecer pelo dom da vida, para colocar a sua alma em ordem antes do encontro com o Sagrado? A sua relação com o horário do compromisso mais importante da semana espelha a sua relação com a própria eternidade.

Viva a cena 2 - O Social: Eu o convido para jantar na minha casa às 20:00h. Você chega às 20:40h, tratando o meu convite como uma sugestão vaga? Desconsidera todo o carinho e o trabalho que a minha família teve para o receber, a comida que esfria, a expectativa que se frustra? Ou você chega às 19:40h, para conversar, para oferecer ajuda, para partilhar da preparação daquele encontro? O horário não é uma moda. É o cumprimento de uma promessa. A sua pontualidade (ou a falta dela) comunica o valor que você atribui ao outro e, em última análise, o valor que você atribui à sua própria palavra.",41,2,"horário, pontualidade, respeito, compromisso, egoísmo, ordem, accountabilit","A disciplina horária dos mosteiros beneditinos (Ora et Labora): Um exemplo de como a estruturação rigorosa do tempo não visa a produtividade, mas a ordenação da alma e o serviço a Deus.

Biografias de grandes militares, como o Duque de Caxias: A disciplina militar é inconcebível sem uma reverência absoluta pela pontualidade, entendida como um pilar da confiança e da ordem.","Qual é a sua desculpa mais comum para os seus atrasos? Analise-a friamente: ela é uma justificativa real ou uma racionalização para a sua falta de organização e respeito?

Como você se sente quando alguém o faz esperar? Por que você se sentiria no direito de impor esse mesmo sentimento aos outros?

Que pequena mudança você pode fazer amanhã (como preparar a sua roupa na noite anterior ou colocar o despertador para tocar 15 minutos mais cedo) para transformar a pontualidade num hábito?",,
15.2,book,Promessas: a sua palavra é o alicerce do seu caráter,O poder das promessas implícitas e a coragem de honrar a própria palavra.,"O que é uma promessa? A cultura moderna a reduziu a quase nada, a um mero flatus vocis (sopro de voz), como diziam os filósofos medievais. Mas a sua palavra não é vento. Ela é um ato criador (ou destruidor). As promessas que você cumpre constroem a sua reputação e o seu caráter, tornando-o alguém confiável. O problema é que não percebemos a vasta gama de promessas implícitas que fazemos a todo o momento.

Quando você diz à sua esposa ""vamos fazer isso juntos"", ao seu filho ""vou fazer essa receita que você gostou"", ou a si mesmo ""preciso ler este livro"", você está a selar um pacto. São pequenas promessas, mas o seu cumprimento ou incumprimento tece a malha da sua integridade. Pior ainda são as promessas negativas que fazemos e que a nossa alma se encarrega de cumprir.

Viva a cena: Um jovem, ao ver o casamento infeliz dos pais, declara com amargura: ""Eu nunca vou me casar"". Isto não é um desabafo; é uma promessa, um decreto que a sua psique trabalhará incansavelmente para realizar. Ele sabotará relacionamentos, encontrará defeitos em todas as parceiras, fugirá da intimidade, tudo para honrar aquela promessa feita na dor e na ignorância. Isto não é autoajuda barata ou pensamento positivo, mas o reconhecimento de que a sua palavra tem poder sobre si mesmo.

Assuma uma nova postura. Não se comprometa com o que não pode cumprir. E dedique-se a honrar cada promessa, especialmente as pequenas. Ao agir para fora primeiro, cumprindo o que promete aos outros, você ganha a força e a clareza para identificar e lutar contra as promessas ocultas que regem o seu comportamento e o impedem de crescer. A sua palavra deve ser o seu vínculo.",41,3,"promessa, palavra, caráter, honra, integridade, compromisso, flatus vocis","A importância do juramento na cavalaria medieval: O código de honra de um cavaleiro era inteiramente baseado na santidade da sua palavra. A sua promessa era mais valiosa que a sua vida.

J. R. R. Tolkien, O Senhor dos Anéis: A obra é permeada pela seriedade dos juramentos e promessas. Personagens como Aragorn e Frodo são definidos pela sua fidelidade à palavra dada, mesmo a um custo imenso.","Qual foi a última pequena promessa que você fez a alguém (ou a si mesmo) e que não cumpriu? Qual foi o impacto disso?

Pense na sua vida. Existe algum padrão de autossabotagem que pode ser rastreado até uma ""promessa"" negativa que você fez a si mesmo no passado?

Como você pode começar hoje a usar a sua palavra de forma mais deliberada, fazendo menos promessas, mas garantindo que cada uma delas seja cumprida como se fosse um contrato sagrado?",,
15.3,book,Hombridade: o resgate do herói interior,O que é ser homem num tempo que declarou guerra à masculinidade.,"Armados com as ferramentas do pensamento, chegamos a uma questão fundamental que a nossa cultura tenta a todo o custo proibir: o que é ""ser homem""? O que é a hombridade? A resposta não é uma opinião, mas uma realidade que deriva da ordem natural e divina. Ser homem é assumir um papel de força, proteção e sacrifício na sociedade. É impossível ao ser humano viver só; a nossa natureza é a da contribuição mútua, e homens e mulheres possuem excelências distintas que, juntas, criam a harmonia.

A biologia não é uma opinião. Quem é, por natureza, mais apto a rachar lenha ou a defender a família de um agressor físico? Quem, por natureza, tem maior capacidade de decifrar as emoções num olhar ou de acalentar uma criança? Negar estas diferenças em nome de uma igualdade ideológica não liberta ninguém; apenas cria disfunção. A desconstrução do papel do homem, a ridicularização do ""herói que salva a donzela"", a guerra contra a masculinidade, está na raiz da crise social moderna. Onde há homens fortes, criam-se tempos de paz e prosperidade. Onde esses tempos fáceis criam homens fracos, o resultado é o caos que vivemos.

Viva a cena: Um pai vê o seu filho pequeno a ser tratado na escola como se a sua energia natural de menino fosse uma doença. Ele é incentivado a brincar com bonecas e a reprimir a sua competitividade. O pai percebe a engenharia social em ação. Em casa, ele toma uma atitude. Ele não ensina o filho a ser um ""macho"", mas um homem. Ensina-o a ser forte para proteger os fracos, a ser corajoso para defender a verdade, a tratar as mulheres com respeito e cavalheirismo. Ele ensina, pelo exemplo, que a hombridade não é toxidade, mas a virtude indispensável para a fundação de uma família e a defesa de uma civilização. É seu dever cobrar essa atitude dos homens ao seu redor e mostrar que os papéis de homem e mulher são cooperativos, mas distintos e insubstituíveis.",41,4,"hombridade, masculinidade, virilidade, herói, responsabilidade, desconstrução, família","Stephen K. Baskerville, The New Politics of Sex: Uma análise de como o feminismo e o Estado moderno colaboraram para minar a família tradicional e a autoridade masculina.

A história dos Santos da Igreja, como São Jorge ou São Miguel Arcanjo: Arquétipos da masculinidade combativa a serviço de Deus e da proteção dos inocentes.","De que forma a comunicação social, os filmes e as séries que você consome retratam a masculinidade: como uma virtude a ser admirada ou como uma ""toxidade"" a ser combatida?

Como a ausência de um pai forte ou de um referencial de hombridade na vida de um rapaz pode afetar o seu desenvolvimento?

O que significa, na prática, um homem ""proteger"" e ""prover"" para a sua família no século XXI, para além do aspeto financeiro?",,
15.4,book,Honradez: a coragem de defender a verdade inegociável,"A ética como um pilar objetivo, não uma opinião relativa.","O que é ter honra? A cultura moderna, com o seu dogma de que ""tudo é relativo"", tornou esta pergunta quase incompreensível. Mas a honradez não é um sentimento vago; é a adesão da alma à verdade objetiva. É entender que a ética não é uma questão de opinião. Como explica o Monsenhor Jonas Abib em ""Sim Sim, Não Não"", a relativização da vida é a armadilha que nos aprisiona. Ser honrado é entender que valores como a vida, a liberdade e a propriedade não são negociáveis, pois derivam da ordem divina e natural.

Ter honra é mais do que falar a verdade; é defender a verdade, com hombridade e força, contra as narrativas que tentam normalizar o imoral e o insano. Termos como ""woke"", ""DEI"" (Diversidade, Equidade, Inclusão) ou o sequestro da palavra ""ecologia"" são instrumentos de uma Janela de Overton, projetados para empurrar a mentira goela abaixo enquanto nos calam. A honra exige que não nos calemos.

Viva a cena: No seu ambiente de trabalho, a direção de RH implementa uma nova política de ""inclusão"" que, na prática, força os funcionários a usar pronomes neutros e a participar em ""treinamentos"" que são pura doutrinação ideológica. O medo do despedimento e do cancelamento social faz com que todos aceitem em silêncio. Mas a sua honra não o permite. Você não faz um escândalo. Com calma, mas com uma clareza inabalável, você informa ao seu superior que não participará, pois a política viola a sua consciência e a própria realidade biológica. A sua recusa silenciosa em participar da farsa é um ato de honradez que expõe a tirania. Ao não se calar perante a mentira, a sua honradez não é apenas salva, ela se torna um farol. Onde estão os honrados quando um juiz abusa do poder ou um político desvia dinheiro? O mal cresce quando a honra se cala.",41,5,"honra, honradez, ética, verdade, relativismo, direito natural, corrupção, woke","Monsenhor Jonas Abib, Sim Sim, Não Não: Um livro que desmascara o relativismo moral como a grande tentação moderna e chama a uma vida de adesão clara e inequívoca à verdade de Cristo.

C.S. Lewis, A Abolição do Homem: Uma defesa filosófica da existência de uma lei moral objetiva e universal (o ""Tao""), que é a base de todas as civilizações e que o modernismo tenta abolir.","Lembre-se de uma situação recente em que você se calou diante de uma mentira ou de uma injustiça por medo das consequências. O que a sua honra lhe pedia para fazer?

Como a normalização da arte abjeta (nudez pela nudez, degradação, pornografia) e da corrupção na política está diretamente ligada ao silêncio dos homens e mulheres de honra?

Comece pelo simples: o que você faz quando se vê na posição de cometer uma pequena injustiça, como receber um troco a mais? A sua honradez atua no pequeno para se fortalecer para o grande?",,
15.5,book,Sacrifício: a medida do amor e o antídoto para o egoísmo,A doação de si como o verdadeiro motor das relações humanas.,"O amor, na cultura moderna, foi reduzido a um sentimento, a uma transação de prazer. As relações são construídas em torno da satisfação do ""eu"": o meu prazer, a minha vontade, a minha felicidade. O outro torna-se um objeto para a minha satisfação. Esta é a receita para o desastre. O verdadeiro amor não é um sentimento, é um ato da vontade. E a sua medida é o sacrifício. O verdadeiro amor é a doação voluntária de si mesmo em prol do outro, é querer a felicidade de quem se ama antes da própria.

Esta verdade não se aplica apenas às relações românticas. O sacrifício é o cimento de todas as relações humanas autênticas. O problema é que o mundo digital nos treinou para um ""sacrifício"" superficial: um like, um compartilhamento, um comentário indignado. Sentimo-nos virtuosos por estes gestos que não nos custam nada, enquanto nos afastamos do sacrifício real, concreto, que exige o nosso tempo, a nossa energia e o nosso conforto.

Viva a cena: O seu amigo liga no sábado de manhã. Ele precisa de ajuda para concretar uma laje. Mas você tinha planeado ir à praia. O que você faz? A cultura do egoísmo diz: ""Cuide de si, você merece descansar"". O amor verdadeiro, expresso no sacrifício, diz: ""O meu amigo precisa de mim"". E você vai. E no cansaço, na sujeira e no suor, você constrói algo muito maior do que uma laje: você constrói a amizade sobre a rocha do sacrifício. O pai que trabalha até tarde, a mãe que cozinha mesmo exausta, o namorado que abre a porta do carro, o homem que coloca a mulher para o lado de dentro da calçada para a proteger — todos estes são pequenos, mas profundos, atos de sacrifício.

São um reflexo pálido do Sacrifício Máximo de Cristo, que, sendo inocente, se doou por nós. Sacrificar-se não é anular-se, mas encontrar o seu verdadeiro eu na doação. É a resposta final à pergunta sobre a ordem da vida: ordenar a vida é colocar o amor sacrificial no centro de tudo.",41,6,"sacrifício, amor, doação, egoísmo, família, amizade, materialismo","Papa São João Paulo II, Teologia do Corpo: Uma catequese profunda sobre o amor humano como um dom de si, em oposição à visão utilitarista do outro como um objeto para o prazer.

A Bíblia, Primeira Carta de São Paulo aos Coríntios, Capítulo 13: A descrição definitiva do amor como paciente, bondoso, que não busca os próprios interesses, que tudo suporta — a essência do amor sacrificial.","Na sua relação mais importante (cônjuge, filho, melhor amigo), as suas ações são mais motivadas pela busca da sua própria satisfação ou pelo desejo de se sacrificar pelo bem do outro?

Qual foi o último sacrifício real e concreto (que lhe custou tempo, dinheiro ou conforto) que você fez por alguém?

Como o foco excessivo no mundo digital pode atrofiar a nossa capacidade de fazer sacrifícios no mundo real, pelas pessoas que estão fisicamente ao nosso lado?",,
16,brain,Ordene seus pensamentos,A reconquista da sua mente em tempos de disrupção digital.,"A sua mente pode ser seu maior aliado ou seu pior inimigo. Para muitos de nós, sem que percebamos, ela se tornou um cárcere. Repetimos a pergunta ""quem me roubou de mim?"" ao despertar de um transe de quatro horas de vídeos inúteis nas redes sociais. Tentamos nos concentrar, mas um tsunami de pensamentos, músicas, piadas e fragmentos de filmes afoga o fio condutor que tentávamos seguir. Em tempos de fragmentação da alma, armar-se para ordenar os próprios pensamentos não é um luxo, é uma necessidade vital.

Esta jornada não é uma fórmula mágica, mas a entrega de um arsenal para uma batalha consciente. É o caminho para quem deseja a transformação pessoal, para quem quer saber mais, fazer mais e ser mais. Melhor para o mundo, melhor para si e melhor para Deus. E o alicerce deste ordenamento é a estrutura. Imagine sua mente como um supercomputador: processador, memória, armazenamento, tudo integrado. Para que este sistema funcione, seus elementos precisam de ordem. E, como em qualquer boa arrumação, faremos isso por partes, limpando o que é inútil, organizando o que é valioso e fortalecendo as defesas contra futuras invasões.",42,1,"ordem, pensamento, mente, foco, atenção, disrupção digital, soberania","Nicholas Carr, A Geração Superficial: O que a Internet Está Fazendo com Nossos Cérebros: Uma análise fundamental sobre como a tecnologia digital está reconfigurando nossa capacidade de concentração e pensamento profundo.

Byung-Chul Han, No Enxame: Perspectivas do Digital: Uma crítica filosófica sobre como a comunicação digital nos transforma em uma sociedade da indignação e do narcisismo, destruindo o respeito e a reflexão.","Com que frequência você se pega no ""piloto automático"", consumindo conteúdo digital sem intenção, e depois se sente esgotado e frustrado?

Se sua mente é um ""computador"", qual é o ""vírus"" ou ""malware"" que mais a afeta hoje (procrastinação, excesso de informação, ansiedade)?

Qual é sua maior motivação para querer ordenar seus pensamentos? O que você espera alcançar com uma mente mais clara e focada?",,
16.1,book,O que é pensar? A batalha pelo foco,Diferenciar o ruído mental do ato deliberado de pensar.,"O primeiro passo para ordenar os pensamentos é entender o que, de fato, é pensar. O fluxo caótico de imagens, memórias e preocupações que assalta nossa mente — o ""tsunami"" mental — não é pensamento. É ruído. Pensar não é o que acontece na sua cabeça; pensar é o que você faz com a sua cabeça. Pensar é um ato deliberado, um exercício de vontade: é a capacidade de focar sua atenção em um único ponto, de forma sustentada, e explorar suas conexões e implicações.

O ruído mental é passivo; o pensamento é ativo. O ruído é entropia; o pensamento é ordem. Numa cultura que lucra com nossa distração, treinar a capacidade de pensar se tornou um ato de rebelião. Uma mente focada é uma mente difícil de manipular. Uma população capaz de pensar é o pior pesadelo de um Estado tirânico e de uma mídia manipuladora.

Viva a cena: Você senta para estudar um tema importante. Abre o livro. Lê um parágrafo. De repente, sua mente salta: ""Preciso pagar aquela conta"". Você anota. Volta a ler. Uma notificação vibra no celular. Você olha ""só por um segundo"". Vinte minutos depois, você está vendo vídeos de cães andando de skate. O livro continua aberto na mesma página. O fio condutor foi perdido. O que aconteceu aqui não foi ""pensamento"". Foi uma sucessão de sequestros da sua atenção, uma derrota na batalha pelo foco. O verdadeiro pensamento teria sido notar o impulso de pagar a conta, ignorá-lo deliberadamente e retornar ao parágrafo, mantendo o controle da sua própria consciência.

Portanto, a primeira lição para ordenar a mente é a distinção clara entre o estado de reatividade passiva e o de concentração ativa. A maior parte do que chamamos de ""pensar"" é, na verdade, um estado de sonho, um devaneio onde somos arrastados por associações aleatórias. O verdadeiro pensamento exige que você se torne o mestre da sua atenção, e não o escravo dela. Dominar essa habilidade é o fundamento de toda a soberania intelectual, a condição necessária para deixar de ser uma folha ao vento das manipulações externas e se tornar o arquiteto de sua própria catedral de conhecimento.",42,2,"pensar, foco, atenção, concentração, ruído mental, meditação, ordem","Daniel Goleman, Foco: A Chave para a Excelência: Uma exploração, baseada na neurociência, dos três tipos de foco (interno, no outro e externo) e de como nossa capacidade de atenção é o bem mais valioso e ameaçado que possuímos.

A Imitação de Cristo, de Tomás de Kempis: Muitos de seus conselhos são, na essência, um guia para ordenar os pensamentos, afastando as distrações do mundo para focar a alma em Deus.","Durante uma hora de trabalho ou estudo, quantos minutos você acredita que passa realmente ""pensando"" (focado e ativo) e quantos passa sendo arrastado pelo ""ruído mental"" (passivo e reativo)?

Qual é o principal ""sequestrador"" da sua atenção no dia a dia (redes sociais, preocupações financeiras, problemas de relacionamento)?

O que você poderia fazer, de forma prática, para criar uma ""bolha de foco"" de 30 minutos no seu dia de amanhã, livre de todas as interrupções?",,
16.2,book,"O arsenal da mente: Lógica, Gramática e Retórica",As três ferramentas clássicas para construir um pensamento à prova de idiotas.,"Uma vez que entendemos que pensar é um ato de foco, precisamos das ferramentas certas para dar forma e estrutura ao nosso pensamento. A sabedoria clássica e medieval nos legou o arsenal perfeito para esta tarefa: o Trivium, composto pela Gramática, pela Lógica e pela Retórica. Dominar estas três artes é como aprender a extrair a matéria-prima, a projetar a estrutura e a construir o edifício do conhecimento.

1. Gramática: É a arte de entender a matéria-prima do pensamento: as palavras e seus significados. Não se trata apenas de regras de sintaxe, mas de definir os termos com precisão. Quando alguém fala em ""justiça social"" ou ""democracia"", a Gramática pergunta: ""O que você quer dizer, exatamente, com isso?"". Sem a clareza da Gramática, todo o debate é apenas um pântano de mal-entendidos.

2. Lógica: É a arte de construir com a matéria-prima. É a engenharia do pensamento, as regras que garantem que sua argumentação seja sólida e não uma pilha de falácias. A Lógica ensina a identificar premissas, a avaliar evidências e a tirar conclusões válidas. Uma mente treinada em Lógica é um detector de mentiras ambulante, imune à propaganda barata e à manipulação emocional.

3. Retórica: É a arte de apresentar o edifício pronto. É a capacidade de comunicar seus pensamentos de forma clara, ordenada e persuasiva. Não se trata de manipulação, mas de servir à verdade. Uma verdade mal comunicada perde sua força. A Retórica garante que suas ideias, forjadas na Gramática e na Lógica, possam ser compreendidas e possam mover os outros para a ação.

Viva a cena: Você assiste a um debate político na TV. Um candidato usa palavras vagas e emocionantes (""futuro"", ""esperança"", ""cuidado"") para atacar o outro com insultos. Sua mente, agora armada com o Trivium, desmonta a farsa. A Gramática pergunta: ""O que ele quer dizer com 'cuidado'?"". A Lógica identifica os ataques pessoais (falácia ad hominem) e a ausência de argumentos reais. A Retórica analisa como ele está usando a emoção para mascarar a falta de substância. Você deixa de ser um espectador passivo e se torna um analista crítico, imune ao veneno da manipulação.

A internalização do Trivium é o que transforma uma mente cheia de informações em uma mente ordenada e funcional. Sem Gramática, suas ideias são nebulosas. Sem Lógica, suas conclusões são frágeis. Sem Retórica, sua verdade é ineficaz. No contexto brasileiro, onde o debate público foi substituído por uma guerra de narrativas baseada em slogans vazios e apelos emocionais, dominar estas três artes não é apenas um exercício intelectual; é forjar a armadura e a espada necessárias para defender a realidade contra os engenheiros do caos.",42,3,"lógica, gramática, retórica, trivium, pensamento crítico, argumento, clareza","Mortimer Adler, Como Falar, Como Ouvir: Um guia prático sobre a aplicação da lógica e da retórica na comunicação cotidiana.

Aristóteles, Retórica e Órganon: As obras fundadoras da lógica e da retórica no Ocidente. Embora densas, são a fonte original de onde brota todo este conhecimento.","Pense na última discussão que teve. Você se preocupou em definir os termos que estavam sendo usados (Gramática)?

Você consegue identificar as falácias lógicas mais comuns (ataque à pessoa, apelo à emoção, espantalho) quando as ouve em um debate ou lê em um artigo?

Ao expressar uma ideia importante, sua preocupação é apenas ""dizer o que pensa"" ou você se esforça para apresentar seu argumento de forma ordenada e clara para que o outro possa realmente entender (Retórica)?",,
16.3,book,A mente como um computador: O manual do usuário,Entendendo os componentes da sua máquina de pensar para otimizar o desempenho.,"Para ordenar os pensamentos de forma eficaz, precisamos de um modelo, uma analogia que nos permita visualizar o funcionamento da nossa própria consciência. A mais poderosa delas é a da mente como um supercomputador. Pense nisto: você possui o hardware biológico mais avançado do universo, seu cérebro. Rodando neste hardware, existe um sistema operacional: sua cosmovisão, suas crenças fundamentais, sua linguagem. E, sobre este sistema, rodam os softwares: seus pensamentos, suas memórias, suas habilidades.

O problema trágico é que a maioria de nós é um péssimo usuário deste equipamento incrível. Nunca lemos o manual. Deixamos que vírus (ideologias destrutivas, mentiras da mídia) infectem o sistema. Entulhamos a memória com lixo digital. Usamos softwares (hábitos de pensamento) desatualizados e ineficientes. O resultado é uma máquina que vive travando, lenta, vulnerável a qualquer ataque externo. O objetivo desta jornada é entregar a você o manual do usuário, a chave para se tornar o administrador do seu próprio sistema.

Viva a cena: Você tenta se concentrar para resolver um problema complexo do seu trabalho. É como se você desse um duplo clique num programa pesado. A mente ""começa a carregar"", a tela mental pisca, mas então começam a aparecer pop-ups: uma preocupação com uma conta, a lembrança de uma série, a música que tocou no rádio. De repente, o ""sistema trava"". A tela fica azul. Você se rende à distração, frustrado com a lentidão e a falta de controle. Você não é burro; seu ""computador"" é que está mal otimizado e infectado.

Portanto, vamos agir como um técnico de TI da nossa própria alma. Nas próximas lições, vamos desmontar este computador, peça por peça — o Microfone (sua expressão), a Webcam (sua percepção), o SSD (sua memória) e os outros componentes — para entender a função de cada um, diagnosticar os problemas e aprender a fazer a manutenção e os upgrades necessários. Esta analogia não é para nos reduzir a máquinas, mas para nos dar um poder concreto sobre a máquina que temos, transformando-a de uma fonte de caos numa ferramenta de precisão a serviço da verdade.",42,4,"mente, computador, hardware, software, processador, memória, sistema operacional",,,,
16.4,book,O microfone da mente: A força da sua palavra,Ordenar a fala como o primeiro passo para ordenar o mundo.,"Continuando a analogia da mente como um computador, o seu ""microfone"" é a sua capacidade de expressar pensamentos: a sua fala, a sua escrita, a sua voz. É o dispositivo de saída que traduz o processamento interno em impacto no mundo real. De que adianta ter as melhores ideias se o seu microfone está cheio de ruído, com volume baixo e distorção?

Um microfone de má qualidade, mal configurado, é a representação de uma mente que não dominou a Gramática e a Retórica. As palavras saem confusas, sem precisão, carregadas de cacoetes e clichês. A mensagem se perde no ruído. Por outro lado, uma pessoa que treinou sua expressão possui um microfone de alta fidelidade: sua voz projeta a verdade com clareza, força e persuasão, mesmo que fale baixo. Ela não apenas fala, ela se faz ouvir.

Viva a cena: Você tenta explicar para um familiar por que a desvalorização constante do Real não é um acidente, mas um projeto que empobrece a todos. Você tem a ideia central, mas, na hora de falar, se atrapalha. Usa termos imprecisos, mistura alhos com bugalhos, sua voz soa agressiva por falta de confiança. Seu parente desliga a atenção, rotulando você como ""radical"" ou ""confuso"". A falha não foi na sua ideia, mas no seu ""microfone"". Um pensamento ordenado, expresso com clareza, teria o poder de plantar uma semente de dúvida e reflexão, em vez de apenas gerar atrito.

Dominar o seu ""microfone"" é, portanto, um ato de caridade intelectual. É honrar a verdade com uma expressão digna dela. É construir uma ponte entre a sua ordem interna e a desordem externa. Cada palavra precisa que você usa, cada frase bem construída, é um golpe contra o império do ruído e da manipulação. Seus pensamentos só ganharão vida no mundo se o seu microfone estiver limpo, ligado e bem equalizado.",42,5,"palavra, comunicação, retórica, gramática, expressão, clareza, verdade","Platão, Fédon e Górgias: Nestes diálogos, Platão contrasta a retórica dos sofistas (que buscam a persuasão a qualquer custo) com a dialética do filósofo (que usa a palavra para buscar a verdade). É a diferença entre um microfone usado para enganar e um usado para iluminar.

Quintiliano, Institutos de Oratória: O manual mais completo da antiguidade sobre a formação do orador perfeito, que, para ele, deveria ser um ""homem de bem, perito na arte de falar"".","A sua ""voz"" (sua forma de falar e escrever) reflete a clareza dos seus pensamentos ou costuma ser um obstáculo para sua comunicação?

Em uma discussão, sua preocupação é mais ""vencer"" e ""dominar com o volume"" ou ""ser compreendido"" com precisão?

Que passo prático você poderia dar hoje para melhorar a qualidade do seu ""microfone"" (ler em voz alta, estudar uma palavra nova, treinar a estrutura de um argumento antes de falar)?",,
16.5,book,O SSD da mente: A curadoria da sua memória,A qualidade do seu pensamento depende da qualidade do que você armazena.,"O seu ""SSD"" mental é a sua memória de trabalho, a capacidade de acessar informações relevantes de forma rápida para pensar e resolver problemas. Um computador com um SSD lento e abarrotado de arquivos inúteis (o famoso ""lixo eletrônico"") é uma carroça. Da mesma forma, uma mente entulhada com informações irrelevantes — fofocas de celebridades, polêmicas do dia, memes, jargões ideológicos — terá um tempo de acesso lento para o que realmente importa.

Ordenar seus pensamentos exige um trabalho ativo de curadoria do seu SSD. É preciso ""desfragmentar"" a mente, deletando conscientemente o lixo informativo que a mídia e as redes sociais tentam instalar a todo momento. E, mais importante, é preciso instalar ""softwares"" de alta qualidade: o conhecimento profundo dos grandes filósofos, da verdadeira história do Brasil, dos pilares da fé, da alta literatura.

Viva a cena: Dois indivíduos discutem sobre segurança pública. O primeiro tem um SSD mental abarrotado de manchetes de portais de notícia e slogans de políticos: ""a culpa é da desigualdade"", ""mais presídios não resolvem"". Seus ""argumentos"" são um eco de tudo que ele consumiu passivamente. O segundo fez a curadoria de seu SSD. Ele acessa rapidamente dados de criminalidade, conceitos de direito natural, exemplos históricos de políticas que funcionaram (como em El Salvador) e os princípios da filosofia tomista sobre justiça. Ele não repete, ele raciocina. A conversa não é um diálogo, é um massacre intelectual.

A guerra pela sua mente é, em grande parte, uma guerra pelo controle do seu SSD. O sistema educacional e midiático brasileiro se esforça para encher sua memória com arquivos corrompidos e ideológicos, impedindo-o de acessar o legado de sabedoria da nossa civilização. Assumir o controle do seu SSD, escolhendo ativamente o que você lê, assiste e memoriza, é o ato que o liberta da programação externa e o capacita a pensar por si mesmo.",42,6,"memória, conhecimento, informação, estudo, foco, superficialidade, mídia","Santo Tomás de Aquino, Suma Teológica: Um exemplo monumental de uma mente com um ""SSD"" perfeitamente ordenado. Aquino é capaz de acessar e interligar a filosofia de Aristóteles, as Escrituras e a tradição da Igreja com uma velocidade e precisão inigualáveis.

Olavo de Carvalho, O Jardim das Aflições: Uma demonstração do que é ter um SSD mental curado. O autor transita entre filosofia, história, religião e política com uma agilidade que só é possível para quem limpou o lixo e instalou apenas conhecimento de primeira linha.","Se seu conhecimento fosse organizado em pastas no seu ""SSD mental"", quais seriam as três pastas mais cheias e as três mais vazias?

Quanto do seu ""espaço de armazenamento"" diário é ocupado por informações inúteis ou tóxicas que você consumiu passivamente?

Qual ""software"" de alta qualidade (um livro clássico, um curso sério, um documentário profundo) você poderia começar a ""instalar"" no seu SSD esta semana?",,
16.6,book,A webcâmera da mente: A limpeza da percepção,"Ver o mundo como ele é, e não como as ideologias querem que você veja.","Sua ""webcâmera"" mental é a sua percepção, o seu modo de capturar a realidade. É o dispositivo de entrada fundamental. Muitos acreditam que sua percepção é uma janela neutra para o mundo. Isto é um erro fatal. Sua percepção é uma lente, e essa lente pode estar suja, arranhada ou, pior, coberta por filtros ideológicos que distorcem todas as cores.

Uma pessoa cuja mente foi infectada pelo vírus do marxismo, por exemplo, possui uma webcam com um filtro permanente: ela olha para o mundo e só consegue capturar imagens de ""luta de classes"", ""opressão"" e ""exploração"". Um belo edifício histórico não é visto como um testemunho de fé e arte, mas como ""o trabalho escravo que o construiu"". Uma relação de trabalho funcional não é vista como cooperação, mas como ""exploração da mais-valia"". Ordenar seus pensamentos exige, antes de tudo, um esforço constante para limpar a lente da sua webcam.

Viva a cena: Você caminha por uma cidade como Ouro Preto. Se sua webcam está suja com o filtro do revisionismo histórico ensinado nas escolas, você só enxerga o ""ouro que foi para Portugal"" e a ""escravidão"". Você se sente culpado e ressentido. Mas se você limpou sua lente, se estudou a verdadeira história, sua percepção captura outra realidade. Você vê a genialidade de Aleijadinho, a profundidade da fé católica que motivou a construção daquelas igrejas, a coragem dos homens que ergueram uma civilização no meio do nada, a complexidade de uma sociedade que não pode ser reduzida a um slogan. Você não nega os problemas do passado, mas é capaz de ver a grandeza.

A grande mídia, a universidade e a indústria cultural no Brasil trabalham 24 horas por dia para instalar filtros na sua percepção. A tarefa de limpar a lente é sua. Exige ceticismo saudável com as narrativas dominantes, a busca por fontes de informação que desafiem sua visão de mundo e, acima de tudo, a humildade de admitir que sua percepção pode estar distorcida. Ver a realidade como ela é, em toda a sua complexidade, beleza e tragédia, é o objetivo final da ordenação dos pensamentos.",42,7,"percepção, realidade, ideologia, viés, cosmovisão, objetividade, imprensa","Eric Voegelin, A Nova Ciência da Política: Voegelin diagnostica as ideologias modernas (marxismo, progressismo) como ""religiões políticas"" ou ""gnosticismo"". São sistemas que distorcem a realidade para se encaixar numa narrativa de salvação terrena, o ""filtro"" perfeito para a webcam da mente.

G. K. Chesterton, Ortodoxia: Chesterton ensina a olhar para o mundo com ""olhos limpos"", a redescobrir o espanto e a maravilha da realidade que as lentes gastas do cinismo e do materialismo nos impedem de ver.","Qual é o principal ""filtro"" que você suspeita que pode estar a distorcer a sua percepção da realidade (um viés político, uma experiência passada traumática, uma crença limitante)?

Pense em um assunto sobre o qual você tem uma opinião muito forte. Você já buscou ativamente os melhores argumentos contra a sua própria posição para testar a limpeza da sua ""lente""?

Como a beleza (na arte, na natureza, na música) pode ser uma ferramenta para ""limpar a lente"" da percepção e nos reconectar com a realidade como ela é?",,
17,avatar2,O vigia da ordem,Como se tornar o guardião da sua fortaleza interior.,"Como, então, instrumentalizamos tudo o que aprendemos? Como você e eu conseguimos ordenar este caos interno e suprimir aquilo que não deveria nos contaminar? Como podemos perceber que a desordem está se instalando antes que seja tarde demais? Para responder a estas perguntas, precisamos de um mapa, um diagnóstico preciso de como o caos toma conta de nós e da sociedade. Este mapa nos foi dado por uma teoria social chamada ""Teoria das Janelas Quebradas"".

Talvez você já tenha ouvido falar dela, mas vamos explorá-la em profundidade, pois ela é a base para a formação do ""Vigia da Ordem"". O Vigia da Ordem é aquela parte da sua consciência, forjada na disciplina e na vontade, cuja função é ser o sentinela da sua alma. Ele é o guardião que patrulha os muros da sua fortaleza interior, armado com o conhecimento de que a desordem, se não for combatida no seu primeiro e menor sinal, crescerá até consumir tudo. A Teoria das Janelas Quebradas é o manual de operações do seu Vigia.",43,1,"ordem, caos, vigia, disciplina, Janelas Quebradas, soberania, responsabilidade","James Q. Wilson & George L. Kelling, ""Broken Windows: The police and neighborhood safety"": O artigo original de 1982 que introduziu a teoria e revolucionou o policiamento e a criminologia nos Estados Unidos.

William J. Bratton, Turnaround: A autobiografia do chefe de polícia que aplicou a Teoria das Janelas Quebradas em Nova Iorque nos anos 90, resultando numa queda drástica da criminalidade.","Você se considera, hoje, o ""guardião"" da sua própria ordem interna ou um ""refém"" do seu próprio caos (procrastinação, vícios, desorganização)?

A ideia de que ""pequenas desordens"" levam a ""grandes desastres"" faz sentido na sua experiência pessoal? Consegue pensar num exemplo?

O que seria necessário para ""ativar"" o Vigia da Ordem na sua mente de forma mais consistente?",,
17.1,book,A teoria das janelas quebradas: O mapa do caos,Entendendo como o primeiro sinal de desordem convida à anarquia.,"A Teoria das Janelas Quebradas foi proposta em 1982 pelos cientistas sociais James Q. Wilson e George Kelling. A premissa é simples, mas de um poder explicativo imenso. Imagine um edifício abandonado. Se uma única janela for quebrada e não for consertada, ela envia um sinal. A mensagem é: ""Ninguém se importa. Ninguém está no comando aqui"". Em pouco tempo, todas as outras janelas serão quebradas. O vandalismo começará. Pessoas entrarão para morar ou usar drogas. A desordem, que começou com uma única janela, espalha-se como um vírus, consumindo o prédio inteiro e, eventualmente, o quarteirão.

O ponto crucial da teoria é este: a desordem e o crime não são problemas separados. A desordem convida ao crime. A tolerância com os pequenos sinais de decadência — o lixo na rua, o grafite, a mendicância agressiva — cria um ambiente onde transgressões mais graves se tornam não apenas possíveis, mas prováveis. A falha em consertar a primeira janela quebrada é uma declaração de que a lei da selva prevaleceu sobre a lei da civilização.

Viva a cena: Pense numa praça pública limpa e bem cuidada. As pessoas hesitam em jogar lixo no chão. Agora, imagine que a prefeitura se omite e o primeiro saco de lixo é deixado num canto. No dia seguinte, haverá três. Em uma semana, o local será um lixão. O primeiro saco de lixo foi a ""janela quebrada"", o sinal de que a ordem foi abandonada.

Esta teoria nos fornece uma lição fundamental e desconfortável: a ordem é frágil e exige vigilância constante. O caos, por outro lado, é o estado natural para o qual as coisas tendem quando a vigilância falha. Não basta construir algo ordenado; é preciso patrulhar e consertar a primeira, e a menor, rachadura que aparecer na estrutura.",43,2,"Janelas Quebradas, ordem, caos, anarquia, criminologia, disciplina, sociedade","Thomas Sowell, Ação Afirmativa ao Redor do Mundo: Embora trate de outro tema, o livro mostra como políticas que ignoram a ordem natural e a meritocracia em nome de uma engenharia social criam ""janelas quebradas"" na estrutura da sociedade, com consequências desastrosas.

Plutarco, Vidas Paralelas: Ao comparar as vidas dos grandes homens de Grécia e Roma, vemos um padrão: a ascensão está sempre ligada à imposição de ordem e disciplina, e a queda, à tolerância com a decadência e a corrupção.","Na sua rua ou no seu bairro, qual é a principal ""janela quebrada"" que você observa? Como ela afeta o comportamento das pessoas?

Você já sentiu o impulso de ser mais ordeiro em um ambiente limpo e organizado, e mais relaxado ou desleixado em um ambiente caótico?

Por que a ideia de punir ""pequenas infrações"" é tão impopular, mesmo que a teoria mostre que isso previne crimes maiores?",,
17.2,book,A janela quebrada na sociedade brasileira,"Do ""jeitinho"" à corrupção sistêmica: como normalizamos o caos.","O Brasil é um estudo de caso em escala continental da Teoria das Janelas Quebradas. A nossa tragédia é que não apenas deixamos de consertar as janelas; nós passamos a achar charmoso o som do vidro se quebrando. As ""janelas quebradas"" aqui têm muitos nomes: o ""jeitinho"" para furar a fila, o ""gato"" de luz e TV a cabo, a mercadoria ""pirata"", o suborno ao guarda para evitar uma multa, o carrinho de compras largado no estacionamento.

Cada um desses atos, tolerado e até celebrado como sinal de ""esperteza"", é uma janela sendo estilhaçada. Cada um deles envia a mensagem: ""Ninguém se importa. As regras são para os otários. A ordem é opcional"". E, uma vez que essa mensagem se torna o sistema operacional da cultura, por que se surpreender com as consequências inevitáveis? A corrupção de bilhões em Brasília não é um fenômeno alienígena; ela é o resultado lógico e amplificado da micro-corrupção que toleramos no nosso dia a dia. O político que desvia dinheiro da merenda escolar aprendeu, desde cedo, que pequenas transgressões não têm consequências.

Viva a cena: Você está parado no trânsito. O sinal está vermelho. Um motociclista sobe na calçada para cortar caminho. Ninguém faz nada. Um carro de luxo fura a fila e entra na sua frente. Ninguém faz nada. Você chega ao seu destino e vê um carro estacionado sobre a rampa de acesso para deficientes. Ninguém faz nada. Cada uma dessas cenas é uma janela quebrada. Cada uma reforça a percepção de que não há lei, não há ordem, apenas a vontade do mais forte ou do mais ""esperto"".

A normalização da pequena desordem criou o ambiente perfeito para a grande criminalidade. A pichação que destrói um monumento histórico é o primeiro passo para o assalto à mão armada na esquina. A impunidade do pequeno transgressor sinaliza ao grande criminoso que este é um território sem lei. O Estado, ao se omitir no combate à pequena desordem, torna-se o principal patrocinador do caos que diz combater.",43,3,"Brasil, sociedade, corrupção, jeitinho, desordem, Estado, impunidade","Gilberto Freyre, Casa-Grande & Senzala: Para entender as raízes históricas de uma cultura onde as relações pessoais e a ""lei do mais forte"" frequentemente se sobrepõem à lei impessoal e ao bem público, o berço da mentalidade que tolera as janelas quebradas.

Os autos e reportagens da Operação Mãos Limpas (Itália): Um paralelo histórico de como uma sociedade inteira pode ser consumida pela corrupção quando a tolerância com pequenas ilegalidades se torna a norma.","Qual a ""janela quebrada"" social que mais o incomoda no seu quotidiano? De que forma você reage a ela: com indignação passiva, com cumplicidade silenciosa ou com uma ação para restaurar a ordem?

Você acredita que o combate rigoroso às pequenas infrações (lixo no chão, som alto, etc.) poderia ter um impacto real na redução da grande criminalidade no Brasil?

De que forma a sua própria tolerância com o ""jeitinho"" (seja o seu ou o dos outros) contribui para a cultura de desordem que permite a corrupção em larga escala?",,
17.3,book,A janela quebrada na sua mente,Como a tolerância com pequenos deslizes destrói sua autodisciplina.,"A Teoria das Janelas Quebradas não se aplica apenas a edifícios e cidades. A sua aplicação mais importante é na geografia da sua própria mente. Seus hábitos, sua disciplina e sua força de vontade são um ""edifício"". E cada pequena autossabotagem, cada promessa quebrada a si mesmo, cada ato de procrastinação é uma janela sendo estilhaçada.

A primeira vez que você decide apertar o botão ""soneca"", você quebrou uma janela. O sinal é claro: ""Meu compromisso comigo mesmo não é sério. Minha palavra não tem valor"". A primeira vez que você fura a dieta ""só hoje"", você quebrou uma janela. A mensagem é: ""A gratificação imediata é mais importante que meu objetivo de longo prazo"". A primeira mentira que você conta a si mesmo para justificar a preguiça de não estudar, você quebrou uma janela. A mensagem é: ""Eu não estou no comando da minha própria mente"".

Viva a cena: Você se compromete a ler 15 páginas de um livro todas as noites. Na primeira noite, cumpre. Na segunda também. Na terceira, você está cansado e pensa: ""Hoje vou pular, leio 30 amanhã"". Esta é a janela se quebrando. Você acabou de dizer a si mesmo que sua regra é flexível, que seu compromisso é negociável. A probabilidade de você ler 30 páginas no dia seguinte é quase nula. A probabilidade de você não ler nenhuma é altíssima. A desordem, uma vez tolerada, se espalha. Em pouco tempo, o projeto de leitura estará abandonado.

O caos na sua vida não começa com grandes desastres. Começa com a pequena janela quebrada da autodisciplina que você escolheu não consertar. É a pequena concessão que abre a porta para a rendição completa. Se você não for o vigia rigoroso das suas próprias pequenas regras, não terá a força para lutar as grandes batalhas da vida.",43,4,"mente, disciplina, procrastinação, hábitos, vontade, autossabotagem, ordem interna","James Clear, Hábitos Atômicos: O livro demonstra como pequenas mudanças de hábito, os ""1% melhores a cada dia"", são a chave para grandes transformações. É a lógica inversa das janelas quebradas: consertar e melhorar pequenas coisas gera um efeito composto de ordem.

A Filocalia: Uma coleção de textos de monges cristãos orientais sobre a ""guarda do coração"" e a ""vigilância dos pensamentos"". É o manual definitivo para ser o vigia da própria mente, combatendo os ""maus pensamentos"" (as janelas quebradas) no exato instante em que eles surgem.","Qual é a principal ""janela quebrada"" na sua disciplina pessoal neste momento (procrastinação, alimentação, sono, estudos)?

Rastreie um grande fracasso ou um mau hábito consolidado na sua vida. Você consegue identificar qual foi a ""primeira janela quebrada"", o pequeno deslize que deu início a tudo?

Que pequena regra, se você a seguisse com 100% de rigor a partir de amanhã, começaria o processo de ""consertar as janelas"" da sua mente?",,
17.4,book,O vigia em ação: Consertando suas próprias janelas,A estratégia prática para restaurar a ordem na sua vida pessoal.,"Diagnosticar o problema é o primeiro passo, mas a soberania só é conquistada na ação. Uma vez que você entende como as ""janelas quebradas"" destroem sua disciplina, a tarefa do Vigia da Ordem se torna clara: ele é um reparador. Ele patrulha sua mente e sua rotina não como um crítico passivo, mas como um operário com uma caixa de ferramentas, pronto para consertar a menor rachadura no instante em que ela aparece.

""Consertar as janelas"" da sua vida significa atacar a desordem na sua menor e mais concreta manifestação. A sua mesa de trabalho está uma bagunça? Arrumá-la não é uma questão de estética, é um ato de guerra contra o caos mental. Você está com o sono desregulado? Definir um horário fixo para dormir e acordar (e cumpri-lo!) é o conserto de uma das janelas mais importantes da sua saúde física e mental. Cada pequena vitória sobre a entropia pessoal fortalece o Vigia, dando-lhe moral e força para reparos maiores.

Viva a cena: Você olha para a sua estante de livros. Lá está aquele livro importante que você prometeu a si mesmo ler, coberto de poeira. Essa é uma janela quebrada. Ao lado, uma pilha de revistas inúteis e quadrinhos. O Vigia da Ordem entra em ação. Você não apenas limpa a poeira. Você retira o lixo, doa o que é inútil e coloca AQUELE livro na sua mesa de cabeceira. E então, você executa o reparo final: você lê o primeiro parágrafo. Depois a primeira página. O ato de consertar não é a promessa de ler o livro inteiro um dia; é a ação concreta de começar, agora.

O princípio fundamental do Vigia em Ação é este: não espere a motivação para agir; a ação gera a motivação. Cada janela que você conserta na sua vida — a louça lavada imediatamente, a planilha financeira organizada, o exercício físico feito apesar da preguiça — não é apenas uma tarefa cumprida. É uma declaração de que você está no comando, que a ordem é o seu padrão e que o caos não é bem-vindo na sua fortaleza.",43,5,"ação, disciplina, hábitos, responsabilidade, Vigia da Ordem, conserto, excelência","Marcus Aurelius, Meditações: O diário de um imperador romano que era, em essência, um Vigia da Ordem. Suas anotações são um exercício constante de autoinspeção e de ""conserto"" dos próprios pensamentos e reações em face do caos do mundo.

Jocko Willink & Leif Babin, Disciplina é Liberdade: Um manual prático, escrito por ex-comandantes dos Navy SEALs, sobre como a disciplina nos menores detalhes da vida (acordar cedo, exercitar-se, organizar-se) é o alicerce para a liberdade e a eficácia em qualquer área.","Qual é a ""janela quebrada"" mais visível e fácil de consertar na sua vida neste exato momento? O que o impede de repará-la nos próximos 10 minutos?

Como a sensação de dever cumprido após realizar uma pequena tarefa de organização (arrumar a cama, limpar a caixa de entrada do e-mail) afeta o seu estado mental para o resto do dia?

O seu Vigia interno é mais um ""crítico"" (que apenas aponta as janelas quebradas e o culpa por elas) ou um ""operário"" (que arregaça as mangas e começa a consertar)?",,
17.5,book,O efeito cascata da ordem: Consertando as janelas ao seu redor,Como a sua ordem pessoal inspira e transforma o seu ambiente.,"A restauração da ordem não é um ato solitário. Uma vez que o seu Vigia interno estabelece o controle sobre o seu território pessoal, o seu exemplo começa a transbordar. A sua vida ordenada torna-se, por si só, uma crítica silenciosa, mas poderosa, ao caos ao seu redor. Este é o efeito-cascata: ao consertar as suas próprias janelas, você se torna a pessoa que inspira os outros a consertarem as deles.

Isso não acontece através de sermões ou de uma fiscalização autoritária sobre a vida alheia. Acontece através do poder do exemplo. Seu quarto arrumado constrange a bagunça do resto da casa. Sua pontualidade expõe a falta de respeito do atrasado. Sua recusa em participar da fofoca no escritório eleva o nível da conversa. Você se torna um agente da ordem não por imposição, mas por atração.

Viva a cena: Em um churrasco de família, ao final, a pia está lotada de louça suja e todos se preparam para ir embora, deixando a tarefa para o dono da casa. É a ""janela quebrada"" social. Você, sem dizer uma palavra, vai até a pia e começa a lavar a primeira peça. Seu ato silencioso quebra o feitiço da omissão coletiva. Em instantes, um primo pega um pano para secar, uma tia começa a guardar as sobras. A ordem que você iniciou se espalhou, transformando uma tarefa que seria pesada para um em um momento leve e cooperativo para todos.

Este é o antídoto para a Síndrome de Sassá Mutema. Em vez de esperar que ""alguém"" resolva o problema, você se torna esse alguém, no seu metro quadrado. A verdadeira liderança não é sobre dar ordens, mas sobre criar ordem através do próprio exemplo. Ao se tornar o Vigia da sua casa, do seu trabalho e da sua comunidade, você descobre que a sua pequena fortaleza de ordem tem o poder de, lentamente, começar a reconquistar o território que havia sido entregue ao caos.",43,6,"exemplo, liderança, influência, família, comunidade, ordem social, responsabilidade","Jordan B. Peterson, 12 Regras Para a Vida, Regra 6: ""Deixe sua casa em perfeita ordem antes de criticar o mundo."" A base filosófica para o efeito-cascata da ordem.

Edmund Burke, Reflexões sobre a Revolução na França: Burke defende a importância das ""pequenas pelotarias"" (família, comunidade local, igreja) como as verdadeiras escolas de virtude cívica e os pilares da ordem social, em oposição à desordem gerada por ideologias abstratas.","As pessoas ao seu redor (família, amigos, colegas) o veem como uma fonte de ordem e estabilidade ou como alguém que contribui para a desordem e o drama?

Pense em uma pessoa que você admira. Ela o inspira mais pelo que ela diz ou pelo exemplo silencioso de sua vida ordenada?

Qual ""janela quebrada"" no seu ambiente mais próximo (sua casa, seu trabalho) você poderia começar a consertar hoje, não exigindo nada de ninguém, mas apenas através da sua própria ação?",,
17.6,book,Tolerância Zero: A Postura Mental do Vigia,Por que a menor concessão ao caos é o início da derrota.,"O Vigia da Ordem não é um diplomata. Ele não negocia com o caos. Ele não busca um ""meio-termo"" com a procrastinação. Sua postura é a de Tolerância Zero. Ele entende, com a clareza forjada na experiência, que a menor concessão à desordem é o início da rendição. A mentalidade moderna, sentimental e avessa ao rigor, detesta essa postura, rotulando-a de ""rígida"" ou ""obsessiva"". Na verdade, ela é a única mentalidade que pode garantir a vitória.

Ter tolerância zero significa que, uma vez que uma regra é estabelecida, ela é cumprida. Sem exceções. Se a regra é acordar às 6:00, você acorda às 6:00, mesmo que tenha dormido mal. Se a regra é não comer açúcar, você não come, mesmo que seja o aniversário da sua avó. Não se trata de ser um robô, mas de entender que a força de vontade é como um músculo: ela se fortalece ao ser testada com rigor e se atrofia com a complacência.

Viva a cena: Você está firmemente comprometido em organizar suas finanças. Você instala um aplicativo e se promete registrar toda e qualquer despesa, por menor que seja. Um dia, você compra um café na rua e, pela pressa, pensa: ""Ah, são só cinco reais, depois eu anoto"". Este pensamento é o inimigo. É a voz da sereia do caos. O Vigia de Tolerância Zero saca sua arma. Ele para por trinta segundos e registra a despesa. O ato em si é pequeno, mas o princípio que ele reforça é gigantesco: ""Eu cumpro minhas regras. Sempre"".

É esta postura de rigor absoluto consigo mesmo que o separa da mentalidade do ""jeitinho"", da mediocridade e da derrota. O caos está sempre a testar suas defesas, procurando a menor fissura nos seus muros. A tolerância zero é o ato de cimentar cada fresta, de mostrar a si mesmo e ao mundo que a sua fortaleza interior não está para negociação. É a diferença entre ser o senhor da sua vontade e o escravo dos seus impulsos.",43,7,"tolerância zero, disciplina, rigor, compromisso, excelência, mediocridade, vontade","A disciplina dos espartanos ou dos legionários romanos: Culturas que entendiam que a força no campo de batalha era forjada na disciplina implacável e na tolerância zero com a fraqueza nos treinos. A história militar é um grande tratado sobre este princípio.

Miyamoto Musashi, O Livro dos Cinco Anéis: O lendário samurai ensina que o caminho do guerreiro exige um polimento constante e rigoroso da técnica e do espírito. Não há espaço para relaxamento ou autocomplacência para quem busca a maestria.","Em qual área da sua vida você mais pratica a ""tolerância negociada"" com seus próprios deslizes, em vez da ""tolerância zero""?

Qual é a ""desculpa"" ou ""racionalização"" que você mais usa para justificar quebrar suas próprias regras?

Se você escolhesse uma única regra na sua vida para aplicar o princípio da Tolerância Zero a partir de amanhã, qual seria e por quê?",,
17.7,book,A janela dos vícios: O sequestro da atenção,Como a desordem digital estilhaça sua capacidade de pensar.,"Aqui está uma das janelas mais estilhaçadas do nosso tempo: as telas digitais. O que o scroll infinito e a torrente de vídeos curtos fazem com você? Pense nisso. Cada vez que você se entrega a esse fluxo, você quebra uma pequena janela no edifício da sua mente. Você envia um sinal para si mesmo de que seu tempo não é valioso, de que sua capacidade de concentração pode ser fragmentada, de que o tédio criativo deve ser imediatamente anestesiado com um entretenimento barato.

Viva a cena: Você decide que vai rezar o terço antes de dormir. Pega o rosário, ajoelha-se. Mas o celular está ao lado. ""Vou só responder uma mensagem rapidinho"". Uma mensagem se torna uma olhada no Instagram, que se torna uma sequência de vídeos, que se torna uma hora perdida. Quando você finalmente ""acorda"" do transe, o cansaço já o venceu e a oração foi esquecida. A janela quebrada do ""só um minutinho"" convidou o vício para dentro e expulsou o sagrado para fora.

Este vício é uma desordem que convida outras: a incapacidade de ler um livro, de manter uma conversa profunda, de simplesmente estar em silêncio com seus próprios pensamentos. Sua mente se torna um ambiente ruidoso, desordenado, e você mesmo permitiu que a primeira janela fosse quebrada, trocando a possibilidade da sabedoria pela certeza da distração.",43,8,"vícios, atenção, foco, redes sociais, procrastinação, dopamina, caos digital","Cal Newport, Minimalismo Digital: Um guia prático para retomar o controle sobre a tecnologia em sua vida, usando-a como uma ferramenta para seus objetivos, e não como um fim em si mesma.

Blaise Pascal, Pensamentos: Pascal observou, séculos antes do smartphone, que ""toda a infelicidade dos homens provém de uma só coisa: não saberem ficar quietos no seu quarto""","Quantas horas por dia, honestamente, você perde para o fluxo de conteúdo digital inútil? O que você poderia construir nesse tempo?

Qual é o seu principal gatilho para buscar a anestesia da tela (tédio, ansiedade, uma tarefa difícil que você quer evitar)?

Se sua capacidade de foco fosse um músculo, os seus hábitos digitais diários o estariam fortalecendo ou atrofiando?",,
17.8,book,A janela das intenções: A erosão da verdade,Como as pequenas mentiras criam um universo de caos interior.,"Faça a si mesmo uma pergunta honesta: o que você realmente quer? Quais são suas verdadeiras intenções em suas relações? Você tem sido verdadeiro? Aqui reside uma janela sutil, mas perigosa. Uma pequena mentira, uma omissão calculada, uma verdade distorcida para evitar um desconforto. Parece inofensivo, mas não é.

Cada pequena inverdade é uma rachadura na estrutura da sua integridade. Ela envia a mensagem de que a verdade é negociável. Logo, outra mentira se torna mais fácil, e mais outra. Pequenas mentiras se acumulam em uma vida mentirosa. Você constrói para si um personagem que não é você (Camada 1), e a desordem se instala entre quem você é de verdade (Camada 9) e quem você finge ser. Viver nessa duplicidade é viver em um caos constante.

Viva a cena: Um amigo o convida para um evento para o qual você não quer ir. Em vez de dizer a verdade com respeito (""Agradeço muito o convite, mas não poderei ir""), você inventa uma desculpa, uma pequena mentira. ""Tenho outro compromisso"". A janela se quebra. Agora você precisa sustentar a mentira, lembrar-se dela, talvez até criar outras para encobri-la. Um ato que poderia ser resolvido com a verdade simples se transforma em uma fonte de stress e desordem mental.

Consertar a janela das intenções é um compromisso radical com a verdade, primeiramente consigo mesmo. É o ato de alinhar suas palavras, pensamentos e desejos. A integridade não é um estado, é uma prática. E ela começa com a recusa em quebrar a sua alma com a menor das mentiras.",43,9,"intenção, verdade, mentira, integridade, caráter, hipocrisia, autenticidade","Aleksandr Solzhenitsyn, Não Vivam pela Mentira: Um ensaio poderoso onde Solzhenitsyn argumenta que a recusa individual em participar da mentira, mesmo em coisas pequenas, é a arma mais potente contra a tirania.

A Bíblia, Evangelho de João 8:32: ""E conhecereis a verdade, e a verdade vos libertará."" A liberdade interior está intrinsecamente ligada a uma vida fundamentada na verdade.","Qual é a ""mentira social"" que você mais conta para evitar situações desconfortáveis?

A pessoa que você apresenta no seu trabalho e nas suas redes sociais corresponde a quem você realmente é, ou existe uma dissonância que lhe causa ansiedade?

Como seria sua vida se, a partir de hoje, você se comprometesse a não dizer nada que não fosse estritamente verdadeiro? Que medos essa ideia lhe traz?",,
17.9,book,A janela das ações: A normalização do erro,Como os pequenos atos de corrupção diária destroem a alma de uma nação.,"Existem momentos em que deliberadamente agimos contra um princípio, fazendo o errado sabendo que está errado. Aqui, nós não apenas permitimos que a janela se quebre; nós mesmos atiramos a pedra. É preciso remover a hipocrisia e olhar o fato como ele é: aceitar aquele troco a mais não é ""sorte"", é uma ação desonesta. Estacionar em local proibido porque é ""rapidinho"" não é conveniência, é uma escolha pela desordem. Usar o ""golpe da meia-entrada"" não é ser esperto, é um pequeno ato de corrupção.

Cada uma dessas ações envia um sinal devastador para sua alma: ""As regras não se aplicam a mim. Meus princípios podem ser violados quando for conveniente"". Essa desordem atrai um caos moral ainda maior. É a normalização do desvio, da exceção, que nos afasta de uma vida reta e que, em escala social, cria o pântano de corrupção do qual tanto reclamamos.

Viva a cena: Você está na fila do caixa. A operadora, distraída, lhe dá 10 reais a mais no troco. Você percebe o erro no mesmo instante. Uma vozinha interna diz: ""Problema dela. O mercado já lucra demais"". Outra voz, a do seu Vigia da Ordem, diz: ""O dinheiro não é seu"". A sua ação nesse microssegundo — devolver o dinheiro ou guardá-lo no bolso — é um retrato da sua alma. Ao escolher a retidão, você conserta não apenas uma janela, mas reforça a fundação inteira do seu caráter.

A grande corrupção que assola o Brasil não nasce em Brasília. Ela nasce no coração de cada cidadão que decide quebrar a janela da sua própria integridade por uma pequena vantagem. Para consertar o país, é preciso primeiro consertar a si mesmo, rejeitando a mentalidade de que ""pequenos erros"" não contam. Na contabilidade da alma, tudo conta.",43,10,"ação, erro, corrupção, jeitinho, ética, integridade, responsabilidade","Yves Simon, A Tradição do Direito Natural: Uma obra que explica como a lei moral não é uma invenção humana, mas está inscrita na natureza da realidade. Roubar é errado, não porque uma lei diz, mas porque viola a ordem intrínseca das coisas.

A história de vida de Aristides de Sousa Mendes: O cônsul português que, durante a Segunda Guerra, deliberadamente desobedeceu a ordens ""legais"" mas imorais de seu governo para salvar milhares de vidas. Um exemplo de como a consciência individual deve prevalecer sobre a ""normalização do erro"".","Qual o ""pequeno erro"" ou a ""pequena corrupção"" que você mais se permite cometer no seu dia a dia, justificando-o como ""normal"" ou ""inofensivo""?

Se um filho seu o visse cometendo um desses pequenos atos, que lição ele aprenderia sobre ética e integridade?

Como a sua recusa em participar do ""jeitinho"" poderia influenciar positivamente as pessoas ao seu redor?",,
17.10,book,A janela das omissões: O Silêncio que Consente,A cumplicidade com o caos através da recusa em agir.,"Talvez a mais traiçoeira das janelas quebradas seja a que se parte não por uma ação, mas por uma inação. São os momentos em que escolhemos não agir e, por conta disso, uma situação ruim acontece ou se perpetua. É quando vemos alguém sendo injustiçado e nos calamos. Quando vemos um colega a ser humilhado e olhamos para o lado. Quando vemos a corrupção em pequena ou grande escala e escolhemos o conforto do silêncio em vez da inconveniência da denúncia.

Nossa omissão é um consentimento. Ela grita para o mundo e para nós mesmos: ""A desordem do outro não é problema meu. Eu não sou o guardião da ordem"". Esta é a Síndrome de Sassá Mutema em sua forma mais pura: a terceirização da responsabilidade. Ao nos omitirmos, permitimos que o prédio inteiro se deteriore, e nos tornamos cúmplices do caos que se instala.

Viva a cena: Durante uma reunião de condomínio, um morador propõe uma regra absurda e injusta, que prejudicaria claramente uma minoria. A maioria fica em silêncio, ninguém quer se indispor. Você sabe que a proposta é errada. O seu coração acelera. O medo de ser o ""chato"", o ""do contra"", o paralisa. Ficar calado é a opção fácil, a janela quebrada da omissão. Levantar a mão e apresentar, com calma e lógica, os motivos pelos quais a regra é injusta, é o ato do Vigia da Ordem.

O silêncio diante do mal nunca é neutro; ele é sempre um voto a favor do mal. A coragem não é a ausência de medo, mas a ação apesar do medo. Consertar a janela da omissão é entender que você é, sim, o guardião da ordem no seu metro quadrado, e que a sua voz e a sua ação, por menores que pareçam, são indispensáveis na guerra contra o caos.",43,11,"omissão, inação, silêncio, consentimento, coragem, responsabilidade cívica","Dietrich Bonhoeffer, Resistência e Submissão: Cartas da prisão de um pastor que se recusou a se omitir diante do mal do nazismo. Uma meditação profunda sobre o custo da graça e o dever de agir.

Dante Alighieri, A Divina Comédia: No Inferno de Dante, os lugares mais sombrios são reservados não para os grandes pecadores, mas para os ""ignavos"", os omissos, aqueles que em vida não foram nem bons nem maus, os anjos que não tomaram partido na rebelião de Lúcifer.","Lembre-se da última vez em que você se omitiu diante de uma injustiça ou desordem. Qual foi o medo que o impediu de agir?

A frase ""isso não é problema meu"" aparece com que frequência no seu diálogo interno?

Que pequena ação você poderia tomar hoje para quebrar o ciclo de omissão em uma área da sua vida ou da sua comunidade?",,
17.11,book,O vigia da ordem: Do controle à paz,A disciplina como o caminho para o silêncio interior.,"Então, a pergunta fundamental emerge: eu tenho controle de mim mesmo? Aqui, não falamos de controle como uma força bruta, mas como consciência. Controle é o ato de se tornar o vigia da própria alma, de inspecionar suas janelas diariamente. É a transformação de si em direção a objetivos maiores do que o mero conforto imediato. É a força para consertar a primeira janela, por menor que seja.

E o que acontece quando assumimos esse posto de vigia? O que encontramos quando começamos a restaurar a ordem, limpando os vícios, alinhando as intenções, corrigindo as ações e preenchendo as omissões com coragem? Encontramos a paz interior e o silêncio. Eles são intrínsecos um ao outro. Não há paz no meio do ruído de uma mente fragmentada por vícios. Não há silêncio em uma consciência pesada pela mentira e pela omissão.

Viva a cena: Após semanas praticando a vigilância, consertando as pequenas janelas do seu dia, você se senta por dez minutos. Antes, esse silêncio seria insuportável, rapidamente preenchido por uma tela ou uma preocupação. Mas agora, algo mudou. O ruído diminuiu. A ansiedade deu lugar a uma calma estável. Você consegue, talvez pela primeira vez, ouvir seus próprios pensamentos com clareza, sem o tsunami de distrações. Você consegue rezar e sentir que suas palavras não se perdem no vazio.

É na ordem da alma que se alcança a comunhão com Deus, e é no silêncio que Ele fala. É nesse mesmo silêncio que podemos refletir, investigar conceitos, pensar e nos conectar profundamente conosco. A paz não é a ausência de problemas no mundo exterior, mas a presença da ordem no mundo interior. Ela é o fruto da disciplina, a recompensa do Vigia. Portanto, a jornada começa agora. Inspecione seu prédio. Qual é a primeira janela que você precisa consertar hoje?",44,12,"paz, silêncio, controle, consciência, Deus, oração, ordem da alma","Cardeal Robert Sarah, A Força do Silêncio: Contra a Ditadura do Ruído: Uma profunda meditação sobre como o silêncio interior e exterior é essencial para a vida espiritual e para o encontro com Deus, e como o mundo moderno declarou guerra a ele.

Santo Agostinho, Confissões: A jornada de Agostinho é a de uma alma que busca a paz. Ele a procura nos prazeres, na filosofia, nas heresias, mas só a encontra quando finalmente ordena sua vida e silencia suas paixões para ouvir a voz de Deus.","O silêncio lhe causa conforto ou ansiedade? O que o seu nível de conforto com o silêncio diz sobre o estado de ordem da sua alma?

De que forma os ""ruídos"" que você permite na sua vida (vícios, mentiras, omissões) o impedem de alcançar a paz interior?

Se a paz é o resultado da ordem, qual é o principal ato de ""ordenação"" que você precisa realizar na sua vida para começar a sentir mais paz?",,
18,shield,A ordem e seus tipos,"Entendendo a arquitetura da realidade, da mente de Deus à sua.","Se no capítulo anterior exploramos como a desordem se instala através das ""janelas quebradas"" da nossa vida, agora vamos ao passo fundamental: a construção da ordem. Mas para construir, precisamos entender a planta, a estrutura original. E toda ordem, em sua essência, emana de uma fonte primária. Isso nos leva, inevitavelmente, à pergunta mais fundamental que a humanidade já se fez e que é o alicerce de toda a nossa jornada.",45,1,"ordem, Deus, lei eterna, lei natural, filosofia, são tomás de aquino","Santo Tomás de Aquino, Suma Teológica, ""Tratado da Lei"" (Primeira parte da segunda parte, Questões 90-97): A fonte primária para o entendimento da hierarquia das leis (Eterna, Natural, Humana) que exploraremos. 

Peter Kreeft, A Summa of the Summa: Uma versão editada e comentada da Suma de São Tomás de Aquino, tornando-a mais acessível para o leitor moderno.","Você já parou para pensar na ""estrutura"" da realidade? Você acredita que o universo é fundamentalmente caótico e acidental ou ordenado e intencional?

Como a resposta à pergunta anterior afeta a maneira como você vive sua vida, toma suas decisões e enxerga seu propósito?

Por que a ideia de uma ""fonte primária"" de ordem é tão crucial para se construir uma vida com significado?",,
18.1,book,Para começar: Quem é Deus?,Uma investigação racional sobre o fundamento necessário da realidade.,"Antes de prosseguir, precisamos fincar nossa bandeira no terreno mais sólido que existe. A pergunta ""Quem é Deus?"" não é aqui um convite ao dogma cego, mas a uma jornada filosófica e racional. A busca por uma causa primária, um princípio ordenador, é tão antiga quanto o próprio pensamento. Os primeiros filósofos gregos já buscavam o Arché, a substância fundamental de tudo. Mais tarde, Platão apontou para um ""Mundo das Ideias"", um plano de perfeição do qual nosso mundo é apenas uma sombra. Foi seu brilhante aluno, Santo Agostinho, que cristianizou essa intuição, descrevendo Deus como a Verdade imutável, a luz que ilumina nossa razão e sem a qual nenhum conhecimento seria possível.

Mas foi com São Tomás de Aquino e sua Terceira Via que a razão nos deu um de seus argumentos mais elegantes. Ele nos pede para observar que tudo no mundo é contingente: poderia não existir. Sua existência depende de outra coisa. Você depende de seus pais, que dependeram dos pais deles, e assim por diante. Se tudo no universo fosse contingente, em algum momento nada teria existido. E do nada, nada vem. Logo, é preciso que exista um Ser que não seja contingente, um Ser Necessário por si mesmo, que não foi causado por nada e que é a causa de tudo. E a este Ser, todos nós chamamos Deus.

Viva a cena: Imagine uma longa fileira de dominós. Cada peça é contingente; sua existência depende de um fabricante e de alguém que a colocou ali. Agora, imagine que tudo no universo é como um dominó. Se tudo ""poderia não existir"", é logicamente possível que houvesse um instante de vazio absoluto. Mas o fato de que você está lendo isto agora prova que esse vazio nunca aconteceu, pois do nada, nada vem. Portanto, é preciso que exista algo que não seja um dominó. É preciso que exista o Chão sobre o qual todas as peças estão firmadas, um Fundamento que não depende de nada para existir, pois Ele simplesmente é.

Essa lógica rigorosa não foi um obstáculo para as mentes mais científicas da história. Pelo contrário. Isaac Newton, que descobriu a lei da gravidade, via a ordem do sistema solar como a prova irrefutável de um ""Ser inteligente e poderoso"". Louis Pasteur, o pai da microbiologia, afirmou que ""um pouco de ciência nos afasta de Deus, mas muito nos aproxima dEle"". Eles entendiam que a existência de um Criador não é uma possibilidade, mas uma necessidade lógica. Se não existe um Legislador, não existe uma lei. Se não existe uma Ordem primária, toda tentativa humana de criar ordem não passa de uma opinião arbitrária. Reconhecer o Ser Necessário é reconhecer que a realidade tem uma arquitetura, e que nossa liberdade consiste em nos alinharmos a ela.",46,2,"Deus, filosofia, são tomás de aquino, terceira via, escolástica, razão, fé","Felipe Aquino, Quem é Deus?: Um livro que compila e organiza os argumentos de diversos pensadores, cientistas e personalidades da história sobre a busca racional por Deus.

Edward Feser, As Cinco Provas da Existência de Deus: Uma defesa filosófica moderna e rigorosa dos argumentos clássicos, incluindo as Cinco Vias de São Tomás de Aquino, demonstrando sua validade contínua.","O argumento do ""Ser Necessário"" faz sentido para você? Consegue encontrar alguma falha na lógica de que, se tudo fosse contingente, nada poderia existir?

Como a certeza racional na existência de Deus, defendida por mentes como Newton e Pasteur, muda a forma como você enxerga o sofrimento, a beleza e o propósito da sua vida?

Por que a ciência moderna, em vez de refutar, parece cada vez mais reforçar a ideia de um universo finamente ajustado por uma Inteligência Ordenadora?",,
18.2,book,A ordem divina: A mente de Deus como lei eterna,Entendendo o plano do arquiteto do universo.,"No centro de tudo, como a fonte de toda a realidade, reside o que São Tomás de Aquino chama de Lex Aeterna, a Lei Eterna. Não se trata de uma lei escrita, mas da própria Razão de Deus, o plano perfeito e imutável pelo qual Ele governa todo o universo. É a Sabedoria Divina atuando como o princípio que dirige todos os atos e movimentos da criação.  Como explica São Tomás na Suma Teológica, assim como na mente de um governante existe a noção do que deve ser feito, na mente de Deus existe desde a eternidade um plano para a governança de todas as coisas. E este plano é a Lei Eterna. 




Viva a cena: Imagine um mestre relojoeiro. Antes de construir um relógio, o projeto completo existe em sua mente, governando a função de cada engrenagem, cada mola, cada ponteiro, numa harmonia perfeita. A Lei Eterna é análoga a isso, mas infinitamente mais profunda: é a Razão do Arquiteto do Universo, que não apenas planeja, mas ativamente sustenta a existência e o movimento de cada estrela, cada célula, cada átomo, a cada instante. 


Nós, como criaturas, não podemos contemplar essa ""planta"" em sua totalidade, assim como uma única engrenagem não pode compreender o mecanismo inteiro do relógio. No entanto, tudo que existe participa dessa lei. Uma pedra, ao cair, obedece à Lei Eterna de forma inconsciente.  Um animal, ao seguir seus instintos, também a obedece. A grande e terrível dignidade do ser humano é que fomos chamados a participar desta lei de forma consciente e livre.  Nossa liberdade não é a de criar nossa própria ordem, mas a de nos alinharmos ou nos rebelarmos contra a Ordem que nos foi dada.",46,3,"ordem divina, lei eterna, lex aeterna, são tomás de aquino, providência, cosmovisão","Santo Agostinho, A Cidade de Deus: Nesta obra, Agostinho interpreta toda a história humana como uma manifestação da Providência Divina (a Lei Eterna em ação), mesmo nos eventos mais caóticos e trágicos. 


A Bíblia, Livro de Jó: Uma meditação poética sobre a vastidão e a incompreensibilidade da Sabedoria Divina (a Lei Eterna) em contraste com a limitada compreensão humana.","A ideia de que sua vida faz parte de um ""plano"" maior lhe traz conforto ou desconforto? Por quê?

Se cada evento, mesmo os sofrimentos, está sob a permissão da Lei Eterna para um bem maior, como isso muda a forma como você encara as dificuldades que enfrenta?

Como a beleza e a complexidade da natureza (um floco de neve, o olho humano, uma galáxia) podem ser vistas como ""assinaturas"" visíveis da Lei Eterna?",,
18.3,book,A ordem natural: A razão humana como eco da razão divina,Descobrindo a bússola moral que o criador instalou em sua alma.,"Se a Lei Eterna é a Razão de Deus, a Lei Natural, ou Lex Naturalis, é, nas palavras de São Tomás de Aquino, ""nada mais que a participação da criatura racional na lei eterna"".  Pense nisto: Deus não nos deixou no escuro. Ele inscreveu em nossa natureza uma capacidade única: a razão.  Através dela, podemos discernir os reflexos da Lei Eterna, como alguém que vê o reflexo do sol na água. A Lei Natural é a nossa bússola moral interna. Ela não é uma lista de regras que aprendemos, mas uma ordem que descobrimos dentro de nós. 

Seu princípio mais fundamental, do qual todos os outros derivam, é simples e autoevidente para a razão: ""O bem deve ser feito e buscado, e o mal, evitado"". A partir daí, nossa razão deduz os preceitos secundários, baseados nas nossas inclinações naturais: temos uma inclinação para o bem da vida (por isso, matar é errado); para a união entre homem e mulher e a educação dos filhos (a base da família); para conhecer a verdade (especialmente sobre Deus) e para viver em sociedade (por isso, a mentira e a injustiça são erradas). 

Viva a cena: Duas crianças brincam. Uma delas pega o brinquedo da outra à força. A criança que teve o brinquedo roubado chora e grita: ""Não é justo!"". Ninguém a ensinou uma teoria complexa sobre direito de propriedade. Ninguém a fez ler um código legal. Sua reação brota de uma intuição profunda, de um senso inato de que certas ações são erradas. Essa intuição, essa percepção imediata da injustiça, é a Lei Natural em ação.

Compreender a Lei Natural é libertador. Ela nos mostra que a moralidade não é uma invenção cultural relativa, como a moda ou a culinária, mas um aspecto tão real quanto a lei da gravidade.  As culturas podem errar em sua aplicação, assim como um arquiteto pode construir um prédio torto, mas a lei fundamental da verticalidade (o prumo) continua a existir. A Lei Natural é o prumo da alma humana. Ignorá-la não é um ato de liberdade, mas a escolha de construir uma vida torta, uma vida em guerra contra a própria estrutura da realidade.",46,4,"ordem natural, lei natural, lex naturalis, razão, consciência, moralidade, direito natural","C.S. Lewis, A Abolição do Homem: Uma defesa apaixonada da existência de uma lei moral objetiva e universal, que ele chama de ""Tao"", e um alerta profético sobre as consequências de tentarmos ""abolir"" essa natureza.

Papa São João Paulo II, Encíclica Veritatis Splendor: Uma exploração profunda da Lei Natural como o fundamento da liberdade e da dignidade humana, em oposição às filosofias do relativismo moral.","Você acredita que certas coisas são universalmente certas ou erradas, independentemente da cultura ou da época? Dê um exemplo.

Pense em um momento em que sua ""consciência"" o acusou, mesmo que ninguém estivesse olhando. De onde você acha que veio essa ""voz""?

Se a Lei Natural está inscrita em nosso coração, por que tantas pessoas (inclusive nós mesmos) agem contra ela?",,
18.4,book,A ordem humana: As leis dos homens sob o julgamento da lei natural,Quando uma lei deixa de ser lei e se torna um ato de violência.,"Descendo da Lei Eterna e da Lei Natural, chegamos ao nível mais concreto da ordem: a Lex Humana, a Lei Humana. São as leis que os homens criam para governar a sociedade: as constituições, os códigos, os decretos. Aqui, porém, reside um dos erros mais perigosos do pensamento moderno: a crença de que uma lei é justa simplesmente porque foi aprovada por um parlamento ou sancionada por um presidente. São Tomás de Aquino, ecoando Santo Agostinho, nos dá o critério definitivo para julgar as leis dos homens: uma lei humana só tem força de lei na medida em que deriva da Lei Natural. Se uma lei humana contradiz a Lei Natural em qualquer ponto, ela deixa de ser lei e se torna uma ""perversão da lei"", um mero ato de violência.

Como disse Santo Agostinho, ""uma lei injusta não é lei"". Este princípio é a nossa maior defesa intelectual e espiritual contra a tirania. Quando o Estado brasileiro tenta aprovar leis que atentam contra a vida (aborto), contra a família (ideologia de gênero), contra a propriedade (impostos confiscatórios) ou contra a verdade (leis de censura disfarçadas de combate às ""fake news""), ele não está a legislar; está a agredir. Ele está a quebrar a sua aliança com a ordem natural e, portanto, a perder a sua legitimidade.

Viva a cena: O governo anuncia um novo imposto sobre suas economias, justificado por uma ""emergência social"". O congresso aprova. A lei é sancionada. No papel, é a ""lei"". Mas sua razão, iluminada pela Lei Natural, reconhece a verdade: este é um ato de roubo. É a violação do seu direito natural aos frutos do seu trabalho. A Lei Humana, neste caso, tornou-se um instrumento de violência, e reconhecê-la como tal é o primeiro passo para a resistência.

A nossa lealdade primária não é para com o Estado ou suas leis, mas para com a Verdade e a Justiça inscritas na Lei Natural. É este o fundamento que nos permite discernir entre uma ordem legítima e uma tirania legalizada. Sem este critério, nos tornamos meros escravos da vontade da maioria ou do capricho do tirano do momento.",46,5,"ordem humana, lei humana, lex humana, lei natural, tirania, justiça, direito","Henry David Thoreau, A Desobediência Civil: Um ensaio clássico que argumenta sobre o dever moral de não cooperar com leis e governos injustos.

Sófocles, Antígona: Uma das maiores peças da dramaturgia ocidental, que encena o conflito trágico entre a lei humana (o decreto do rei Creonte) e a lei divina/natural (o dever de Antígona de enterrar seu irmão).","Você consegue pensar em uma lei atualmente em vigor no Brasil que, na sua opinião, viola diretamente a Lei Natural?

Qual deve ser a atitude de um cidadão de bem quando o Estado promulga uma lei que sua consciência, baseada na Lei Natural, julga ser imoral?

Por que a ideia de que ""a lei é a lei e deve ser obedecida"" é tão perigosa e serviu de justificativa para as maiores atrocidades da história?",,
18.5,book,A ordem da alma: A hierarquia interior como espelho da ordem divina,"Quem governa em você: a razão, a vontade ou os apetites?","Antes de podermos criar ordem no mundo, precisamos estabelecer a ordem dentro de nós. Os filósofos gregos, especialmente Platão, e a tradição cristã que os aperfeiçoou, nos deram um mapa preciso da alma humana e de sua correta hierarquia, a Ordo Animae. Uma alma ordenada é um reino bem governado. Neste reino, a Razão, a nossa capacidade de conhecer a verdade, deve governar como um rei sábio. A Vontade (ou coração, as paixões nobres como a coragem e a lealdade) deve agir como um exército de guerreiros leais, que executa as ordens do rei. E os Apetites (nossos desejos básicos, instintos, fome, sede, desejo sexual) devem ser os servos produtivos do reino, obedecendo à vontade e à razão.

A desordem na alma, que é a raiz de todo o mal pessoal e social, acontece quando esta hierarquia se inverte. Quando os Apetites tomam o poder, a Vontade se torna sua escrava, e a Razão se degrada a uma mera advogada, uma prostituta intelectual cuja única função é criar justificativas ""racionais"" para os vícios e os caprichos dos servos rebeldes. Um homem governado por seus apetites não é livre; ele é um tirano de si mesmo.

Viva a cena: Você está tentando seguir uma dieta (Razão). Você passa em frente a uma padaria e o cheiro de pão quente ativa seu Apetite. Em uma alma ordenada, a Vontade (o guerreiro) diria: ""Não. A ordem do rei é outra"". E você seguiria em frente. Numa alma em desordem, o Apetite grita mais alto. A Vontade, fraca, cede. E a Razão, em vez de defender a ordem, começa a prostituir-se: ""Ah, mas você merece"", ""Só hoje não faz mal"", ""Segunda-feira eu começo de novo"". O servo se tornou rei, e o reino entrou em colapso.

Todo o projeto Synapsys, desde as ""12 Regras"" até o ""Vigia da Ordem"", é, em essência, um programa de treinamento para restaurar a Ordo Animae. É um treinamento para fortalecer o seu rei (Razão), disciplinar seus guerreiros (Vontade) e educar seus servos (Apetites). A verdadeira liberdade não é fazer o que você quer (o que seus apetites mandam), mas ter o poder de fazer o que você deve (o que sua razão, alinhada à Lei Natural, ordena).",46,6,"ordem da alma, ordo animae, alma, razão, vontade, apetites, platão, virtude","Platão, A República (Livros IV e IX): A fonte clássica da analogia da alma como uma cidade, com a descrição detalhada da alma justa (ordenada) e da alma tirânica (desordenada).

Josef Pieper, As Virtudes Fundamentais: Uma exploração profunda das quatro virtudes cardeais (prudência, justiça, fortaleza e temperança) como os pilares que sustentam a ordem correta da alma.","Em qual área da sua vida seus ""apetites"" mais frequentemente se rebelam e tomam o controle da sua ""razão""?

Pense em um hábito ruim que você tem. Descreva o processo de inversão da hierarquia da sua alma que acontece quando você cede a ele.

Que ato concreto você poderia realizar hoje para fortalecer a sua ""Vontade"" (o guerreiro) e fazê-la obedecer à sua ""Razão"" (o rei)?",,
18.6,book,A ordem social: A sociedade como reflexo das almas que a compõem,Por que a revolução política começa dentro de você.,"Chegamos ao ponto que conecta toda a nossa jornada interior com o mundo exterior. A Ordo Socialis, a Ordem Social, é governada por um princípio implacável, formulado por Platão e resgatado no século XX por Eric Voegelin: a sociedade é o homem escrito em letras grandes. A ordem ou a desordem de uma nação, de uma cultura, de uma civilização, é o reflexo direto e ampliado da ordem ou da desordem que prevalece na alma de seus cidadãos.

É impossível ter uma sociedade justa, honesta e próspera composta por uma maioria de indivíduos interiormente tiranizados por seus vícios, mentiras e egoísmo. A falácia central de todas as utopias revolucionárias, especialmente o marxismo, é a crença de que podemos consertar o mundo mudando as ""estruturas"" externas — a economia, as leis, o governo — sem mudar o coração do homem. Isso é o mesmo que tentar ter uma floresta de árvores retas usando apenas árvores tortas.

Viva a cena: Olhe para o Brasil. A corrupção endêmica em Brasília, a violência explosiva nas grandes cidades, a cultura da desonestidade do ""jeitinho"", a celebração da vulgaridade. Isto não é, primariamente, um problema do ""sistema"". É a manifestação visível, em letras gigantes, de milhões de almas em estado de desordem (a inversão da Ordo Animae). É o reflexo de milhões de indivíduos nos quais os apetites por dinheiro, poder e prazer tomaram o lugar da razão e da virtude. A sociedade é apenas o espelho que nos mostra a feiura da nossa própria alma coletiva.

Esta verdade é, ao mesmo tempo, terrível e cheia de esperança. Terrível, porque nos tira a desculpa de culpar os ""outros"" (os políticos, os ricos, o sistema). Cheia de esperança, porque coloca o poder da verdadeira mudança de volta em nossas mãos. A revolução mais poderosa não começa nas ruas ou nas urnas; ela começa no silêncio do seu coração. A ""reconstrução cognitiva"" proposta pelo Synapsys é o ato político mais radical que um indivíduo pode realizar. Ao ordenar a própria alma, você se torna uma célula de ordem no meio do caos social. Você começa a mudar o mundo a partir do único lugar sobre o qual tem verdadeiro poder: você mesmo.",46,7,"ordem social, ordo socialis, política, sociedade, estado, alma, platão, eric voegelin","Eric Voegelin, A Nova Ciência da Política: Uma análise profunda de como a desordem social e os movimentos totalitários modernos são, na verdade, manifestações de uma desordem espiritual na alma humana.

Gustavo Corção, A Descoberta do Outro: Um clássico do pensamento católico brasileiro que explora como a ordem social e o amor ao próximo só podem ser construídos a partir da ordenação do ""eu"" em direção a Deus.","De que forma a sua própria desordem interior (sua procrastinação, sua impaciência, seus pequenos egoísmos) contribui para a desordem social que você critica?

Por que a ideia de ""mudar a si mesmo para mudar o mundo"" é frequentemente ridicularizada como ingênua, enquanto a ideia de ""mudar o sistema"" é vista como a única solução real?

Se você e as dez pessoas mais próximas a você decidissem viver com uma alma perfeitamente ordenada a partir de amanhã, que impacto imediato isso teria no seu pequeno ""mundo""?",,
18.7,book,A ordem de Deus: A eternidade como medida,Alinhar sua vida à única perspectiva que realmente importa.,"Chegamos ao cume da montanha da Ordem. Depois de entender a hierarquia das leis e da alma, nos deparamos com a perspectiva final, a única que coloca tudo em seu devido lugar: a Ordem de Deus, que tem a eternidade como sua única medida. No barulho e na pressa do mundo moderno, vivemos como se esta vida fosse tudo o que existe. Medimos nosso sucesso em dinheiro, poder, prazeres — moedas que perdem todo o valor na fronteira da morte. A Ordem de Deus nos convida a inverter essa lógica. Ela nos ensina a olhar para nossa vida não a partir do nosso nascimento, mas a partir do nosso fim. O que é verdadeiramente importante quando visto do leito de morte?

Essa perspectiva não é um convite à morbidez, mas à sanidade. É o que nos permite ordenar nossas prioridades de forma radical. Como disse Frankl, é a consciência da morte que dá sentido à vida. Sem ela, nos perdemos em urgências triviais e esquecemos nossa vocação principal: a de nos prepararmos para o encontro com nosso Criador. A eternidade não anula a importância desta vida; pelo contrário, ela confere a cada segundo um peso de glória ou de tragédia.

Viva a cena: Você recebe duas ofertas de emprego. Uma oferece um salário altíssimo e grande prestígio social, mas exige que você trabalhe 14 horas por dia, sacrifique sua família e participe de práticas comerciais eticamente duvidosas. A outra oferece um ganho modesto, mas lhe dá tempo para seus filhos, para a oração, para o serviço à sua comunidade. A lógica do mundo grita: ""Aceite a primeira! É a chance da sua vida!"". Mas a lógica da Ordem de Deus sussurra: ""De que vale ao homem ganhar o mundo inteiro e perder a sua alma?"". Ao escolher a segunda opção, você pode parecer um ""fracassado"" para o mundo, mas está fazendo um investimento de altíssimo retorno na única economia que importa: a da eternidade.

Viver sob a Ordem de Deus é, portanto, o ato final de rebelião contra a tirania do imediato. É entender que cada ato nosso é um golpe de cinzel que esculpe nossa alma, tornando-a mais ou menos semelhante à imagem de Deus (Imago Dei). Não estamos apenas vivendo; estamos nos decidindo, a cada momento, pelo tipo de criatura que seremos por toda a eternidade.",46,8,"ordem de Deus, eternidade, imago dei, alma, propósito, vocação, morte","Frank Sheed, Teologia e Sanidade: Um livro que argumenta de forma brilhante que a verdadeira sanidade consiste em ver a realidade a partir da perspectiva de Deus, que é a perspectiva da eternidade.

A Bíblia, Livro do Eclesiastes: Uma meditação poética e por vezes brutal sobre a vaidade de todas as buscas terrenas (riqueza, saber, prazer) quando não estão ordenadas para Deus.","Se você soubesse que morreria daqui a um ano, que mudanças radicais faria na sua vida a partir de amanhã? O que o impede de fazê-las agora?

Como a perspectiva da eternidade pode transformar sua ""lista de prioridades"" (carreira, dinheiro, hobbies, família, fé)?

De que forma sua busca por ""sucesso"" neste mundo pode estar sabotando sua preparação para a vida eterna?",,
18.8,book,A liberdade diante do sofrimento,Encontrando o propósito e a ordem na dor inevitável da vida.,"Uma alma que se ordena para a eternidade não se torna imune ao sofrimento. Pelo contrário, ela ganha a única ferramenta capaz de transfigurá-lo. Para a mentalidade moderna e materialista, o sofrimento é um absurdo, um erro no sistema que deve ser evitado a qualquer custo. Quando ele chega, a única resposta é o desespero ou o ressentimento. Mas sob a Ordem de Deus, o sofrimento, embora nunca desejado, deixa de ser inútil. Ele pode se tornar um instrumento de purificação, um meio de nos desapegarmos dos bens finitos, uma oportunidade de unir nossas pequenas dores à Cruz redentora de Cristo.

A liberdade diante do sofrimento não é a ausência de dor, mas a capacidade de escolher o sentido que daremos a ela. Como nos ensinou Viktor Frankl no campo de concentração, a última das liberdades humanas é escolher a própria atitude em qualquer circunstância. A alma ordenada não busca o sofrimento, mas quando ele chega, ela se pergunta: ""O que Deus quer me ensinar com isso? Como isso pode me preparar para Ele?"".

Viva a cena: Você perde o emprego que tanto amava. A reação natural, ditada pela desordem dos apetites, é o pânico, a autopiedade, a raiva contra o ex-chefe ou contra Deus. Mas sua razão, alinhada à Ordem Divina, o convida a outra atitude. Você sofre, sim. Mas em meio à dor, você se pergunta: ""Será que Deus não está usando esta porta fechada para me forçar a procurar uma porta melhor? Será que meu valor estava excessivamente ligado ao meu cargo? O que esta humilhação pode me ensinar sobre a verdadeira segurança, que não está no contracheque, mas na Providência dEle?"".

Esta mudança de perspectiva é a diferença entre ser esmagado pelo sofrimento e ser esculpido por ele. É a alquimia da fé, que transforma o chumbo da dor no ouro da sabedoria e da santidade. Uma alma ordenada não desperdiça seu sofrimento.",46,9,"liberdade, sofrimento, dor, cruz, sacrifício, providência, sentido","Viktor Frankl, Em Busca de Sentido: O testemunho de um psiquiatra que descobriu, no meio do horror do Holocausto, que a busca por um sentido é a maior força da vida humana.

Papa São João Paulo II, Carta Apostólica Salvifici Doloris (Sobre o Sentido Cristão do Sofrimento Humano): Um documento profundo sobre como o sofrimento, unido ao de Cristo, adquire um valor redentor.","Pense no maior sofrimento que você já enfrentou. Ele o deixou mais amargo e ressentido ou mais forte e compassivo?

Qual é sua reação imediata diante de uma frustração ou de uma dor inesperada? É de revolta ou de busca por um sentido?

Como a imagem de Cristo na Cruz pode transformar sua percepção sobre o inevitável sofrimento da vida?",,
18.9,book,A liberdade diante das alegrias,Usando os dons do mundo sem se tornar escravo deles.,"A Ordem de Deus não nos ensina apenas a lidar com o sofrimento, mas também, e talvez de forma mais sutil e difícil, a lidar com as alegrias. Se o sofrimento pode nos levar ao desespero, os bens deste mundo — a carreira, a riqueza, os relacionamentos, os prazeres — podem nos levar à idolatria. Uma alma desordenada os transforma em fins em si mesmos, buscando neles a satisfação infinita que eles não podem dar. A consequência inevitável é a escravidão e a decepção.

A liberdade diante das alegrias é a capacidade de recebê-las como dons e usá-las como ferramentas, sem permitir que elas se tornem o centro da nossa existência. Como nos lembra Santo Agostinho em suas Confissões, nosso coração está inquieto até que repouse em Deus. Essa verdade nos liberta da ansiedade de buscar em coisas finitas a felicidade infinita que só encontramos no Criador. Podemos, então, finalmente, amar as pessoas e usar as coisas, e não o contrário.

Viva a cena: Você alcança um grande sucesso profissional, uma promoção pela qual lutou por anos. A alegria é imensa. Uma alma desordenada se agarraria a esse sucesso como sua identidade, seu valor. O medo de perdê-lo se tornaria sua nova prisão. Uma alma ordenada, no entanto, reage de outra forma. Ela agradece a Deus pelo dom, reconhecendo que todo talento e oportunidade vêm dEle. Ela usa a nova posição não para inflar o próprio ego, mas como uma plataforma para servir melhor, para criar mais ordem, para ser um exemplo de excelência. A alegria não a aprisiona; ela a impulsiona para sua missão.

A felicidade terrena, quando ordenada para Deus, se torna um antegozo da alegria do Céu. A beleza de um cônjuge, a risada de um filho, a satisfação do trabalho bem feito — tudo isso se torna um degrau na escada que nos leva para cima, em vez de se tornar um peso que nos afunda na matéria.",46,10,"liberdade, alegria, dons, desapego, santo agostinho, idolatria, felicidade","Santo Agostinho, Confissões: O livro é o relato de uma alma em busca da felicidade. Agostinho mostra como a buscou em todas as coisas criadas (amizade, amor, retórica, filosofia) e como cada одна delas o decepcionou, até ele entender que eram apenas reflexos da única Fonte de alegria.

C.S. Lewis, O Peso da Glória: Um sermão que explora o desejo humano por uma alegria e uma beleza que este mundo não pode satisfazer, argumentando que esses desejos são, na verdade, nossa ""saudade de casa"", de nosso verdadeiro lar em Deus.","Qual é o ""dom"" ou a ""alegria"" na sua vida ao qual você mais se apega e cuja perda mais o apavora? Isso pode ser um sinal de que ele se tornou um ídolo?

Como você pode praticar a gratidão não apenas como um sentimento, mas como um ato de reconhecer que tudo de bom que você tem é um dom imerecido de Deus?

Qual a diferença entre ""aproveitar"" os prazeres da vida e ser ""escravo"" deles?",,
18.10,book,A gravidade de cada ato,Vivendo sob a consciência de que cada segundo conta para a eternidade.,"A perspectiva da eternidade devolve um peso de glória a cada momento. Na visão materialista, suas escolhas de hoje são, em última instância, irrelevantes; pó voltando ao pó. Mas sob a Ordem de Deus, cada segundo importa. Cada escolha — entre a paciência e a ira, a pureza e a luxúria, a generosidade e o egoísmo — deixa de ser um evento isolado e esquecido. Torna-se um golpe de cinzel que esculpe sua alma, tornando-a mais ou menos semelhante à imagem de Deus (Imago Dei). Estamos, a cada instante, decidindo o tipo de criatura que seremos por toda a eternidade.

Esta consciência da gravidade de cada ato não é um fardo que nos esmaga, mas a dignidade que nos eleva. Ela nos resgata da tirania da trivialidade. Se cada momento é uma oportunidade de escolher o bem, então não existem momentos ""desperdiçados"". O tempo gasto em um engarrafamento pode se tornar um tempo de oração. Uma conversa frustrante pode se tornar um exercício de paciência. A tarefa mais chata e repetitiva pode se tornar um ato de serviço, oferecido a Deus.

Viva a cena: Você está tendo um dia terrível. Tudo dá errado. Sua reação natural é explodir com o primeiro que cruzar seu caminho. Mas a consciência da gravidade do momento o detém. Você percebe que tem uma escolha, ali, naquele instante. Uma escolha que definirá seu caráter. Você pode escolher a desordem do desabafo egoísta, espalhando seu caos para os outros. Ou pode escolher a ordem do autocontrole, do pequeno sacrifício de engolir a própria frustração por amor ao próximo. Você respira fundo, força um sorriso e trata a pessoa com gentileza. Ninguém viu, ninguém vai lhe dar um prêmio. Mas, no tribunal da eternidade, você acabou de ganhar uma grande batalha.

Viver assim é trocar a miopia do momento pela visão de longo alcance da alma. É a diferença entre construir um castelo de areia na beira da maré e assentar as fundações de uma morada eterna. É entender que a vida não é um ensaio; é a peça principal, e o pano de fundo é a eternidade.",46,11,"ato, escolha, momento, eternidade, imago dei, julgamento, responsabilidade","Irmão Lourenço da Ressurreição, A Prática da Presença de Deus: Um pequeno clássico espiritual que ensina como transformar as tarefas mais mundanas e triviais do dia a dia em atos de amor e comunhão com Deus, vivendo cada momento com uma consciência da Sua presença.

A Bíblia, Segunda Carta de São Paulo aos Coríntios 4:17-18: ""Pois a nossa leve e momentânea tribulação produz para nós um eterno peso de glória, imensurável... não atentando nós nas coisas que se veem, mas nas que não se veem; porque as que se veem são temporais, e as que não se veem são eternas.""","Se uma câmera estivesse filmando seus pensamentos, palavras e atos 24 horas por dia para serem mostrados no dia do seu julgamento, que hábito você mudaria imediatamente?

Como a consciência da ""gravidade de cada ato"" pode transformar uma tarefa que você considera ""chata"" ou ""sem importância""?

Pense na sua última hora. Quantas oportunidades você teve de ""esculpir sua alma"" para o bem e quantas você desperdiçou ou usou para o mal?",,
19,templar_shield,Ordene sua alma: A relação da ordem na sua vida,Uma introdução à arquitetura da sua fortaleza interior.,"Compreendidas as ordens que regem o universo — da Lei Eterna na mente de Deus à Lei Natural em nosso coração —, a jornada agora se volta para dentro. Como alinhar nosso microcosmo interior com o macrocosmo ordenado pelo Criador? A resposta não está em uma fórmula mágica, mas em um trabalho artesanal, consciente e diário de colocar cada coisa em seu devido lugar. Esta seção é o manual prático da Ordo Animae, a arte de se tornar o arquiteto da sua própria fortaleza interior.

Nesta etapa, vamos inspecionar os cômodos desta casa da alma, entendendo a função de cada um e aprendendo a limpá-los e organizá-los. Abordaremos os temas centrais que definem quem somos e como agimos, numa progressão que vai do diagnóstico à cura, e da cura à transcendência:

O Coração: Começaremos pelo centro de comando, investigando do que ele está cheio e como isso define nossa vida.

Os Sentimentos e Desejos: Aprenderemos a decifrar estas forças poderosas para deixarmos de ser seus escravos e nos tornarmos seus mestres.

A Decisão: Forjaremos a ferramenta fundamental da vontade, o poder de ""cortar fora"" o caos e construir o destino.

O Perdão: Aplicaremos o poder da decisão ao ato mais difícil e libertador da vida espiritual, entendendo-o não como um sentimento, mas como uma escolha que nos assemelha a Deus.

A Reconciliação: Construiremos a ponte que, a partir do perdão, nos reconecta com Deus e com o próximo.

A Eternidade: Finalmente, colocaremos toda a ordem da alma sob a única perspectiva que lhe confere sentido último e verdadeiro.

O objetivo é claro: mover-se de um baixo nível de consciência, onde somos escravos de nossos impulsos, para um nível mais alto, onde nos tornamos mestres de nós mesmos, capazes de alinhar nossa vida com a Ordem Divina. Este é o trabalho mais nobre e mais difícil, a verdadeira Grande Obra da existência humana.",47,1,"alma, ordem, coração, sentimentos, decisão, perdão, eternidade, reconciliação","Santo Agostinho, Confissões: O maior manual já escrito sobre a inspeção da própria alma, o diagnóstico de sua desordem e o caminho para a sua reordenação em Deus.

Platão, A República: A obra clássica que nos dá o mapa da alma ordenada (Ordo Animae), comparando-a a uma cidade justa e bem governada.","Se sua alma fosse uma casa, qual seria o cômodo mais desarrumado hoje: o ""quarto"" dos seus sentimentos, o ""escritório"" das suas decisões ou a ""sala de estar"" do seu coração?

Você se sente mais como o ""governante"" da sua vida interior ou como um ""refém"" de suas próprias emoções e impulsos?

Qual é o seu maior anseio ao iniciar esta jornada de ""ordenar a alma""? O que você mais espera encontrar?",,
19.1,book,O coração transborda do que está cheio. Como está o seu?,A inspeção do seu centro de comando como o início da ordem da alma.,"Compreendidas as ordens que regem o universo, a jornada agora se volta para dentro. Como alinhar nosso microcosmo interior com o macrocosmo ordenado pelo Criador? A resposta não está em uma fórmula mágica, mas em um trabalho artesanal, consciente e diário de colocar cada coisa em seu devido lugar. Este processo, que chamamos de Ordo Animae (a Ordem da Alma), começa pelo centro de comando da nossa vida: o coração. O Evangelho nos adverte: ""a boca fala do que o coração está cheio"" (Mateus 12:34). Suas palavras, seus atos, seus sentimentos — tudo o que transborda de você é apenas um sintoma do que você acumula por dentro.

Pense no seu coração como um reservatório. Diariamente, você o preenche. Com o quê? Com a torrente de lixo das redes sociais, com as narrativas de ressentimento da mídia, com a inveja e a fofoca? Ou você faz uma curadoria ativa, preenchendo-o com a Verdade da filosofia e da fé, com a Beleza da grande arte e da natureza, e com a Bondade dos exemplos dos santos e heróis?

Viva a cena: Dois homens leem o noticiário pela manhã. O primeiro tem o coração cheio do caos do mundo: indignação seletiva, medo, teorias da conspiração. Ao longo do dia, ele transborda isso em discussões amargas, em posts agressivos, em ansiedade. O segundo, antes de ler as notícias, encheu seu coração com a oração e com a leitura de uma página de um clássico. Ele lê as mesmas notícias, mas seu coração as filtra através da ordem que cultivou. Em vez de desespero, ele sente uma tristeza ordenada; em vez de raiva, ele busca clareza. Ele transborda calma e discernimento.

Ordenar a alma, portanto, não é um exercício de repressão, mas de curadoria. É o trabalho do Vigia da Ordem que inspeciona o que entra no reservatório do seu coração, sabendo que aquilo que você permite que entre, mais cedo ou mais tarde, transbordará e definirá a realidade da sua vida.",47,2,"alma, coração, ordem, sentimentos, mente, consciência, evangelho","A Bíblia, Livro dos Provérbios 4:23: ""Sobre tudo o que se deve guardar, guarda o teu coração, porque dele procedem as fontes da vida.""

Roger Scruton, Beleza: Uma obra que nos ensina a fazer a ""curadoria"" do nosso olhar, buscando a beleza como um antídoto para a profanação do mundo moderno e um alimento para a alma.","Se suas palavras e ações das últimas 24 horas fossem um diagnóstico do que está em seu coração, qual seria o resultado?

Qual é a principal ""fonte de poluição"" que você permite que contamine o reservatório do seu coração diariamente?

Que pequeno ato de ""curadoria"" — ler algo bom, ouvir uma música bela, fazer uma oração — você poderia praticar hoje para começar a limpar a fonte?",,
19.2,book,Sentimentos e desejos: Como entendê-los?,Deixando de ser escravo das suas emoções para se tornar o mestre delas.,"A cultura moderna promove um verdadeiro culto aos sentimentos. ""Siga seu coração"", ""Seus sentimentos são válidos"", ""O que importa é o que você sente"". Esta é a mais perigosa das tiranias, pois o transforma em escravo da parte mais instável e irracional de si mesmo. Na cosmovisão clássica e cristã, os sentimentos e desejos são como cavalos de uma biga: cheios de força e energia, indispensáveis para o movimento, mas desastrosos se não forem guiados pelas rédeas da Vontade e sob o comando do cocheiro, a Razão.

Sentimentos não são oráculos da verdade; são informação. A raiva lhe diz que uma fronteira sua foi violada. O medo lhe diz que há uma ameaça. A alegria lhe diz que você encontrou um bem. Eles são o painel de instrumentos da sua alma, mas não são o piloto. Confundi-los com a realidade é um sinal de um baixo nível de consciência. Uma consciência mais elevada não se identifica com o sentimento; ela o observa.

Viva a cena: Você publica um trabalho online e recebe um comentário crítico. O sentimento imediato é de humilhação e raiva. A reação de um escravo dos sentimentos (um nível baixo de consciência) é atacar de volta, justificar-se, ruminar a ofensa. A reação de um mestre de si (um nível alto de consciência) é diferente. Ele observa a raiva e a interroga: ""Por que isto me afetou tanto? É orgulho ferido? A crítica, despida do tom agressivo, contém alguma verdade que eu possa usar para melhorar?"". O sentimento se torna um dado para uma análise racional, não o gatilho para uma reação automática.

O objetivo da vida ordenada não é se tornar um robô sem emoções, mas sim um mestre de si mesmo. É colocar os sentimentos de volta em seu devido lugar: como servos valiosos, mas jamais como senhores. Entender seus sentimentos é o primeiro passo para governá-los e, assim, governar a si mesmo.",47,3,"sentimentos, desejos, emoções, razão, vontade, ordo animae, consciência","Platão, Fedro: O diálogo que contém a famosa alegoria da alma como uma biga, com um cocheiro (Razão) a tentar controlar dois cavalos, um bom (Vontade) e um rebelde (Apetites).

Daniel Goleman, Inteligência Emocional: Embora venha de um contexto secular, o livro oferece ferramentas práticas para o primeiro passo do domínio de si: a autoconsciência, a capacidade de reconhecer e nomear os próprios sentimentos.","Qual sentimento ou desejo mais frequentemente ""toma as rédeas"" da sua vida, fazendo você agir de formas que sua razão depois se arrepende?

Pense na última vez que você se sentiu ofendido. Você reagiu imediatamente ou conseguiu criar um espaço para observar o sentimento antes de agir?

Como a prática de ""dar um nome"" ao que você está sentindo (""Isto é inveja"", ""Isto é orgulho ferido"") pode ajudá-lo a se distanciar da emoção e a analisá-la com mais clareza?",,
19.3,book,O que é decisão?,"O ato de ""cortar fora"" as outras possibilidades e construir seu destino.","Vivemos na era da não-decisão. ""Manter as opções em aberto"" é visto como sinônimo de liberdade. Na verdade, é o sintoma de uma vontade paralisada. A palavra ""decidir"" vem do latim decidere, que significa ""cortar fora"". Uma decisão verdadeira não é uma mera preferência ou um sentimento positivo; é um ato da Vontade, informada pela Razão, que corta, que elimina todas as outras possibilidades para se comprometer com um único caminho.

A não-decisão é a tentativa covarde de ter tudo sem pagar o preço de nada. É o jovem que ""fica"" com várias pessoas sem se comprometer com nenhuma, o profissional que pula de carreira em carreira sem nunca se aprofundar, o homem que vive num estado perpétuo de ""talvez"". Uma vida desordenada não é o resultado de más decisões, mas de uma sucessão de não-decisões. A força de caráter se mede pela capacidade de tomar decisões claras e de arcar com as suas consequências.

Viva a cena: Você está insatisfeito com seu peso e sua saúde. Você passa meses a ""pensar em fazer uma dieta"", a ""querer começar a academia"", a ""considerar"" mudar seus hábitos. Isto não é nada. A decisão acontece no momento em que você se senta, olha para a realidade, e corta as outras opções. Você diz: ""A partir de amanhã, o açúcar está fora da minha vida"". Você joga fora os doces da despensa. Você se matricula na academia e paga o ano inteiro e se compromete de verdade em ir duas vezes por semana, cuidado aqui, o ""truque"" de pagar a academia antecipadamente irá dizer ao seu cérebro que você fez o que se comprometeu, não se prenda ao pagar, se prenda ao estar lá, em treinar, em faze suas séries. Assim, suas ações determinam que você queimou as pontes. Você não deixou uma porta aberta para a falha. Você decidiu.

É neste ato de ""cortar fora"" que a verdadeira liberdade se manifesta. A liberdade não é a ausência de restrições; é a capacidade de se auto-restringir em nome de um bem maior. Cada decisão firme que você toma é um pilar sobre o qual você constrói sua vida. Cada não-decisão é um buraco no alicerce. Sua vida hoje é o resultado das decisões que você tomou no passado. Sua vida amanhã será o resultado da decisão que você tomar agora.",47,4,"decisão, vontade, compromisso, accountability, liberdade, caráter, ação","Jean-Paul Sartre, O Existencialismo é um Humanismo: Embora venha de uma filosofia ateia, Sartre captura brilhantemente a angústia e a responsabilidade da decisão. Para ele, ""o homem não é nada mais do que aquilo que ele faz de si mesmo"".

A história de Abraão na Bíblia (Gênesis 12 e 22): Abraão é o arquétipo do homem de decisão. Ele ""corta fora"" sua terra, sua parentela e, no teste supremo, está disposto a cortar o futuro em obediência a Deus, tornando-se o Pai da Fé.","Qual é a ""não-decisão"" mais importante que está a paralisar sua vida neste momento? Que ""opções"" você está a tentar manter em aberto por medo de se comprometer?

Pense na decisão mais difícil e correta que você já tomou. Qual foi a sensação depois de ""cortar fora"" as outras possibilidades e se comprometer com um caminho?

Em que medida a sua dificuldade em tomar decisões está ligada a uma Vontade fraca, que não foi treinada para obedecer à sua Razão?",,
19.4,book,"O perdão como decisão, não sentimento",A libertação da tirania do ressentimento através de um ato da vontade.,"A cultura moderna, que idolatra os sentimentos, cometeu um erro fatal: ela definiu o perdão como um sentimento. ""Eu só perdoo quando eu sentir que devo"", ""Não sinto vontade de perdoar"". Esta é a fórmula para a escravidão perpétua ao ressentimento. O perdão não é um sentimento que brota espontaneamente; ele é uma decisão. É um ato da Vontade, informada pela Razão, que ""corta fora"" o seu ""direito"" à vingança e ao rancor.

Esperar ""sentir"" vontade de perdoar é como esperar sentir vontade de ir ao dentista. A vontade não virá. O sentimento de paz é uma consequência do ato de perdoar, não a sua pré-condição. O ressentimento é um veneno que você toma esperando que o outro morra. Ele o mantém acorrentado ao passado e ao seu agressor, dando a ele um poder contínuo sobre a sua paz interior. A decisão de perdoar é o ato de pegar a chave e quebrar as suas próprias correntes.

Viva a cena: Alguém no trabalho o traiu, roubou uma ideia sua e foi promovido no seu lugar. O sentimento que o consome é o ódio, o desejo de vingança. Sua mente repete a cena da injustiça sem parar. Um dia, exausto, você percebe que o único prisioneiro dessa cela de amargura é você. Então, você toma uma decisão, um ato de pura vontade contra seus sentimentos. Você diz, talvez em voz alta para si mesmo ou em oração: ""Eu decido perdoar Fulano. Eu renuncio ao meu desejo de vingança. Eu o entrego ao julgamento de Deus"".

Nesse instante, nada muda externamente. O sentimento de raiva pode até continuar a borbulhar. Mas você fincou uma bandeira. Você deu uma ordem à sua alma. E, ao repetir essa decisão cada vez que o sentimento de rancor voltar, você, aos poucos, retoma o controle. Você não perdoa porque o outro merece; você perdoa porque você merece paz. É o ato supremo de ordenar a alma, colocando a Razão e a Vontade acima da tirania dos sentimentos.",47,5,"perdão, decisão, sentimento, ressentimento, vontade, razão, vingança","Corrie ten Boom, O Refúgio Secreto: O testemunho de uma sobrevivente dos campos de concentração nazistas que, após a guerra, encontrou um de seus antigos guardas e, pela graça de Deus, tomou a decisão de perdoá-lo, descrevendo o ato como a libertação final.

C.S. Lewis, Cristianismo Puro e Simples: Lewis faz uma distinção crucial entre perdoar a ação (o que somos chamados a fazer) e fingir que a ação não foi errada (o que não somos chamados a fazer).","Existe alguém em sua vida a quem você ""não consegue"" perdoar? Sua dificuldade está na decisão em si ou na espera por um sentimento que nunca chega?

Como o ressentimento que você guarda tem afetado sua paz, sua saúde e seus outros relacionamentos?

Qual o primeiro passo que você poderia dar hoje para decidir perdoar, mesmo que o sentimento ainda não acompanhe a decisão?",,
19.5,book,O perdão: A decisão que nos assemelha a deus,Imitando a misericórdia divina para curar a própria alma.,"O ato de perdoar é tão difícil porque ele parece injusto. E, de fato, ele é. Se a justiça é ""dar a cada um o que é seu"", o ofensor merece a punição, não o perdão. É por isso que o perdão não pertence primariamente à ordem da justiça humana, mas à Ordem Divina da misericórdia. Quando perdoamos, não estamos agindo segundo a lógica do mundo; estamos a imitar a lógica de Deus.

Na oração do Pai Nosso, nós mesmos selamos nosso destino: ""Perdoai-nos as nossas ofensas, assim como nós perdoamos a quem nos tem ofendido"". Transformamos a nossa capacidade de perdoar o próximo na medida exata com a qual pedimos para ser perdoados por Deus. Recusar o perdão a um irmão, portanto, é um ato de soberba espiritual. É colocar-se numa posição de juiz implacável, esquecendo que somos réus infinitamente mais devedores diante do tribunal de Deus.

Viva a cena: Você está magoado com um amigo por uma ofensa. O orgulho o impede de perdoar. Então, à noite, você vai rezar. Ao chegar na parte do ""Pai Nosso"", as palavras travam na sua garganta. Você percebe a terrível contradição: você implora pela misericórdia infinita de Deus por seus incontáveis pecados, mas nega uma pequena misericórdia a um amigo por uma única ofensa. Nesse instante, o orgulho se quebra. Você entende que perdoar não é um ato de superioridade sobre o ofensor, mas um ato de humildade diante de Deus.

A decisão de perdoar nos assemelha a Deus no que Ele tem de mais divino: a capacidade de amar quem não merece ser amado. É o ato que quebra o ciclo de vingança que governa o mundo e injeta na realidade uma dose da graça que governa o Céu. Ao perdoar, você não está apenas libertando a si mesmo do ressentimento; está se tornando um canal da misericórdia de Deus no mundo.",47,6,"perdão, deus, misericórdia, imitação de cristo, oração do pai nosso, justiça","A Bíblia, Parábola do Credor Incompassivo (Mateus 18:21-35): A mais poderosa lição de Cristo sobre o perdão, mostrando a hipocrisia de quem, tendo sido perdoado de uma dívida impagável, recusa-se a perdoar uma dívida insignificante.

Santa Faustina Kowalska, Diário: A Misericórdia Divina na Minha Alma: Um mergulho na profundidade do mistério da misericórdia de Deus, que nos ama e perdoa não por nossos méritos, mas apesar de nossas misérias.","Você já parou para pensar na desproporção entre as ofensas que você comete contra a Lei de Deus e as ofensas que os outros cometem contra você?

Como a meditação sobre o sacrifício de Cristo na Cruz, que pediu ao Pai que perdoasse seus algozes, pode mudar sua perspectiva sobre as mágoas que você guarda?

O que significa, na prática, ""perdoar setenta vezes sete""?",,
19.6,book,A reconciliação: A ponte para deus,O sacramento da confissão como o caminho para restaurar a ordem da alma.,"Uma vez compreendida a necessidade de perdoar os outros, a jornada da alma se volta para a ferida mais profunda: a nossa ruptura com Deus, causada pelo pecado. O perdão que oferecemos ao próximo é um eco do perdão que necessitamos desesperadamente de Deus. A Reconciliação, no seu sentido mais verdadeiro e fundamental, é a restauração desta aliança quebrada. Como nos ensina o Catecismo da Igreja Católica, Cristo instituiu o Sacramento da Penitência para os pecadores, oferecendo-lhes uma nova possibilidade de se converterem e de recuperarem a graça do Batismo.

A Confissão não é uma sessão de terapia com um padre, mas um tribunal de misericórdia. Ali, não falamos com um homem, mas com Cristo agindo através do sacerdote. Ao confessar nossos pecados, reconhecer nossa culpa e receber a absolvição, não estamos apenas a ""nos sentir melhor""; estamos a ser objetivamente lavados e curados pela graça de Deus. É a reconstrução da ponte que nossa soberba e nossos vícios dinamitaram.

Viva a cena: Você carrega o peso de um pecado grave há meses. Ele o corrói por dentro, gera ansiedade e o afasta da oração. Você decide se confessar. Na fila, o coração acelera, a vergonha tenta fazê-lo desistir. Mas você persevera. Ao se ajoelhar e dizer suas faltas, você não encontra a condenação que temia, mas a acolhida de um Pai. Ao ouvir as palavras da absolvição — ""Eu te absolvo dos teus pecados..."" —, um peso real, físico e espiritual, é retirado de seus ombros. Você sai do confessionário não apenas ""perdoado"", mas reconciliado. A ordem foi restaurada.

A reconciliação com o irmão só é plenamente possível depois da reconciliação com Deus. Uma alma que está em estado de guerra com seu Criador não tem a paz verdadeira para oferecer ao próximo. É ao receber o perdão de Deus na Confissão que somos capacitados a levar esse mesmo perdão, de forma autêntica e curativa, para nossos relacionamentos. A ponte para o irmão só pode ser construída sobre o alicerce sólido da ponte restaurada para Deus.",47,7,"reconciliação, perdão, confissão, sacramento, pecado, catecismo, graça, deus","Catecismo da Igreja Católica, (Parágrafos 1422-1498): A seção completa sobre o ""Sacramento da Penitência e da Reconciliação"", que explica sua instituição, seus efeitos e sua necessidade.

São João Maria Vianney (o Cura d'Ars), Sermões: Os escritos do padroeiro dos padres de paróquia, que passou a vida no confessionário, revelam uma profunda compreensão da beleza e do poder transformador do Sacramento da Reconciliação.","Você enxerga a Confissão como um fardo humilhante ou como um presente libertador? Por quê?

De que forma os seus pecados não confessados podem estar a afetar seus relacionamentos com as outras pessoas (impaciência, raiva, egoísmo)?

Qual passo prático você pode dar esta semana para se preparar para uma boa Confissão, restaurando assim sua reconciliação com Deus?",,
19.7,book,A eternidade: A grande ordem do significado,A perspectiva final que coloca cada decisão e cada perdão em seu devido lugar.,"Chegamos ao ponto final que é, na verdade, o ponto de partida de tudo: a perspectiva da eternidade. Por que ordenar a alma? Por que passar pelo difícil trabalho de dominar os sentimentos, de tomar decisões firmes e, sobretudo, de perdoar? A resposta é que estamos a nos preparar. Esta vida é o vestíbulo, a sala de preparação para a verdadeira vida. A eternidade é a grande ordem que confere significado a cada ato.

Sem a perspectiva da eternidade, o perdão pode parecer um ato de fraqueza. Por que não guardar rancor e buscar vingança, se esta vida é tudo o que há? É a consciência do Juízo Final que nos liberta. Ao perdoar, estamos a entregar a ofensa ao único Juiz perfeito e justo. Estamos a dizer: ""Este caso é grande demais para o meu pequeno tribunal. Eu o transfiro para a Suprema Corte do Universo"". Isso nos livra do fardo esmagador de sermos juízes uns dos outros.

Viva a cena: Você está no seu leito de morte. Sua vida passa diante dos seus olhos. O que terá mais valor naquele momento? As pequenas vitórias e prazeres que você acumulou ou as grandes batalhas que você travou dentro da sua alma? A promoção que você conseguiu ou o perdão que você concedeu a quem o feriu profundamente? Naquele instante, a ordem de valores do mundo se inverte completamente. As mágoas que pareciam tão importantes se revelam pó. E o ato de perdoar, que parecia tão custoso, se revela como um dos maiores tesouros que você acumulou para a eternidade.

Ordenar a alma é, em última análise, um ato de inteligência espiritual. É apostar na única realidade que não passa. É alinhar cada decisão, cada sentimento e cada perdão com a única pergunta que importará no final: ""Isto me preparou para o encontro com Deus?"". Esta é a ordem final, a bússola que, se seguida, garante que não chegaremos de mãos vazias ao nosso destino.",47,9,"eternidade, significado, propósito, morte, julgamento, alma, ordem final","Frank Sheed, Teologia e Sanidade: Sheed argumenta que a sanidade é simplesmente ver a realidade como ela é. E a realidade última é que somos criaturas feitas por Deus e para Deus, e nosso destino é a eternidade. Viver ignorando isso é a definição da loucura.

A Bíblia, Apocalipse de São João: Embora de leitura complexa, o livro do Apocalipse é a grande revelação da ordem final, onde toda a justiça será restaurada e cada ato, bom ou mau, receberá sua recompensa ou punição eterna.","Se você olhasse para a maior mágoa que guarda hoje a partir da perspectiva do seu leito de morte, ela manteria o mesmo tamanho e importância?

Como a certeza de um Juízo Final justo pode lhe dar a paz para perdoar e entregar a ofensa que você sofreu nas mãos de Deus?

Que ato de ""ordenação da alma"" (um perdão, uma decisão, um ato de disciplina) você pode realizar hoje como um ""investimento"" para a sua eternidade?",,
20,flag,A herança da corrupção: O futuro que nos roubaram,A corrupção como um projeto de transferência de futuro entre gerações.,"A corrupção sistêmica é muito mais do que um desvio de dinheiro; é um mecanismo de transferência de futuro. É a expropriação da herança de milhões de famílias honestas para construir as dinastias de umas poucas famílias criminosas que comandam o poder. O roubo não acontece apenas no presente. Cada real desviado é um tijolo a menos na casa que você poderia deixar para seus filhos, uma oportunidade a menos na educação deles, um recurso a menos para a saúde dos seus pais. Nesta primeira parte da nossa autópsia, vamos dissecar como este projeto funciona, analisando o legado financeiro do grande roubo e o pântano da impunidade que garante que os ladrões do nosso futuro nunca paguem por seus crimes.",48,1,"corrupção, herança, futuro, desigualdade, impunidade, sistema, elite, política","Pesquise por: ""Impacto da corrupção no desenvolvimento social e econômico do Brasil"".

Pesquise por: ""Neopatrimonialismo e a persistência das elites no Brasil"".","Você já parou para pensar que a corrupção não é apenas ""dinheiro dos políticos"", mas o seu dinheiro, que poderia estar construindo o futuro da sua família?

Como a ideia de que a corrupção é um ""roubo de futuro"" muda sua percepção sobre a gravidade dos crimes cometidos em Brasília?

O que significa construir uma ""herança de caráter"" em um país onde o sistema parece recompensar a herança da desonestidade?",,
20.1,book,O futuro bilionário deles vs. o seu,O legado de miséria do estado vs. a dinastia de luxo dos corruptos.,"A corrupção não é apenas sobre o dinheiro roubado hoje; é sobre o futuro que é roubado de você e de seus filhos. Pense em Sérgio Cabral, ex-governador do Rio, condenado por desviar mais de R$ 318 milhões. Este número, por si só, é um insulto. Mas o que ele significa na prática? Significa que, mesmo após devolver uma parte e cumprir uma pena branda, a herança que ele deixará para sua família é a de uma dinastia. Com o que sobrou, seus herdeiros poderão viver de rendimentos por gerações, sem nunca precisar trabalhar, comprando imóveis de luxo em Paris, iates em Angra dos Reis e mandando seus filhos para as universidades mais caras do mundo. O crime não apenas compensou; ele garantiu a riqueza de toda a sua linhagem.

E você? Qual será a sua herança? A herança de um brasileiro honesto, esmagado por impostos, é a de um apartamento financiado em 30 anos, um carro quitado com dificuldade e a esperança de que seus filhos consigam um bom emprego para recomeçar o mesmo ciclo de estrangulamento. A estratégia do sistema não é que você prospere; é que você sobreviva, pagando a conta do luxo deles.

Viva a cena: Um pai de família, homem honesto que trabalhou por 40 anos, senta-se à mesa da cozinha para escrever seu testamento. Ele olha para seus bens: a casa, que ainda tem parcelas a pagar; o carro popular, ano 2015; uma pequena poupança que mal daria para o sustento de sua esposa por um ano. Ele sente uma profunda tristeza. Ele sabe que o dinheiro que lhe foi extraído em impostos ao longo da vida, que deveria ter se tornado segurança, saúde e infraestrutura, foi desviado para construir a fortuna da família de um político qualquer. Com os olhos cheios de lágrimas, ele escreve a única coisa de valor real que pode deixar: ""Aos meus filhos, deixo como única e maior herança a honestidade e o caráter que guiaram minha vida"". É uma herança nobre, mas que não paga as contas. A herança do corrupto é o poder. A sua é a virtude na miséria.",48,2,"herança, corrupção, impunidade, sérgio cabral, lava jato, desigualdade, futuro, política","Pesquise por: ""Lista de bens de Sérgio Cabral apreendidos pela Lava Jato"".

Pesquise por: ""Quanto rende R$ 100 milhões em fundos de investimento"" para ter uma ideia da renda passiva gerada pela corrupção.","Ao pensar na sua própria herança, você sente que o sistema brasileiro o ajudou a construir um patrimônio ou o impediu de fazê-lo?

Como a percepção de que corruptos criam dinastias com dinheiro roubado afeta sua motivação para trabalhar e pagar impostos?

Qual o valor real da herança do caráter em uma sociedade que recompensa materialmente a desonestidade?",,
20.2,book,O pântano da justiça: A lei como escudo do crime,A impunidade como a garantia de que o negócio da corrupção nunca acaba.,"A impunidade é o alicerce que sustenta o edifício da corrupção brasileira. Ela é a garantia, dada pelo topo do sistema judiciário, de que as regras do jogo são diferentes para a elite do poder. As anulações em série das condenações da Lava Jato pelo STF não são atos de ""justiça"", mas de manutenção do negócio. São a mensagem clara de que, não importa o tamanho do roubo, sempre haverá um recurso, uma tecnicalidade, um ""amigo"" de toga para garantir que nenhum crime do colarinho branco receba a punição que merece.

Esta não é uma falha do sistema, é o seu design. A lei, que deveria ser a espada contra o crime, é usada como um escudo para proteger os criminosos mais poderosos. Ela se torna um labirinto de complexidades e recursos infinitos, projetado para exaurir a acusação e garantir a prescrição, enquanto o cidadão comum é esmagado pela mesma lei por infrações infinitamente menores.

Viva a cena: Você avança 2km/h acima do limite de velocidade em um radar escondido e, dias depois, a multa chega, implacável. Você a paga, sabendo que não há escapatória. Na mesma semana, você vê no noticiário que um político, condenado em três instâncias por desviar o equivalente a um milhão de multas como a sua, teve sua pena anulada por um único juiz em Brasília por um ""erro de CEP"" no processo. Naquele momento, você não sente raiva. Você sente nojo. Você entende que não vive sob o ""império da lei"", mas sob a tirania da hipocrisia, onde a lei é uma arma apontada para você e um manto protetor para eles.

A impunidade é a maior das ""janelas quebradas"". Ela grita para toda a nação que a honestidade é uma tolice e o crime é um investimento de baixo risco para quem tem os contatos certos. Enquanto a Justiça for um balcão de negócios para a elite, toda a conversa sobre combater a corrupção não passará de um teatro cínico e cruel.",48,3,"impunidade, lava jato, stf, corrupção, justiça, janelas quebradas, sistema, política","Pesquise por: ""Decisões do STF que anularam condenações da Lava Jato"".

Pesquise por: ""Lista de ministros do STF indicados por Lula e Dilma"" para entender as conexões políticas por trás das decisões.","A percepção de impunidade no topo do poder já o fez pensar ""por que eu deveria seguir as regras?"" em alguma situação?

Como podemos restaurar a confiança na Justiça quando seus guardiões mais altos são percebidos como agentes políticos?

O que é mais danoso para uma nação: o crime do ladrão ou a decisão do juiz que o liberta?",,
20.3,book,O sócio forçado: O imposto como imposição e o estrangulamento do trabalhador,A matemática cruel que revela por que você trabalha metade do ano para sustentar o sistema.,"A palavra ""imposto"" vem de ""imposição"". E é exatamente isso que ele é no Brasil: uma imposição violenta sobre o fruto do seu trabalho, executada por um sócio que você nunca escolheu, que não contribui com nada e que fica com a maior parte do lucro. A matemática do estrangulamento é brutal. Para que uma empresa consiga pagar a você um mísero salário bruto de R$ 3.500, ela precisa desembolsar, na verdade, quase R$ 7.000.

Onde está a diferença? Ela é devorada pelo seu sócio forçado, o Governo. A lista de tributos é infindável: INSS, FGTS, PIS, COFINS, IRPJ, CSLL, e tantos outros. E a extorsão não para aí. Do seu salário bruto de R$ 3.500, o Governo ainda morde outra fatia na forma de Imposto de Renda e mais INSS. No final, do esforço total que gerou R$ 7.000, talvez menos de R$ 3.000 cheguem de fato ao seu bolso. E com esse dinheiro, você ainda pagará imposto sobre TUDO o que consumir: no arroz, na gasolina, no celular, na conta de luz.

Viva a cena: Você recebe seu contracheque e vê o valor líquido. Depois, você vai ao supermercado. Pega um pacote de arroz e se lembra que quase metade do preço é imposto. Enche o tanque do carro e se lembra que mais da metade do valor é imposto. Compra uma blusa e se lembra que um terço do preço é imposto. Você percebe que é um prisioneiro em um sistema de servidão. Você trabalha, produz, gera riqueza, mas o fruto do seu esforço é constantemente confiscado por um sócio que, em troca, lhe oferece o quê? Ruas esburacadas, hospitais sem macas, escolas que não ensinam e a insegurança de saber que você pode ser assaltado na próxima esquina por um bandido que foi solto por um juiz.

O Estado brasileiro não falha em entregar serviços por acidente. Ele falha porque sua prioridade não é servir a você, mas se autosservir. Seu salário não paga por pontes e escolas; ele paga pela estabilidade, pelos salários altíssimos e pelas aposentadorias nababescas da burocracia que o estrangula, e pelo luxo da classe política que comanda a máquina.",48,4,"imposto, carga tributária, governo, ineficiência, estado, estrangulamento, política","Pesquise por: ""Calculadora de salário líquido CLT"" para simular o custo real de um funcionário para uma empresa.

Pesquise por: ""Impostômetro"" para ver em tempo real a quantidade de impostos arrecadados no Brasil.","Se uma empresa privada lhe cobrasse metade do seu salário e entregasse serviços com a mesma qualidade do Estado brasileiro, você continuaria a ser cliente dela?

Por que a discussão sobre ""reduzir impostos"" é tão frequentemente retratada como um ""ataque aos pobres"", quando na verdade a alta carga tributária é o que mais penaliza quem tem menos?

Que sentimento a constatação de que você é um ""sócio forçado"" do Estado lhe causa: resignação ou um desejo de mudança?",,
20.4,book,O estado estrangulador: A engenharia da dependência,Como o governo se tornou o maior obstáculo para a sua prosperidade.,"Se a corrupção é o roubo, o Estado brasileiro é a arma do crime. Longe de ser um promotor do desenvolvimento, ele foi transformado em um leviatã burocrático, um sócio forçado que estrangula a iniciativa privada e sabota a prosperidade individual. Esta não é uma falha de gestão; é um projeto. Um projeto de engenharia social que visa criar um cidadão fraco, dependente e subserviente, pois um povo próspero e independente é um povo difícil de controlar. Nesta segunda parte da nossa investigação, vamos analisar as ferramentas deste estrangulamento: a carga tributária confiscatória, o mito populista do ""gratuito"" e a mentalidade que prefere a esmola à dignidade do trabalho.",48,5,"estado, dependência, impostos, burocracia, populismo, liberdade econômica, estrangulamento, política","Pesquise por: ""Índice de Liberdade Econômica Heritage Foundation Brasil"" para ver a classificação do país.

Pesquise por: ""Custo Brasil: o que é e como afeta as empresas"".","Em sua experiência diária, o Estado brasileiro se apresenta mais como um parceiro que facilita sua vida ou como um adversário que a complica?

Por que a ideia de um Estado menor e menos interventor causa tanto medo em um país que é vítima diária da ineficiência e da corrupção estatal?

Você acredita que o objetivo do sistema é que você se torne próspero ou que você continue a precisar dos ""programas sociais"" para sobreviver?",,
20.5,book,"O mito do gratuito: A esmola populista e o custo real das ""bolsas""",Como a promessa do pão e circo esconde o roubo da sua dignidade.,"O populismo é a arte de dar com uma mão o que foi roubado com as duas. Sua ferramenta mais eficaz é o mito do ""gratuito"", a promessa sedutora de que o Estado pode lhe dar benefícios sem custo. Programas como o ""Bolsa Família"" não são atos de caridade, são instrumentos de engenharia social. O objetivo não é emancipar o pobre, mas torná-lo um dependente cativo do poder político, um eleitor que votará eternamente em seu benfeitor por medo de perder a esmola.

Enquanto Lula repete há mais de 20 anos seu sonho de que ""todo brasileiro possa tomar café da manhã"", seu partido orquestra desvios que permitiriam servir banquetes para a nação inteira. A lógica é perversa. Em vez de criar um ambiente de baixa tributação e liberdade econômica onde o cidadão possa, com seu próprio trabalho, comprar não só o café, mas o almoço e o jantar, o populismo prefere estrangular a economia e depois oferecer as migalhas do pão que ele mesmo roubou da sua mesa.

Viva a cena: Você conversa com um vizinho que é beneficiário de um programa social. Ele defende com unhas e dentes o político que lhe ""dá"" a bolsa. Você tenta argumentar que a inflação, causada pela gastança descontrolada do governo, já corroeu todo o valor do benefício. Tenta explicar que os impostos embutidos na comida que ele compra são muito maiores do que a bolsa que ele recebe. Mas é inútil. A psicologia da dependência foi criada. Ele não enxerga o político como o causador de sua pobreza estrutural, mas como o salvador que alivia seu sofrimento imediato. Ele trocou sua dignidade de longo prazo pela segurança da esmola de curto prazo.

Não existe nada ""gratuito"". A ""passagem de graça"" é paga com a falta de manutenção das ruas. A ""universidade gratuita"" é paga com a péssima qualidade do ensino básico e com o dinheiro que falta nos hospitais. A ""bolsa"" é paga com a inflação que empobrece a todos, especialmente os mais pobres. A gratuidade é o queijo na ratoeira do populismo, e o preço que se paga por ela é a sua liberdade.",48,6,"gratuito, populismo, bolsas, lula, esmola, dependência, estado, política","Pesquise no YouTube: ""Lula discurso café da manhã"" e compare vídeos de diferentes épocas para ver a repetição da mesma promessa.

Pesquise por: ""Argentina Kirchner bolsas populismo"" para ver o resultado final de décadas de políticas de dependência estatal: inflação de três dígitos e pobreza generalizada.","Por que a promessa de um benefício imediato do Estado é, para muitas pessoas, mais sedutora do que a promessa de liberdade e responsabilidade individual?

Como podemos mostrar a um dependente do Estado que ele não é um beneficiário, mas uma vítima de um sistema projetado para mantê-lo pobre?

Qual é a diferença fundamental entre a caridade (um ato voluntário de ajuda ao próximo) e a assistência social estatal (uma transferência forçada de recursos mediada pelo poder político)?",,
20.6,book,O sonho americano vs. o pesadelo brasileiro: Uma comparação de modelos,Por que lá eles criam a Apple e aqui nós lutamos para não fechar a padaria.,"A diferença de prosperidade entre os Estados Unidos e o Brasil não é um acidente geográfico ou um capricho do destino. É o resultado direto de dois modelos fundamentalmente opostos. O ""Sonho Americano"", em seu ideal, é baseado na premissa de que o indivíduo é o motor da prosperidade. O Estado deve sair do caminho, garantindo apenas a vida, a liberdade e a propriedade, com impostos baixos e pouca burocracia, para que o empreendedor possa criar, inovar e gerar riqueza.

O modelo brasileiro é o exato oposto. Ele parte da premissa de que o Estado é o motor de tudo, e o indivíduo é um súdito a ser controlado e taxado. A burocracia para se abrir uma empresa é um labirinto projetado para desestimular. A carga tributária é um monstro que devora o lucro antes mesmo que ele apareça. A legislação trabalhista transforma cada funcionário em um risco judicial. O sistema brasileiro não foi projetado para que você prospere; ele foi projetado para que você não quebre, e para que, se por milagre você prosperar, o Estado seja seu sócio majoritário.

Viva a cena: Imagine dois jovens, com a mesma ideia brilhante para um novo aplicativo. O americano abre sua empresa online em poucas horas, com um custo irrisório. No primeiro ano, quase todo o lucro é dele, para reinvestir e crescer. Ele contrata seus primeiros funcionários com flexibilidade. Em cinco anos, sua empresa vale milhões. O brasileiro passa meses em filas de cartórios e repartições, gastando uma fortuna antes mesmo de começar. Quando finalmente consegue vender algo, metade do faturamento vai para o governo. Para contratar um funcionário, ele assume um risco de passivo trabalhista que pode falir seu negócio. Em cinco anos, ele está exausto, lutando para pagar as contas, enquanto seu equivalente americano está planejando a abertura de capital na bolsa.

Não somos menos criativos ou menos trabalhadores. Somos simplesmente vítimas de um sistema projetado para punir o sucesso e recompensar a dependência. A prosperidade de uma nação é a soma da prosperidade de seus indivíduos. Ao estrangular o indivíduo, o Estado brasileiro condena a nação inteira ao pesadelo do subdesenvolvimento perpétuo.",48,7,"sonho americano, empreendedorismo, impostos, burocracia, prosperidade, liberdade econômica, política","Pesquise por: ""Ranking 'Doing Business' Banco Mundial Brasil"" para ver a posição vergonhosa do Brasil em indicadores de facilidade de abrir empresas, pagar impostos, etc.

Pesquise por: ""História de empreendedores brasileiros que se mudaram para os EUA"" para ler relatos em primeira mão sobre a diferença entre os dois ambientes de negócios.","Você já teve uma ideia de negócio que desistiu de levar adiante por causa da burocracia ou dos impostos?

Em sua opinião, o Estado brasileiro age como um parceiro ou como um adversário do cidadão que quer produzir e prosperar?

O que precisaria mudar fundamentalmente no Brasil para que pudéssemos ter o nosso próprio ""Sonho Brasileiro""?",,
20.7,book,A mentalidade por trás do projeto,Entendendo a ideologia que enxerga a corrupção como virtude e a prosperidade como ameaça.,"Para compreender a anatomia da desordem brasileira, não basta analisar os esquemas de corrupção; é preciso dissecar a mentalidade que os concebeu. A corrupção que vimos no Brasil nas últimas décadas não foi um simples ato de ganância, mas a aplicação de uma doutrina, a execução de uma estratégia de guerra. Nesta seção, vamos mergulhar na mente revolucionária que, derrotada no campo de batalha nos anos 70, encontrou no gramscismo e na política institucional o caminho para continuar a guerra por outros meios. Vamos entender como, para esta mentalidade, a moralidade comum é um obstáculo burguês, a corrupção é uma ferramenta legítima de financiamento da causa, e, o mais importante: a sua prosperidade e independência são a maior de todas as ameaças ao projeto de poder.

",48,8,"mentalidade revolucionária, ideologia, gramsci, foro de são paulo, subversão, poder, política","Pesquise por: ""Antonio Gramsci e o conceito de hegemonia cultural"".

Pesquise por: ""O que é o Foro de São Paulo e quais partidos fazem parte"".","Você já havia considerado que, por trás da corrupção, pode existir uma ideologia com um projeto de poder definido?

Como a ideia de ""guerra cultural"" ajuda a explicar as ações de certos grupos políticos que parecem ir contra o bom senso e o bem comum?

Se a prosperidade do cidadão é uma ameaça a este projeto, quais políticas públicas seriam criadas para impedir essa prosperidade? Você reconhece alguma delas no Brasil de hoje?",,
20.8,book,A guerra que não acabou: Da guerrilha ao palácio,Por que a prosperidade do cidadão é uma ameaça ao projeto de poder.,"A transição de figuras da luta armada para o poder não foi uma conversão à democracia; foi a continuação da guerra em outro campo de batalha. A mentalidade revolucionária, forjada na clandestinidade, não abandonou seus objetivos; ela apenas adaptou suas táticas. O objetivo final nunca deixou de ser a conquista da hegemonia e a implantação de um modelo socialista. Dentro desta lógica de guerra, a moralidade burguesa — conceitos como honestidade, propriedade privada, mérito individual — é vista como um obstáculo a ser superado.

É por isso que, para esta mentalidade, a corrupção não é um crime, mas uma virtude revolucionária. É a expropriação dos recursos do ""Estado burguês"" para financiar a causa. Mas a tática mais profunda e perversa é a guerra contra a sua prosperidade. Um cidadão próspero, educado e independente economicamente é um cidadão difícil de controlar. Ele não depende de bolsas, não se ilude com promessas populistas e tem recursos para se opor ao poder. Portanto, o objetivo estratégico da mentalidade revolucionária no poder não é criar um país de cidadãos prósperos, mas sim um país de dependentes do Estado.

Viva a cena: Imagine um fazendeiro que quer manter seu gado sempre no cercado. Ele não o alimenta com o melhor pasto, pois um gado forte e bem nutrido poderia arrebentar a cerca. Em vez disso, ele oferece apenas a ração mínima necessária para a sobrevivência, mantendo o rebanho fraco, apático e grato pela comida que recebe. A política do Estado brasileiro, guiada por esta mentalidade, age da mesma forma. A burocracia infernal, os impostos confiscatórios, as leis trabalhistas que desestimulam a contratação — tudo isso não é ""ineficiência"". É a cerca. As ""bolsas"" e ""ajudas"" são a ração. O objetivo é impedir que você se torne forte o suficiente para pular a cerca e viver sua própria vida.

A desordem econômica, a inflação e a estagnação não são falhas do projeto; são características essenciais dele. São as ferramentas que garantem que o rebanho permaneça no cercado, sonhando com o dia em que o fazendeiro, em sua infinita bondade, talvez aumente um pouco a ração.",48,9,"mentalidade revolucionária, guerrilha, poder, controle, estado, prosperidade, dependência, política","Pesquise por: ""Olavo de Carvalho A mentalidade revolucionária"" para encontrar aulas e textos que dissecam esta forma de pensar.

Pesquise por: ""Agenda 2030 e a mitigação da soberania individual"" para entender as conexões globais deste projeto de controle.","Você consegue identificar políticas públicas recentes que, sob um discurso de ""ajuda"", na verdade aumentam a dependência das pessoas em relação ao governo?

Por que a independência financeira e a autossuficiência do indivíduo são vistas como uma ameaça por regimes de inspiração socialista?

Em sua vida pessoal, você está a construir sua própria ""fazenda"" ou está a esperar pela ""ração"" do Estado?",,
21,shield,As sementes da desordem: A nova república (1985 - 2002),A preparação do terreno para o assalto final ao estado.,"A grande corrupção dos anos 2000 não nasceu do vácuo. Ela foi plantada e regada nas décadas anteriores, durante o período da Nova República. Foi um tempo de otimismo aparente, marcado pela redemocratização e pela estabilização da moeda, mas que, sob a superfície, construía as fundações institucionais e morais para o desastre que viria. Nesta seção, vamos analisar como a ""Constituição Cidadã"" criou um monstro estatal, como a agonia da hiperinflação e a falácia do tabelamento abriram caminho para uma estabilidade ilusória, e como os primeiros grandes esquemas de corrupção no congresso serviram de laboratório para o projeto de poder que tomaria o Brasil de assalto.
",49,1,"nova república, constituição de 88, plano real, anões do orçamento, corrupção, estado, política","Pesquise por: ""Críticas à Constituição de 1988 por economistas liberais"".

Pesquise por: ""História da inflação no Brasil antes do Plano Real"".","Você se lembra do período da Nova República? Qual era o sentimento geral na sociedade: de esperança ou de desconfiança com a classe política?

Como a ideia de que um documento (a Constituição) pode ter ""boas intenções"" mas gerar resultados perversos se aplica a outras áreas da vida?

Por que é tão difícil para uma nação perceber que está construindo as fundações de sua própria ruína?",,
20.10,book,"A constituição de 1988: A carta das ""boas intenções"" e dos resultados perversos","Como a ""constituição cidadã"" pariu um estado-babá e uma nação de dependentes.","Vendida ao povo como o ápice da democracia e dos direitos, a Constituição de 1988 é, na verdade, o documento que selou nosso destino de subdesenvolvimento. Ela é uma carta de intenções paternalista, que prometeu tudo a todos, criando direitos infinitos sem a contrapartida de deveres claros, e entregando ao Estado o poder de ser o grande provedor. O resultado foi a criação de um monstro burocrático, caro e ineficiente, um paraíso para o funcionalismo público com seus privilégios e uma masmorra para o cidadão produtivo.

A Constituição não criou apenas direitos à saúde ou à educação; ela detalhou centenas de regras, engessando a economia e dando a juízes o poder de legislar sobre tudo. Ela não apenas protegeu o trabalhador; ela tornou a contratação um pesadelo tão caro e arriscado que desestimula a criação de empregos. Ela não apenas criou um Estado de bem-estar social; ela criou um Estado-babá que trata o cidadão como um incapaz, minando a responsabilidade individual.

Viva a cena: Você decide abrir uma pequena cafeteria. Antes mesmo de vender o primeiro café, você se depara com um monstro de papel. São dezenas de alvarás, licenças, taxas e regulamentos. Você precisa contratar um contador apenas para entender a burocracia. Depois, para contratar seu primeiro funcionário, você descobre que o custo real é o dobro do salário. Após um ano de luta, exausto e endividado, você fecha as portas. A Constituição ""cidadã"" não o protegeu; ela o esmagou.

Esta máquina de moer sonhos, criada em 1988, era o terreno perfeitamente adubado para a corrupção. Um Estado que controla tudo, que regula tudo e que arrecada tudo é um Estado onde cada balcão de repartição pública se torna um ponto potencial de extorsão e cada licitação, uma oportunidade para o desvio.",49,2,"constituição de 88, estado, paternalismo, burocracia, direitos, deveres, ineficiência, política","Pesquise por: ""Número de servidores públicos no Brasil 1988 vs hoje"".

Pesquise por: ""Custo da burocracia para empresas no Brasil"".

Pesquise por: ""A Constutição do Império do Brasil""

Pesquise por: ""A Constituição Americana""","Em sua vida, de que forma a burocracia criada pelo Estado já foi um obstáculo para você realizar um projeto ou resolver um problema?

Você acredita que a solução para os problemas do Brasil é ""mais direitos"" na Constituição ou mais liberdade e responsabilidade para os indivíduos?

Como a cultura de esperar tudo do Estado, consagrada na Constituição de 88, enfraquece a sociedade civil e a iniciativa individual?",,
20.11,book,O pesadelo da hiperinflação: Vivendo no caos monetário,A vida em um país onde seu dinheiro derretia a cada hora.,"Para quem tem 30 anos ou menos, a hiperinflação é um conceito abstrato de livro de história. Mas para quem a viveu, foi um pesadelo real, diário e enlouquecedor. A hiperinflação é a consequência inevitável de governos irresponsáveis que, para pagar por suas próprias promessas populistas, obras faraônicas e corrupção, decidem simplesmente ""imprimir dinheiro"". Ao injetar trilhões de cruzeiros e cruzados sem lastro na economia, eles não criaram riqueza; eles destruíram o valor da moeda.

Viver na hiperinflação era viver em um estado de pânico constante. O preço do leite mudava da manhã para a tarde. Seu salário, recebido no início do mês, perdia metade do valor até o final. Guardar dinheiro era impossível; era como tentar segurar gelo sob o sol. A vida se resumia a uma corrida desesperada.

Viva a cena: É dia de pagamento. Sua mãe recebe o envelope com o salário. Ela não vai para casa. Ela corre, literalmente corre, do banco para o supermercado mais próximo. Ela sabe que precisa comprar tudo o que for possível, o estoque do mês inteiro, naquele exato momento. Porque se ela esperar até o dia seguinte, aquele mesmo dinheiro comprará muito menos. Ela passa horas na fila, empurrando um carrinho abarrotado, enquanto os funcionários do mercado correm pelas gôndolas com máquinas de remarcar preços, aumentando-os a cada hora. Essa não era uma cena de filme; era a realidade de milhões de famílias brasileiras.

Este caos não foi um acidente. Foi o resultado direto da desordem fiscal e moral de governantes que usaram a impressora de dinheiro como ferramenta política, roubando o poder de compra e o futuro de toda uma nação.",49,3,"hiperinflação, caos monetário, impressão de dinheiro, sarney, collor, política","Pesquise no YouTube: ""Reportagens sobre hiperinflação no Brasil anos 80 e 90"".

Pesquise por: ""Inflação mensal Brasil governo Sarney"".","Imagine se, ao final de cada dia, o dinheiro na sua carteira valesse 2% a menos. Que decisões você tomaria? Como isso afetaria sua paz e sua capacidade de planejar o futuro?

Como a experiência da hiperinflação pode ter moldado a mentalidade do brasileiro em relação a poupança, investimento e confiança no governo?

Você percebe a inflação de hoje, mesmo que menor, como o mesmo fenômeno: o governo a imprimir dinheiro para pagar suas contas e, no processo, a roubar o valor do seu trabalho?",,
20.12,book,"A falácia do tabelamento: A ""canetada"" que gera a escassez","Como o ""pai bonzinho"" que controla preços esvazia as prateleiras.","No auge do desespero da hiperinflação, os governos populistas recorreram à sua ""solução"" mágica preferida: o tabelamento de preços. A ideia, vendida como um ato de proteção ao povo, era simples e totalitária: por decreto, o governo proibia os comerciantes de aumentar os preços. Parecia uma ótima ideia, mas ela ignora a lei mais fundamental da economia, que é tão real quanto a lei da gravidade: a lei da oferta e da demanda.

Um produto tem um custo. Se o governo, com uma ""canetada"", força um produtor a vender seu produto por um preço abaixo do seu custo de produção, ele não continuará a produzir por patriotismo. Ele para de produzir. O resultado inevitável do tabelamento de preços não é a justiça social, mas a escassez. As prateleiras dos supermercados ficam vazias, e o produto só passa a ser encontrado no mercado negro, por um preço muito maior.

Viva a cena: Você é uma confeiteira talentosa. Usa os melhores ingredientes para fazer um bolo delicioso. O custo de seus ingredientes e de seu trabalho é R$ 50. Mas o governo, o ""pai bonzinho"", decreta que todos os bolos do país devem ser vendidos por R$ 30 para ""combater a inflação"". Qual a sua escolha? Você tem duas: ou começa a fazer o bolo com ingredientes de péssima qualidade para tentar não ter prejuízo, enganando seu cliente, ou simplesmente para de fazer bolos. Em ambos os casos, a ""canetada"" do governo não gerou justiça; ela destruiu a qualidade e a oferta.

O tabelamento é a manifestação da arrogância de um governo que acredita poder revogar a realidade por decreto. É uma mentira que agrada às massas no curto prazo, mas que cria a fome e a miséria no médio prazo. É a prova de que a intervenção estatal na economia, mesmo com as ""melhores intenções"", quase sempre gera resultados perversos.",49,4,"tabelamento de preços, lei da oferta e demanda, escassez, governo, sarney, política","Pesquise por: ""Plano Cruzado e o congelamento de preços"".

Pesquise por: ""Fiscais do Sarney e o sumiço da carne nos supermercados"".","Se o controle de preços funcionasse, por que os governos não decretam que todos os produtos devem ser gratuitos? Qual é o limite para essa lógica?

De que forma a tentativa do governo de controlar o preço de um produto é um desrespeito ao trabalho, ao esforço e à propriedade de quem o produz?

Você consegue ver paralelos entre o tabelamento de preços e outras tentativas do governo de controlar a economia hoje, como a definição de um ""preço mínimo"" para certos serviços?",,
20.13,book,O plano real e a estabilidade ilusória,A cortina de fumaça que escondeu a decadência moral.,"O Plano Real, em 1994, foi o equivalente a dar um analgésico potente a um doente com câncer. Ele atacou um sintoma terrível e visível — a hiperinflação — e trouxe um alívio imenso e necessário. A sensação de poder voltar a fazer compras sem que os preços mudassem em questão de horas foi real. O problema é que o analgésico foi confundido com a cura. A estabilização da moeda serviu como uma cortina de fumaça, uma ilusão de ordem que mascarou a contínua deterioração moral e a completa ausência de reformas estruturais no Estado inchado que a Constituição de 88 havia criado.

Enquanto a população celebrava o fim da inflação, a classe política continuava o seu projeto de poder. Sob o governo de Fernando Henrique Cardoso, a máquina de corrupção foi sendo aprimorada. Foi a era da ""privataria"", onde estatais foram vendidas em processos cercados de suspeitas, e da compra de votos para a emenda da reeleição. A estabilidade da moeda deu ao brasileiro a sensação de normalidade, fazendo-o baixar a guarda. Foi o momento perfeito para os cupins roerem as vigas da casa sem que o morador, feliz com a pintura nova na parede, percebesse.

Viva a cena: É 1995. Pela primeira vez em anos, você consegue fazer um planejamento financeiro. Você financia um carro, sonha com a casa própria. O país parece estar entrando nos eixos. Você olha para os políticos em Brasília e, apesar dos escândalos que começam a pipocar, pensa: ""Pelo menos a economia está estável"". Você não percebe que, enquanto você se distrai com seu novo poder de compra, as raposas estão redefinindo as regras do galinheiro, preparando o terreno para o assalto em escala industrial que viria na década seguinte.

O Plano Real não foi um erro, foi uma necessidade. Mas seu sucesso parcial gerou uma complacência fatal. Ele nos ensinou a lição perigosa de que a ordem econômica pode existir sem uma ordem moral correspondente. A estabilidade sem virtude é apenas um intervalo entre uma crise e a próxima.",49,5,"plano real, estabilidade, fhc, moeda, cortina de fumaça, política","Pesquise por: ""Escândalo da compra de votos para a reeleição de FHC"".

Pesquise por: ""Críticas e suspeitas sobre as privatizações no governo FHC"".

Pesquise por: ""Criação das agências governamentais por FHC, o que elas na verdade são?""","Você se lembra da sensação de alívio com o fim da hiperinflação? Essa sensação o tornou, na época, mais ou menos crítico em relação à classe política?

De que forma uma aparente ""estabilidade"" na sua vida pessoal (um emprego seguro, um relacionamento confortável) pode estar mascarando problemas mais profundos que você está evitando?

O que é mais importante para a saúde de uma nação a longo prazo: a estabilidade da moeda ou a integridade de seus líderes?",,
20.14,book,"Os ""anões do orçamento"": O laboratório do grande roubo",O ensaio geral para o mensalão e o petrolão.,"Antes do Mensalão e do Petrolão, houve um ensaio geral, um laboratório onde a mecânica do desvio de dinheiro público em larga escala foi testada e aprimorada. Este foi o escândalo dos ""Anões do Orçamento"", revelado em 1993. O esquema era, em sua essência, o protótipo do que viria depois. Um grupo de parlamentares se uniu para manipular o Orçamento da União, inserindo emendas que destinavam milhões de reais para obras e projetos em seus redutos eleitorais.

O dinheiro, no entanto, não chegava ao seu destino. As obras eram superfaturadas ou nem sequer saíam do papel. O dinheiro era desviado para empreiteiras fantasmas e, então, retornava para o bolso dos parlamentares e para o financiamento de suas campanhas. O líder do esquema, João Alves de Almeida, um deputado de baixa estatura (daí o nome ""anões""), chegou a admitir ter mais de 500 contas bancárias. O escândalo mostrou que o Congresso Nacional não era mais apenas um lugar de debates, mas havia se tornado um balcão de negócios.

Viva a cena: Imagine uma pequena cidade do interior, esquecida pelo poder público. Um dia, o deputado da região anuncia, com grande festa, uma emenda de milhões para a construção de um hospital. A população comemora, a esperança renasce. Os anos passam. No local da obra, apenas uma placa e o mato crescendo. O hospital nunca foi construído. O dinheiro desapareceu. Mas, na eleição seguinte, o mesmo deputado se reelege, distribuindo cestas básicas e pequenas benesses, compradas com o dinheiro que deveria ter salvado vidas.

Os ""anões do orçamento"" foram a prova de conceito. Eles ensinaram à classe política que o Orçamento da União era uma fonte quase infinita de recursos para o enriquecimento ilícito e a perpetuação no poder. A impunidade da maioria dos envolvidos enviou a mensagem de que o crime compensava. A mecânica estava validada. O passo seguinte seria aplicar o mesmo modelo não apenas com emendas, mas com o controle direto das maiores estatais e ministérios do país. O Mensalão e o Petrolão não foram uma invenção, foram uma escalada.",49,6,"anões do orçamento, joão alves, corrupção, congresso, emendas, mensalão, petrolão, política","Pesquise por: ""Como funcionava o esquema dos Anões do Orçamento"".

Pesquise por: ""Lista de parlamentares envolvidos no escândalo dos Anões do Orçamento e quais foram punidos"".","Como a ideia de que ""todo político rouba, mas esse pelo menos faz alguma coisa"" ajuda a perpetuar esquemas como o dos Anões do Orçamento?

A mecânica de desviar dinheiro através de ""emendas parlamentares"" ainda existe hoje?

Qual é sua responsabilidade, como eleitor, ao votar em políticos que usam o orçamento público para fazer clientelismo em vez de obras estruturantes?",,
21,Avatar1,Ordem e regresso: O projeto modernista e o estado onipresente (1954 - 1985),O delírio do progresso a qualquer custo e a construção do leviatã.,"Para entender a Nova República, precisamos voltar um pouco mais. O período que vai dos anos 50 aos 80 foi marcado por um projeto de nação conhecido como ""desenvolvimentismo"". A ideia central era a de que o Brasil precisava queimar etapas, ""progredir"" a qualquer custo, e o motor para isso seria o Estado. Foi a era das grandes obras, do planejamento central e da expansão massiva do poder estatal sobre a economia e a vida das pessoas. Nesta seção, vamos desconstruir o mito de governos como o de Juscelino Kubitschek, analisar o projeto ideológico por trás da construção de Brasília e entender como o Regime Militar, apesar de combater a subversão comunista, paradoxalmente fortaleceu o monstro estatal que seria depois capturado pela esquerda.
",50,1,"modernismo, jk, brasília, regime militar, estado, desenvolvimentismo, dívida, estatais, política","Pesquise por: ""Ideologia do desenvolvimentismo no Brasil"".

Pesquise por: ""Críticas ao modelo de substituição de importações"".","A ideia de ""progresso"" é sempre positiva? Que tipo de ""progresso"" pode, na verdade, ser um caminho para a desordem?

Em sua opinião, o Estado deve ser o ""motor"" do desenvolvimento ou o ""guardião"" das regras para que os indivíduos possam se desenvolver livremente?

Como a promessa de um ""futuro brilhante"" pode ser usada para justificar sacrifícios e a perda de liberdade no presente?",,
21.1,book,"Juscelino kubitschek e o delírio modernista dos ""50 anos em 5""",A troca do futuro da nação pela glória de um mandato.,"Juscelino Kubitschek é vendido na história oficial como um visionário, o presidente ""bossa nova"" que modernizou o Brasil com seu lema ""50 anos em 5"". A verdade é muito mais sombria. O governo JK não foi o do progresso, mas o do início do ciclo vicioso de dívida pública massiva, inflação galopante e obras faraônicas que estabeleceram o modelo de promiscuidade entre o Estado e as grandes empreiteiras, a semente do Petrolão.

Para cumprir sua promessa delirante, JK ligou as impressoras de dinheiro e abriu as portas para o endividamento externo. A inflação, que era controlada, explodiu, corroendo o poder de compra do trabalhador. A construção de Brasília, a um custo astronômico e sem planejamento financeiro, drenou os recursos da nação. Este modelo, de ""crescimento"" baseado em gasto público e endividamento, se tornaria a cartilha de todos os governos populistas que vieram depois. A conta dos ""50 anos em 5"" nós estamos pagando até hoje, com juros.

Viva a cena: Imagine que você decide reformar sua casa em um mês, um trabalho que levaria um ano. Para isso, você pega empréstimos altíssimos no banco, estoura o limite de todos os seus cartões de crédito e contrata a empreiteira mais cara, que é de um amigo seu. Ao final do mês, a casa está pronta. Seus vizinhos o aplaudem. Você se sente um gênio. Mas, no mês seguinte, as contas chegam. Você não consegue pagar. O banco toma sua casa e você vai à falência. JK fez exatamente isso, mas com um país inteiro.

O ""mérito"" de JK foi ter torrado o futuro do Brasil para construir sua glória no presente. Ele nos deu a ilusão do progresso, mas nos legou a realidade da dívida e da inflação, que se tornariam doenças crônicas da economia brasileira e o ambiente perfeito para a corrupção florescer.",50,2,"juscelino kubitschek, jk, desenvolvimentismo, dívida pública, inflação, brasília, corrupção, política","Pesquise por: ""Dívida externa e inflação durante o governo JK"".

Pesquise por: ""Custo da construção de Brasília valores corrigidos"".","O que é mais importante para um país: um crescimento rápido e insustentável que gera euforia no presente, ou um crescimento lento e sólido que garante a prosperidade no futuro?

De que forma a mentalidade do ""crescimento a qualquer custo"" pode levar à irresponsabilidade e à corrupção?

Você consegue ver paralelos entre o modelo de governo de JK e o de políticos mais recentes no Brasil?",,
21.2,book,Brasília: A capital do apagamento e o templo do estado,A arquitetura como uma arma para isolar o poder e apagar a história.,"Brasília não nasceu apenas como uma capital. Nasceu como um projeto político-ideológico. A transferência da capital do Rio de Janeiro foi a tentativa de ""reinventar"" o Brasil, apagando as memórias, os heróis e as tradições de um passado que a elite modernista e positivista julgava ""atrasado"". Enquanto capitais como Londres e Washington são templos da memória, com estátuas de seus heróis em cada praça, Brasília é o templo do vazio. Seus monumentos não homenageiam homens virtuosos, mas formas abstratas de concreto, e sua arquitetura, de inspiração socialista, prioriza o coletivo impessoal em detrimento da escala humana.

O projeto de Lúcio Costa e Oscar Niemeyer é uma ferramenta de poder. O urbanismo em ""superquadras"" e as longas distâncias criam uma cidade onde não há ""esquina"", não há encontro casual, não há povo na rua. O poder, isolado na Praça dos Três Poderes, fica fisicamente separado da população que deveria servir. É a materialização do divórcio entre governantes e governados. O funcionário público, com seu salário altíssimo e sua estabilidade vitalícia, vive em uma bolha, sem contato com a realidade do Brasil que ele supostamente administra.

Viva a cena: Em Londres, um cidadão pode caminhar pela Parliament Square e ver, cara a cara, a estátua de Churchill, um lembrete constante da coragem e do sacrifício que fundaram aquela democracia. No Rio de Janeiro, o povo podia protestar em frente ao Palácio do Catete. Em Brasília, para protestar, você precisa marchar por um gramado vazio e gritar para palácios de vidro distantes e impessoais. A arquitetura não o convida a participar; ela o informa da sua insignificância diante da majestade do Estado.

Brasília é, portanto, a declaração em concreto de que, no Brasil, a história não importa, os heróis devem ser esquecidos e o verdadeiro soberano não é o povo, mas a burocracia anônima e o Estado.",50,3,"brasília, arquitetura, modernismo, socialismo, oscar niemeyer, lúcio costa, memória, política","Pesquise por: ""Críticas à arquitetura e urbanismo de Brasília"".

Pesquise por: ""Simbolismo socialista na obra de Oscar Niemeyer"".","Como a ausência de monumentos a heróis e a preferência por uma arquitetura abstrata e fria podem afetar a identidade e o patriotismo de um povo?

A ideia de ""começar do zero"", apagando o passado, é um ato de progresso ou de arrogância?

Se você pudesse erguer uma estátua na Praça dos Três Poderes, a quem ela homenagearia e por quê?",,
21.3,book,O regime militar: O combate à subversão e a expansão do leviatã,A contradição de lutar contra o comunismo fortalecendo o estado.,"O Regime Militar de 1964 é uma das fases mais complexas e mal compreendidas da nossa história. De um lado, é inegável que ele cumpriu um papel crucial ao derrotar a guerrilha comunista que, financiada por Cuba, tentava instalar uma ditadura totalitária no Brasil. A vitória contra a subversão armada foi a grande legitimidade do regime. No entanto, aqui reside a grande e trágica contradição: para combater o comunismo, os militares adotaram as ferramentas do inimigo.

Em vez de promoverem uma economia de livre mercado e diminuírem o poder do Estado, eles aprofundaram o modelo desenvolvimentista de JK. Centralizaram o poder em Brasília, intervieram maciçamente na economia e criaram uma quantidade absurda de empresas estatais, como a Telebrás e a Eletrobrás. Eles combateram o socialismo revolucionário, mas fortaleceram o socialismo burocrático. Eles mataram o leão, mas engordaram o Leviatã estatal.

Viva a cena: Imagine que sua casa está infestada de cupins (a subversão comunista). Você chama um dedetizador (os militares). Ele extermina os cupins com sucesso. Mas, para ""proteger"" a casa de futuras infestações, ele decide selar todas as janelas, trancar todas as portas e instalar um sistema de vigilância que controla tudo e todos dentro da casa. Você está livre dos cupins, mas se tornou um prisioneiro em sua própria casa.

Esta foi a herança paradoxal do regime militar. Eles nos livraram da ditadura do proletariado, mas nos deixaram um Estado onipresente e todo-poderoso. E este mesmo Estado, inchado e cheio de estatais, seria, anos mais tarde, o prêmio perfeito, a fortaleza já construída que a esquerda, agora pela via democrática, precisaria apenas capturar, aparelhar e usar para o seu próprio projeto de poder. Os militares ganharam a batalha, mas, sem perceber, prepararam o terreno para que o inimigo vencesse a guerra.",50,4,"regime militar, ditadura, anticomunismo, estado, estatais, leviatã, contradição, política","Pesquise por: ""Criação de empresas estatais durante o regime militar"".

Pesquise por: ""O milagre econômico brasileiro e suas contradições"".","É possível combater uma ideologia (como o comunismo) usando as mesmas ferramentas do inimigo (como o controle estatal da economia)?

Como o medo do ""caos"" (a subversão) pode levar uma sociedade a aceitar a perda da liberdade em troca de ""ordem""?

Se os militares tivessem, em vez de expandir o Estado, promovido uma ampla liberalização da economia e a privatização, a história recente do Brasil teria sido diferente?",,
21.4,book,O indivíduo no centro da batalha,Entendendo sua posição no tabuleiro da desordem brasileira.,"Após dissecar a máquina da corrupção e a mentalidade que a dirige, o foco da investigação se volta para o ponto mais importante e decisivo do campo de batalha: você. Diante de um projeto de poder tão vasto e entrincheirado, qual é o seu papel? É fácil se ver apenas como uma vítima impotente, e em grande parte somos. Mas a verdade, como sempre, é mais complexa e exigente. A máquina da desordem só funciona com a nossa cooperação, seja ela ativa ou passiva. Nesta seção final da nossa autópsia, vamos explorar a fronteira tênue entre cumplicidade e vitimização, não para gerar culpa, mas para despertar a consciência. A tomada do Brasil começa com a retomada de si mesmo.
",50,5,"indivíduo, responsabilidade, cúmplice, vítima, consciência, ação, mudança, política","Pesquise por: ""Viktor Frankl A última das liberdades humanas"" para ler sobre a capacidade de escolher a própria atitude em qualquer circunstância.

Pesquise por: ""Edmund Burke e a sociedade como um contrato entre os mortos, os vivos e os que hão de nascer"" para entender sua responsabilidade histórica.","Qual é a sua reação mais comum diante da desordem brasileira: a indignação que leva à ação, a indignação que leva à paralisia, ou a indiferença?

Você acredita que a mudança no Brasil virá de um ""grande salvador"" ou da soma de milhões de pequenas mudanças individuais?

Qual é a sua maior responsabilidade, como indivíduo, nesta batalha pela ordem do seu país?",,
21.5,book,O espelho da nação: Você é cúmplice ou vítima do sistema?,"A fatura da ""gratuidade"" e a responsabilidade por exigir a própria coleira.","A cumplicidade com o sistema não se dá apenas no ""jeitinho"" ou na pequena corrupção. Ela se manifesta de forma ainda mais perigosa na aceitação e na exigência do modelo populista. Cada vez que um cidadão vai às ruas exigir uma ""gratuidade"" do Estado — seja transporte, universidade ou conta de luz —, ele está, sem perceber, a pedir por mais impostos, mais controle e menos liberdade. Ele está a exigir que o governo lhe coloque a coleira, em troca de um prato de ração.

A desonestidade intelectual de culpar o ""sistema"" e, ao mesmo tempo, exigir mais dele, é o que alimenta o ciclo da desordem. O cidadão que exige a universidade ""gratuita"" é o mesmo que depois reclama da falta de leitos no hospital, sem entender que o dinheiro que financia uma coisa é retirado da outra. Ele não conecta o fato de que, para sustentar uma minoria de estudantes universitários (muitos dos quais poderiam pagar), o Estado precisa esmagar com impostos a maioria da população que nunca pisará numa faculdade.

Viva a cena: Uma manifestação fecha a avenida principal da sua cidade. A pauta: ""Passe livre para estudantes!"". Jovens gritam palavras de ordem, sentindo-se virtuosos em sua luta por ""direitos"". Você, preso no engarrafamento, observa. Você vê o trabalhador que está perdendo um dia de serviço. Você pensa na sua vizinha idosa, que paga o IPTU em dia e que não usa ônibus, mas cujo dinheiro financiará a ""gratuidade"" dos estudantes. Você percebe que aquilo não é uma luta por justiça, mas uma luta de um grupo de interesse para forçar os outros a pagarem por seu privilégio. A gratuidade é a socialização do custo e a privatização do benefício.

A cumplicidade está em aceitar esta farsa. A vitimização é a consequência inevitável. A verdadeira libertação começa no momento em que o indivíduo para de exigir ""direitos gratuitos"" do Estado e começa a exigir o único direito que realmente importa: o direito de ficar com o fruto do seu próprio trabalho e decidir por si mesmo como usá-lo. Enquanto a mentalidade for a de pedir mais do Estado, o resultado será sempre ter menos liberdade e menos prosperidade.",50,6,"cúmplice, vítima, jeitinho, populismo, impostos, responsabilidade, consciência, política","Pesquise por: ""Frédéric Bastiat 'O que se vê e o que não se vê'"". O ensaio clássico sobre os custos ocultos de todas as ações governamentais, a vacina perfeita contra o mito do ""gratuito"".

Pesquise por: ""Thomas Sowell e a falácia do custo zero"".","Você já apoiou ou exigiu alguma política ""gratuita"" sem pensar em quem pagaria a conta e quais seriam as consequências invisíveis?

Como podemos construir uma cultura de responsabilidade individual em um país treinado para terceirizar todas as soluções para o Estado?

Qual é a diferença entre um direito (algo que você tem por natureza, como a vida e a liberdade) e um serviço (algo que precisa ser pago por alguém)? Por que a confusão entre esses dois conceitos é tão perigosa?",,
22,flag,O pai dos pobres e a mãe da desgraça: A era vargas (1930 - 1954),A invenção do populismo e a criação do estado-pai.,"Para entender por que o brasileiro de hoje tantas vezes espera tudo do Estado, como um filho espera de um pai, precisamos voltar à sua origem: Getúlio Vargas. A Era Vargas não foi apenas um período político; foi a fundação psíquica do Brasil moderno. Foi aqui que se forjou o molde de todos os populistas futuros. Vargas, com uma genialidade maquiavélica, percebeu que o poder mais duradouro não é o que se impõe pela força, mas o que se concede como um ""presente"". Nesta seção, vamos dissecar como Vargas criou a figura do ""Estado-Pai"", a propaganda que o divinizou, as leis que criaram uma jaula dourada para o trabalhador e a ditadura que se escondeu sob o rosto de um protetor.

",51,1,"era vargas, getúlio vargas, populismo, estado novo, clt, ditadura, política","Pesquise por: ""A propaganda política durante o Estado Novo e o DIP"".

Pesquise por: ""O culto à personalidade de Getúlio Vargas"".","A ideia de um líder como ""pai dos pobres"" é reconfortante ou assustadora para você? Por quê?

De que forma a propaganda governamental de hoje ainda usa as técnicas de culto à personalidade criadas por Vargas?

O que uma nação perde quando troca sua liberdade pela segurança oferecida por um ""Estado-Pai""?",,
22.1,book,Getúlio vargas: O arquiteto do populismo brasileiro,O molde do líder carismático que oferece a salvação através do estado.,"Getúlio Vargas não tomou o poder em 1930 apenas com armas; ele o conquistou e o manteve ao capturar a imaginação e a alma do povo brasileiro. Ele foi o arquiteto do populismo nacional, criando um modelo que seria copiado à exaustão por todos que vieram depois. As três ferramentas de sua construção foram: o culto à personalidade, a propaganda estatal massiva e a criação de uma relação de dependência entre o cidadão e o Estado.

Primeiro, ele se vendeu não como um político, mas como um salvador, o ""Pai dos Pobres"". Sua imagem era onipresente, seu nome estava nos livros escolares, sua voz no rádio. Segundo, ele criou o DIP (Departamento de Imprensa e Propaganda), a mais poderosa máquina de propaganda da história do Brasil, que censurava opositores e produzia incessantemente filmes, cartazes e programas de rádio que exaltavam o líder e suas obras. Terceiro e mais importante, ele entendeu que um povo dependente é um povo dócil. Cada ""direito"" concedido pelo Estado era, na verdade, uma corrente a mais, prendendo o cidadão à benevolência do governante.

Viva a cena: É 1940. Uma criança na escola abre seu livro de leitura. A lição não é sobre Pedro Álvares Cabral, mas sobre Getúlio, o ""amigo das crianças"". Em casa, a família se reúne em volta do rádio para ouvir o programa ""Hora do Brasil"", que transmite as ""boas novas"" do governo. O pai, operário, orgulha-se dos ""direitos"" que Vargas lhe deu, sem perceber que sua liberdade de negociar seu próprio trabalho e de se associar livremente foi trocada por uma tutela estatal. A figura de Vargas se torna quase divina, uma entidade onipresente que cuida de tudo e de todos.

Vargas não criou apenas políticas; ele criou uma mentalidade. Ele ensinou ao brasileiro que a solução para seus problemas não vem de seu próprio esforço, de sua comunidade ou de Deus, mas de um homem e de uma sigla em Brasília. A desgraça dessa lição ecoa até hoje.",51,2,"getúlio vargas, populismo, propaganda, dip, estado, dependência, política","Pesquise no YouTube: ""Propaganda do Estado Novo Getúlio Vargas"" para ver e ouvir os materiais produzidos pelo DIP.

Pesquise por: ""Como o DIP controlava a imprensa na Era Vargas"".","Você consegue identificar políticos atuais que usam o mesmo tripé de Vargas (culto à personalidade, propaganda massiva e criação de dependência) para se manter no poder?

De que forma a educação que você recebeu na escola retratava a figura de Getúlio Vargas?

Qual o perigo de admirar um político a ponto de desenvolver um ""culto à personalidade""?",,
22.2,book,A CLT e a jaula dourada do trabalhador,"O ""presente"" que aprisionou o trabalhador e estrangulou o empreendedorismo.","A Consolidação das Leis do Trabalho (CLT), de 1943, é a obra-prima do populismo varguista. Vendida como a ""libertação"" do trabalhador, ela foi, na verdade, a construção de sua jaula dourada. Ao criar uma teia complexa de ""direitos"" (férias, 13º, etc.) e uma Justiça do Trabalho tendenciosa, a CLT tornou a contratação de um funcionário um ato de altíssimo risco e custo para qualquer empreendedor.

O resultado não foi a proteção, mas a precarização. A CLT desestimulou a contratação formal, criando um exército de trabalhadores informais sem direito algum. Ela engessou o mercado, impedindo arranjos mais flexíveis e produtivos. E, o mais perverso de tudo: ela deu um poder desproporcional a sindicatos controlados pelo Estado, transformando-os em massas de manobra política e fontes de corrupção, financiados por um imposto sindical obrigatório. Para cada trabalhador que se sente ""protegido"" pela CLT, há um desempregado que nunca conseguiu uma vaga por causa dela e um pequeno empresário que faliu tentando cumpri-la.

Viva a cena: Você é dono de uma pequena marcenaria e sonha em contratar seu primeiro ajudante para expandir o negócio. Você faz as contas. O salário que você pode pagar é R$ 2.000. Mas, ao colocar na ponta do lápis os custos da CLT (INSS, FGTS, férias, 13º, risco de processo trabalhista), você descobre que o custo real desse funcionário será de quase R$ 4.000. Você olha para sua margem de lucro e percebe que é impossível. Com o coração apertado, você desiste da contratação. Naquele momento, a CLT não protegeu ninguém. Ela impediu a criação de um emprego, o crescimento de um negócio e a prosperidade de duas famílias.

A CLT não foi um presente. Foi um cavalo de Troia. Sob a aparência de proteção, ela instalou dentro da economia brasileira os soldados da burocracia, do atraso e da dependência, garantindo que o ""Pai dos Pobres"" sempre teria uma legião de ""filhos"" desempregados e necessitados de sua ajuda.",51,3,"clt, leis trabalhistas, sindicatos, desemprego, empreendedorismo, vargas, política","Pesquise por: ""Custo de um funcionário para a empresa no Brasil CLT"".

Pesquise por: ""Flexibilização das leis trabalhistas e geração de empregos em outros países"".","Você enxerga a CLT como uma proteção indispensável ou como um obstáculo à geração de empregos?

Se você fosse um empreendedor, se sentiria seguro para contratar funcionários sob as regras atuais da CLT?

Como a ideia de ""direitos garantidos por lei"" pode, na prática, gerar a falta de oportunidades reais de trabalho?",,
22.3,book,O estado novo: A ditadura com rosto paternalista,"A supressão da liberdade em nome de um ""bem maior"".","O populismo de Vargas não era apenas uma estratégia de propaganda; quando necessário, ele mostrava suas garras autoritárias. O Estado Novo, implantado por um autogolpe em 1937, foi uma ditadura escancarada, inspirada nos modelos fascistas europeus. O Congresso foi fechado, partidos políticos foram extintos, oposicionistas foram presos, torturados e exilados.

O mais revelador, no entanto, foi a justificativa para tudo isso. A supressão das liberdades não foi apresentada como um ato de tirania, mas como uma necessidade para proteger a nação do ""caos"" da democracia liberal e da ""ameaça"" comunista. A ditadura vestiu a máscara do paternalismo. Vargas não era um ditador, era o ""pai"" enérgico que precisava colocar os filhos rebeldes na linha para o bem da família. Era a supressão da liberdade em nome de uma suposta ""ordem"" e de um ""bem maior"" nacional, definido, é claro, pelo próprio ditador.

Viva a cena: Você é um jornalista em 1940. Você descobre um caso de corrupção em um ministério do governo. Prepara sua matéria, com fatos e provas. Antes de publicar, porém, você precisa submeter o texto a um censor do DIP. O censor lê e, com um sorriso cínico, proíbe a publicação. O motivo? A matéria poderia ""gerar instabilidade"" e ""manchar a imagem do governo"", que está ""trabalhando tanto pelo progresso do Brasil"". Você entende, naquele momento, que a verdade se tornou irrelevante. A única ""verdade"" permitida é a que serve aos interesses do poder.

O Estado Novo nos deixou uma de suas heranças mais duradouras e perigosas: a ideia de que a liberdade individual pode e deve ser sacrificada no altar de um ""bem comum"" abstrato, definido pelo Estado. Este discurso, o de que é preciso calar vozes e suprimir direitos para ""proteger a democracia"" ou ""combater o ódio"", é o mesmo eco da ditadura de Vargas que ouvimos ressoar, com outras palavras, no Brasil de hoje.",51,4,"estado novo, ditadura, vargas, autoritarismo, censura, liberdade, política",,"Você acredita que existem situações em que o governo tem o direito de censurar a imprensa ou restringir a liberdade de expressão em nome de um ""bem maior""?

Como a justificativa de ""combater um inimigo"" (seja ele o comunismo, o fascismo, as ""fake news"") pode ser usada para legitimar atos autoritários?

Qual é a linha que separa um governo forte de uma ditadura?",,
22.4,book,A república dos coronéis: As fundações da desordem (1889 - 1930),A troca da ordem imperial pela lei do mais forte.,"A Era Vargas e seu populismo não surgiram no vácuo. Eles foram uma reação e, ao mesmo tempo, uma continuação da desordem que marcou a primeira fase da República brasileira. O período que vai do golpe de 1889 a 1930, conhecido como República Velha ou República do Café com Leite, foi a época em que as fundações da desordem institucional e moral do Brasil moderno foram solidamente assentadas. Foi a troca de uma monarquia constitucional estável pela lei do mais forte, disfarçada de república. Nesta seção, vamos entender o pecado original de 1889, a mecânica do poder oligárquico e a origem da cultura do ""jeitinho"".

",51,5,"república velha, coronelismo, café com leite, golpe de 1889, oligarquia, política","Pesquise por: ""História da Primeira República Brasileira"".

Pesquise por: ""Oligarquias na República Velha"".","A palavra ""República"" significa ""coisa pública"". O período da República Velha honrou esse nome ou tratou o Brasil como ""coisa privada"" de alguns poucos?

Como a ideia de que o Brasil foi fundado sobre um ""pecado original"" político muda sua percepção da nossa história?

O que você sabe sobre o Império do Brasil, que veio antes da República? Por que esse período é tão pouco e tão mal ensinado nas escolas?",,
22.5,book,O golpe de 1889: O pecado original da república,A derrubada de uma monarquia próspera por uma elite ressentida.,"A mecânica da República Velha só era possível por causa de uma figura central na vida brasileira: o ""coronel"". Com o poder do Estado central enfraquecido e distante, o poder real no interior do Brasil estava nas mãos dos grandes latifundiários. O coronel não era apenas um homem rico; ele era a lei. Ele resolvia disputas, emprestava dinheiro, oferecia proteção e punia seus inimigos. Sua vontade pessoal estava acima de qualquer código ou constituição.

Neste universo, a justiça não era cega. Ela tinha nome e endereço. A lealdade ao coronel valia mais do que qualquer lei impessoal. Pedir um ""favor"" ao homem poderoso para resolver um problema era mais eficaz do que buscar seus ""direitos"" na justiça. E para os amigos do coronel, tudo era permitido; para seus inimigos, nada era garantido. Nascia aqui, em sua forma mais explícita, a cultura do ""jeitinho"", a crença de que as regras formais podem e devem ser contornadas através de relações pessoais.

Viva a cena: O filho de um pequeno comerciante comete um crime. Ele é preso. Desesperado, o pai não procura um advogado. Ele vai até a casa do coronel da região, levando um presente, e ""pede um favor"". O coronel, que deve um favor ao comerciante, manda um de seus capangas ""conversar"" com o delegado. No dia seguinte, o filho está solto. A lei foi contornada, a justiça foi privatizada, mas a ""ordem"" do coronel foi mantida.

Esta mentalidade, onde a lealdade pessoal se sobrepõe à lei universal e onde um ""favor"" vale mais que um ""direito"", não morreu com o fim da República Velha. Ela está na raiz da nossa profunda desconfiança nas instituições. Está no DNA do cidadão que busca um ""QI"" (Quem Indica) para conseguir um emprego, que paga propina ao guarda para evitar uma multa, que acredita que, no Brasil, ""tudo acaba em pizza"". O coronel mudou de nome — hoje pode ser um político, um juiz ou um líder sindical —, mas sua lógica de poder pessoal e de desprezo pela lei impessoal continua a ser a grande matriz da desordem brasileira.",51,6,"golpe de 1889, proclamação da república, monarquia, dom pedro ii, positivismo, exército, política","Pesquise por: ""A figura do coronel no interior do Brasil"".

Pesquise por: ""A relação entre coronelismo e o jeitinho brasileiro"".","Em que situações do seu dia a dia você ainda percebe a lógica do ""coronelismo"", onde uma relação pessoal é mais importante do que a regra oficial?

Por que é tão difícil para o brasileiro confiar em instituições impessoais, como a polícia ou a justiça?

Qual o primeiro passo para quebrar a cultura do ""jeitinho"" e começar a construir uma cultura de respeito à lei, mesmo quando ela nos contraria?",,
23,templar_shield,A estrutura da servitude moderna,"Desmascarando os ""benefícios"" que empobrecem o brasileiro.","A CLT e seus mecanismos são a obra-prima do projeto populista de Getúlio Vargas, a estrutura da jaula dourada que aprisiona o trabalhador brasileiro. Vendidos como ""benefícios"" e ""proteções"", estes mecanismos são, na verdade, ferramentas de empobrecimento e dependência, projetados para impedir a verdadeira prosperidade e manter o cidadão cativo do Estado. Nesta seção, vamos dissecar, peça por peça, as engrenagens desta máquina de servitude: a ilusão do salário mensal, a farsa do 13º, o medo de contratar gerado pela própria lei, o confisco do FGTS e o pesadelo da aposentadoria pelo INSS. Vamos expor como cada um desses ""presentes"" do Estado-Pai é, na verdade, um elo na corrente que o impede de ser livre.
",52,1,"clt, servitude, salário, 13º, fgts, aposentadoria, inss, política","Pesquise por: ""História e críticas à Consolidação das Leis do Trabalho (CLT)"".

Pesquise por: ""Instituto Mises Brasil"" para artigos que analisam a legislação trabalhista brasileira sob a ótica da liberdade econômica.","Você já se sentiu ""protegido"" ou ""aprisionado"" pelas leis trabalhistas brasileiras?

Por que a ideia de reformar ou flexibilizar a CLT ainda é vista como um tabu ou um ""ataque ao trabalhador""?

Se estes ""benefícios"" fossem tão bons, por que o Brasil não se tornou um país de trabalhadores ricos e prósperos?",,
23.1,book,A ilusão do salário mensal: O ciclo vicioso da dívida,Por que o intervalo de 30 dias entre pagamentos é uma ferramenta de fragilização.,"O modelo de pagamento mensal, tão comum no Brasil, não é um detalhe cultural; é uma ferramenta de fragilização financeira. Ao criar um vale de 30 dias entre uma entrada de dinheiro e outra, o sistema força o trabalhador a viver em um ciclo vicioso de dívida. O dinheiro acaba antes do mês, e a sobrevivência passa a depender do crédito caro: o cheque especial e, principalmente, o rotativo do cartão de crédito, cujos juros no Brasil estão entre os mais altos do planeta.

Em contraste, o modelo americano, com pagamentos semanais ou quinzenais, gera um fluxo de caixa constante. O trabalhador recebe na sexta-feira e planeja suas despesas para a semana. Isso disciplina o orçamento, diminui a necessidade de crédito e dinamiza a economia, pois o dinheiro circula mais rápido. O modelo brasileiro, ao contrário, cria um dependente do sistema bancário, que lucra absurdamente com os juros pagos por um trabalhador que está apenas tentando chegar ao próximo dia de pagamento.

Viva a cena: É dia 25 do mês. Uma mãe brasileira olha para a geladeira quase vazia. O salário acabou. Para comprar o leite e o pão para seus filhos, ela passa o cartão de crédito no supermercado, sabendo que não poderá pagar a fatura inteira no próximo mês. Ela entra no rotativo, uma bola de neve de juros que irá consumir uma parte ainda maior de seu próximo salário. No mesmo dia, em Ohio, um trabalhador americano recebe seu paycheck da semana. Ele vai ao supermercado e paga pelas compras com o dinheiro que ganhou, em espécie ou no débito. Ele não deve nada a ninguém. A diferença entre os dois não é o valor que ganham, mas a estrutura que os liberta ou aprisiona.

O salário mensal não é um benefício. É a primeira engrenagem da máquina de endividamento, que garante que, mesmo trabalhando, você continue pobre e dependente.",52,2,"salário mensal, dívida, cartão de crédito, juros, liberdade financeira, pagamento semanal, política","Pesquise por: ""Taxa de juros do rotativo do cartão de crédito no Brasil"".

Pesquise por: ""Weekly vs Monthly pay pros and cons"" para entender os debates sobre os modelos de pagamento em outros países.","Olhe para seu orçamento. Que porcentagem do seu salário é consumida por juros de cartão de crédito ou cheque especial?

Como sua vida financeira mudaria se você recebesse seu salário toda sexta-feira, em vez de uma vez por mês?

Por que você acha que o modelo de pagamento mensal é tão entrincheirado na cultura de trabalho brasileira?",,
23.2,book,O 13º salário: A devolução do dinheiro que já era seu,"A farsa do ""bônus"" de fim de ano que você mesmo financiou.","O 13º salário é talvez a mais genial das mentiras populistas. Ele é vendido como um ""presente"", um ""bônus"" de fim de ano, uma prova da benevolência do sistema. Mas ele não é nada disso. O 13º é o seu próprio dinheiro, que foi confiscado de você ao longo do ano e lhe é devolvido com atraso e corroído pela inflação. O governo, através da CLT, força a empresa a atuar como uma péssima caderneta de poupança em seu nome, sem o seu consentimento.

A mecânica é simples e cruel. Para que uma empresa possa pagar este ""salário a mais"" em dezembro, ela precisa provisionar este custo. E como ela faz isso? Embutindo o valor nos preços de seus produtos e serviços durante o ano inteiro. Ou seja, você paga pelo seu próprio 13º cada vez que compra um pão, abastece o carro ou paga uma conta. O ""presente"" que você recebe em dezembro foi financiado por você mesmo, através de um custo de vida mais alto de janeiro a novembro.

Viva a cena: Chega dezembro. Você recebe seu 13º e sente uma euforia. Finalmente, uma folga! Você corre para o shopping para comprar os presentes de Natal e talvez pagar aquela dívida do cartão de crédito que se arrasta. Você se sente grato pelo ""benefício"". O que você não percebe é que o preço da TV que você está comprando já inclui uma fração do 13º de todos os funcionários da loja e da fábrica. Você está pagando o 13º dos outros com o seu. E o dinheiro que você usa para quitar a dívida é o mesmo que lhe fez falta nos meses anteriores, forçando-o a se endividar em primeiro lugar.

O 13º não é um benefício. É uma maquiagem contábil, uma ilusão de ótica financeira que mascara a realidade: seu salário anual é simplesmente dividido em 13 parcelas, em vez de 12, com o Estado e as empresas usando seu dinheiro por 11 meses antes de devolvê-lo. É a celebração da devolução de uma parte do que lhe foi tirado.",52,3,"13º salário, décimo terceiro, benefício, imposto, inflação, poupança forçada, política","Pesquise por: ""O 13º salário é realmente um benefício?"".

Pesquise por: ""Como o custo do 13º salário é embutido nos preços"".","Você preferiria receber seu salário anual dividido em 12 parcelas maiores ou em 13 parcelas menores, como é hoje? Por quê?

Como a ""sensação"" de receber um dinheiro ""extra"" em dezembro pode mascarar o fato de que seu poder de compra foi menor durante o ano todo?

Se o 13º é tão bom para o trabalhador, por que este modelo não é amplamente adotado nos países mais ricos e prósperos do mundo?",,
23.3,book,CLT: O passivo infinito e o medo de contratar,"A lei que ""protege"" o trabalhador, impedindo que ele seja contratado.","A crítica mais devastadora à CLT não é apenas seu custo imediato, mas a bomba-relógio que ela instala sob a cadeira de cada empregador: o ""passivo trabalhista"". Para cada mês que um funcionário trabalha, o custo de uma eventual demissão no futuro (multas, verbas rescisórias, FGTS, etc.) aumenta. Isso significa que, quanto mais tempo um funcionário fica na empresa, mais caro se torna para a empresa dispensá-lo, mesmo que ele se torne improdutivo ou que a empresa passe por uma crise.

Essa lógica transforma cada funcionário em um risco financeiro crescente. Para uma grande corporação, isso pode ser administrável. Para o pequeno e médio empresário — o dono da padaria, da oficina, da loja do bairro, que são os maiores geradores de empregos do país —, esse risco é paralisante. A lei, sob o pretexto de ""proteger"" o empregado, na verdade aterroriza o empregador. E um empregador com medo não contrata.

Viva a cena: A dona de uma pequena confecção vê a demanda por seus produtos aumentar. Ela precisa desesperadamente de mais duas costureiras para conseguir crescer. Ela tem o dinheiro para pagar os salários. Mas então, ela conversa com seu contador. Ele lhe mostra uma planilha. A planilha projeta o custo do passivo trabalhista daquelas duas contratações ao longo de um, dois, cinco anos. Ele a lembra do risco de um processo na Justiça do Trabalho, que quase sempre dá ganho de causa ao funcionário, mesmo em casos absurdos. Olhando para aqueles números, ela entra em pânico. O sonho de crescer se transforma no pesadelo de uma possível falência. Ela desiste das contratações.

A CLT, nesse caso, não protegeu ninguém. Ela condenou duas costureiras ao desemprego ou à informalidade, e condenou uma pequena empresária à estagnação. Essa é a tragédia diária da ""jaula dourada"": uma legislação que, em nome da proteção, mata a oportunidade em seu nascedouro.",52,4,"clt, passivo trabalhista, desemprego, contratação, risco, empreendedorismo, política","Pesquise por: ""Custo de demissão de um funcionário no Brasil"".

Pesquise por: ""Indústria do processo trabalhista no Brasil"".","Você já ouviu histórias de pequenos empresários que quebraram por causa de processos trabalhistas?

Se você fosse um pequeno empresário, se sentiria seguro para contratar formalmente, sabendo que cada funcionário representa um passivo crescente e um risco judicial?

Como a informalidade (o trabalho ""sem carteira assinada"") pode ser vista não como a ""ganância"" do patrão, mas como uma consequência direta do medo gerado pela CLT?",,
23.4,book,FGTS: A poupança forçada que o empobrece ativamente,O cálculo que prova como o governo confisca seu futuro.,"O Fundo de Garantia do Tempo de Serviço (FGTS) é vendido como uma ""poupança"" para o trabalhador. Esta é talvez a mentira mais cruel de todo o sistema, pois ele não é uma poupança, é um confisco que o empobrece ativamente. Todo mês, 8% do seu salário são sequestrados e depositados em uma conta que não é sua, que você não controla e cujo rendimento (TR + 3% ao ano) é criminosamente menor do que a inflação. Na prática, você é forçado a emprestar seu dinheiro para o governo a juros negativos, para que ele o use em seus próprios projetos, enquanto seu patrimônio derrete.

A tragédia fica clara com a matemática. Vamos fazer uma conta simples. Imagine um trabalhador que contribuiu por 30 anos com um salário médio cujo depósito do FGTS foi de R$ 320 por mês. Ao final do período, com o rendimento pífio do FGTS, ele sacaria aproximadamente R$ 187.000. Parece muito? Com este valor, ele mal dá a entrada em um apartamento simples. Ele não compra a casa própria, ele apenas compra uma nova dívida de 30 anos com o banco.

Agora, imagine se esse mesmo dinheiro fosse seu de verdade, como em um plano de previdência privada americano (401k), onde você é o dono e o investidor. Os mesmos R$ 320 por mês, investidos em um fundo conservador que rendesse uma média histórica de 9% ao ano (algo comum no mercado americano), se transformariam, pela mágica dos juros compostos, em aproximadamente R$ 615.000.

Viva a cena: Chegou a sua aposentadoria. No cenário do FGTS, você saca seus R$ 187.000 e se vê diante de uma escolha trágica: ou dá entrada em um imóvel e continua sem renda, ou não compra nada e tenta fazer esse dinheiro render, o que lhe daria uns R$ 700 por mês, menos que um salário mínimo. Agora, no cenário americano, você se aposenta com seus R$ 615.000. Você não precisa tocar no valor principal. Usando uma retirada segura de 4% ao ano (a chamada ""renda eterna""), você teria uma renda extra de mais de R$ 2.000 por mês, PARA SEMPRE. Você viveria apenas dos juros, viajaria, ajudaria seus filhos e, ao morrer, deixaria uma herança de mais de meio milhão de reais para a próxima geração construir mais, e não apenas sobreviver.

O FGTS não lhe deu uma casa. Ele lhe roubou uma aposentadoria digna na Flórida, uma renda perpétua e uma herança de prosperidade. Ele não é segurança. É a garantia da sua servidão, o mecanismo que assegura que, mesmo após uma vida inteira de trabalho, você continuará a depender do Estado.",52,5,"fgts, poupança, confisco, inflação, rendimento, juros compostos, política","Pesquise por: ""Rendimento do FGTS vs Inflação nos últimos 10 anos"" para comprovar a perda do poder de compra.

Pesquise por: ""Simulador de juros compostos"" e faça sua própria simulação, comparando a rentabilidade do FGTS (3% ao ano) com a de um investimento conservador (8-10% ao ano).","Se você tivesse a opção, preferiria receber os 8% do FGTS diretamente no seu salário todo mês para investir como quisesse, ou manter o modelo atual?

Como a ideia de uma ""poupança obrigatória"" controlada pelo governo viola o seu direito de propriedade e a sua liberdade de escolha?

Ao ver o cálculo do poder dos juros compostos, você se sente ""protegido"" pelo FGTS ou sente que foi e está sendo roubado?",,
23.5,book,A aposentadoria no brasil vs. nos EUA: O sonho da flórida e o pesadelo do inss,O contraste entre a dignidade da independência e a humilhação da dependência.,"O contraste final entre o modelo de dependência brasileiro e o modelo de liberdade americano se revela na velhice. A aposentadoria no Brasil é, para a maioria, um pesadelo de dependência do INSS. Nosso modelo é o de repartição: os trabalhadores de hoje pagam, com seus impostos, pelos aposentados de hoje. É uma pirâmide financeira insustentável que está sempre à beira do colapso e que condena o idoso a uma pensão miserável.

O modelo americano ideal é o de capitalização, exemplificado pelo 401(k). O dinheiro da sua aposentadoria é seu. Ele é depositado em uma conta privada, em seu nome, e investido no mercado de ações, que gera riqueza real. O trabalhador não é um mero contribuinte, ele se torna um investidor, um capitalista, um participante do sucesso das maiores empresas do mundo. Ele não depende da ""boa vontade"" do governo; ele é o dono de seu próprio futuro.

Viva a cena 1 - O Pesadelo Brasileiro: Um senhor de 70 anos, após 40 anos de contribuição, levanta às 5 da manhã para enfrentar uma fila desumana na porta de uma agência do INSS, apenas para provar que está vivo e continuar a receber uma pensão que mal compra seus remédios. Ele é tratado com descaso, perdido em uma burocracia kafkiana. Ele não consegue parar de trabalhar, fazendo ""bicos"" para complementar a renda. Sua velhice não é de descanso, mas de angústia.

Viva a cena 2 - O Sonho Americano: Um casal de aposentados da mesma idade, em um condomínio na Flórida. Eles acordam, tomam café da manhã e vão jogar uma partida de golfe. Eles vivem confortavelmente da renda gerada pelos investimentos que fizeram em seu 401(k) ao longo da vida. Eles viajam, visitam os netos e, ao morrerem, deixarão uma herança substancial para seus filhos. Sua velhice não é de dependência, mas de dignidade e liberdade.

Essa diferença brutal não é destino, é escolha. É o resultado de um modelo que escolheu tratar seus cidadãos como dependentes do Estado versus um que escolheu lhes dar as ferramentas para serem os arquitetos de seu próprio futuro.",52,7,"aposentadoria, inss, 401k, previdência, independência, futuro, política","Pesquise por: ""O que é um 401(k) e como funciona"".

Pesquise por: ""A crise e o déficit do sistema de aposentadorias do INSS"".","Qual futuro você prefere para sua própria velhice: a dignidade da independência financeira ou a humilhação de depender de um sistema falido?

Por que a ideia de uma previdência privada por capitalização ainda é tão pouco discutida no Brasil?

O que você pode começar a fazer hoje, independentemente do governo, para construir um futuro financeiro que não dependa do INSS?",,