Arsenal_id,Icon,Title,subtitle,content,keywords,Pontos_XP,Variacoes_Semanticas_Arsenal,"Arsenal_id,Variacoes_Semanticas","Arsenal_id,Variacoes_Semanticas"
1,shield,Falácia: Ad Hominem,"Atacando a pessoa, e não o argumento dela.","O ""Ad Hominem"" (latim para ""contra o homem"") é uma das falácias mais comuns e baixas. Ocorre quando alguém ignora o argumento apresentado e, em vez disso, ataca o caráter, a aparência, a reputação ou outra característica pessoal do oponente na tentativa de desacreditar o argumento.

**Exemplo Clássico:**
*   Pessoa A: ""Com base nos dados econômicos, acredito que a política de juros atual precisa ser revista.""
*   Pessoa B: ""Você não entende nada de economia, nunca teve um negócio de verdade. Por que deveríamos te ouvir?""

Note que a Pessoa B não abordou os ""dados econômicos"" de forma alguma. Ela apenas atacou a Pessoa A.

**Munição Defensiva:**
Aponte a tática. Diga calmamente: ""Peço que você se concentre no meu argumento, e não em mim. Minhas características pessoais não mudam a validade dos pontos que apresentei.""",Ad hominem,5,"Ataque pessoal, Desqualificar o oponente, Criticar a pessoa e não a ideia, Você não tem moral pra falar, Insulto em vez de argumento","1,Ataque pessoal, Desqualificar o oponente, Criticar a pessoa e não a ideia, Você não tem moral pra falar, Insulto em vez de argumento",
2,brain,Viés: Ancoragem,A tendência de se fixar na primeira informação recebida.,"O Viés de Ancoragem descreve como nosso cérebro depende excessivamente da primeira informação que recebe (a ""âncora"") ao tomar decisões. Todas as negociações e julgamentos subsequentes são ajustados com base nessa âncora, mesmo que ela seja completamente irrelevante.

**Exemplo Clássico:**
Um vendedor de carros usados coloca o preço de um carro em R$ 50.000, sabendo que ele vale R$ 40.000. O R$ 50.000 se torna a âncora. Quando você negocia e consegue baixar para R$ 42.000, você sente que fez um ótimo negócio, pois sua referência era o preço inicial altíssimo. Na realidade, você ainda pagou acima do valor real.

**Munição Defensiva:**
1. Esteja ciente: Saber que a ancoragem existe é o primeiro passo.
2. Crie sua própria âncora: Antes de uma negociação ou decisão, faça sua própria pesquisa. Se você já sabe que o carro vale R$ 40.000, a âncora do vendedor se torna ineficaz.
3. Questione a âncora: Pergunte-se: ""Essa primeira informação é realmente relevante e precisa?""",Viés de ancoragem,5,"Primeira impressão, Efeito da primeira oferta, Preço inicial alto, Influenciado pelo primeiro número, Ponto de referência","2,Primeira impressão, Efeito da primeira oferta, Preço inicial alto, Influenciado pelo primeiro número, Ponto de referência",
3,sword,Modelo mental: Navalha de Occam,A explicação mais simples tende a ser a correta.,"A Navalha de Occam não é uma lei, mas um princípio de resolução de problemas. Ele afirma que, quando confrontado com múltiplas hipóteses concorrentes sobre o mesmo fenômeno, deve-se selecionar a solução com o menor número de suposições. Em outras palavras, não complique desnecessariamente.

**Exemplo Clássico:**
Seu carro não liga pela manhã.
*   Hipótese 1: A bateria acabou. (Uma suposição)
*   Hipótese 2: Uma conspiração de mecânicos sabotou seu motor durante a noite para gerar mais negócios. (Múltiplas suposições improváveis)

A Navalha de Occam sugere que você deve primeiro verificar a bateria. É a explicação mais simples e provável.

**Munição Defensiva:**
Quando estiver analisando um problema complexo, pergunte-se: ""Qual é a explicação mais direta para isso? Estou adicionando camadas de complexidade que não são necessárias?"" É uma ferramenta para ""cortar"" o ruído e focar no que é mais provável.",Navalha de Occam,5,"A resposta mais simples, Não complique as coisas, Hipótese mais provável, Princípio da parcimônia, Menos suposições","3,A resposta mais simples, Não complique as coisas, Hipótese mais provável, Princípio da parcimônia, Menos suposições",
4,person,Falácia: Apelo à autoridade,Usar a opinião de uma figura de autoridade como prova.,"Essa falácia ocorre quando se argumenta que uma afirmação é verdadeira simplesmente porque uma pessoa de autoridade (ou prestígio) a fez. É uma falácia porque a autoridade de uma pessoa em um campo não garante que tudo o que ela diz seja verdade, especialmente fora de sua área de especialização.

**Exemplo Clássico:**
""Este suplemento vitamínico deve ser ótimo para a saúde do coração, afinal, um ator famoso de Hollywood o recomenda em um comercial.""

O ator é uma autoridade em atuação, não em cardiologia. Sua opinião sobre o suplemento é irrelevante do ponto de vista científico.

**Munição Defensiva:**
Questione a relevância da autoridade. Pergunte: ""Essa pessoa é uma especialista neste assunto específico? Quais são as evidências ou dados que sustentam a afirmação dela, além de sua reputação?"" A verdade de um argumento deve vir das evidências, não do prestígio de quem o defende.",Apelo à autoridade,5,"Porque um especialista falou, Apelo a celebridade, Argumento de autoridade, Doutor falou está certo, Usar a fama como prova","4,Porque um especialista falou, Apelo a celebridade, Argumento de autoridade, Doutor falou está certo, Usar a fama como prova",
5,shield,Falácia: Espantalho,Distorcer o argumento do oponente para torná-lo mais fácil de atacar.,"A Falácia do Espantalho é uma das táticas mais desonestas em um debate. Em vez de atacar o argumento real do seu oponente, você cria uma versão caricaturada, simplificada e distorcida dele (o 'espantalho') e ataca essa versão.

**Exemplo Clássico:** • Pessoa A: ""Deveríamos reduzir o orçamento do Estado para diminuir os impostos.""<br>• Pessoa B: ""Então você quer acabar com todos os serviços públicos, fechar hospitais e escolas e deixar os pobres morrerem na rua?""<br><br>A Pessoa A não disse nada disso. A Pessoa B criou um espantalho radical para evitar debater a ideia real de eficiência estatal

**Munição Defensiva:**<br>Corrija a distorção com calma e firmeza: ""Eu não disse isso. Por favor, vamos debater o que eu realmente propus, que é [repita seu argumento original de forma clara].""",Falácia do espantalho,5,"Distorcer meu argumento, Você não entendeu o que eu disse, Criar um inimigo imaginário, Colocar palavras na minha boca, Versão exagerada da minha opinião","5,Distorcer meu argumento, Você não entendeu o que eu disse, Criar um inimigo imaginário, Colocar palavras na minha boca, Versão exagerada da minha opinião",
6,shield,Falácia: Falsa Dicotomia,Apresentar apenas duas opções como se fossem as únicas possíveis.,"Também conhecida como 'falso dilema' ou 'pensamento preto e branco', esta falácia limita artificialmente as opções a duas, quando na realidade existem outras alternativas. É uma ferramenta de manipulação para forçar uma escolha

**Exemplo Clássico:**
""Ou você está conosco, ou está contra nós.""
Essa frase ignora a possibilidade de você ser neutro, de concordar parcialmente com ambos os lados, ou de ter uma terceira posição completamente diferente.

**Munição Defensiva:**
Rejeite o enquadramento. Exponha a falácia dizendo: ""A questão não é tão simples. Existem outras opções que não estamos considerando, como [apresente uma terceira alternativa]. Não precisamos nos limitar a essas duas escolhas.""",Falsa dicotomia,5,"Ou tudo ou nada, Pensamento 8 ou 80, Só existem duas opções, Não é preto no branco, Falso dilema","6,Ou tudo ou nada, Pensamento 8 ou 80, Só existem duas opções, Não é preto no branco, Falso dilema",
7,brain,Viés: Confirmação,A tendência de procurar e valorizar informações que confirmam nossas crenças.,"O Viés de Confirmação é o arqui-inimigo do pensamento honesto. É a nossa tendência natural de dar mais peso, procurar e interpretar informações de uma maneira que confirme as nossas crenças e hipóteses preexistentes, enquanto ignoramos ou desvalorizamos evidências que as contradizem.<br><br>**Exemplo Clássico:**<br>Se você acredita que uma determinada ideologia política é a causa de todos os males, você irá consumir seletivamente notícias, seguir pessoas e ler livros que reforcem essa visão, e descartará qualquer informação contrária como 'propaganda' ou 'fake news'.<br><br>**Munição Defensiva:**<br>1. Argumente contra si mesmo: Tente ativamente encontrar as melhores evidências para a posição oposta à sua. Isso é o que o advogado do diabo faz.<br>2. Questione suas fontes: Pergunte-se: ""Estou consumindo informação de fontes variadas ou apenas da minha bolha?""<br>3. Foque nos fatos, não na sua tribo: A lealdade à verdade deve ser maior que a lealdade ao seu grupo.",Viés de confirmação,5,"Só procurar o que confirma o que eu já acredito, Ignorar fatos contrários, Bolha ideológica, Vício de confirmação, Efeito da câmara de eco","7,Só procurar o que confirma o que eu já acredito, Ignorar fatos contrários, Bolha ideológica, Vício de confirmação, Efeito da câmara de eco",
8,sword,Modelo Mental: Pensamento de Primeiros Princípios,Decompor um problema em suas verdades fundamentais para reconstruir uma solução.,"Popularizado por Aristóteles e usado por inovadores como **Elon Musk**, o *Pensamento de Primeiros Princípios* é o ato de decompor um problema complexo em suas verdades mais básicas e fundamentais – os 'primeiros princípios' – e depois reconstruir uma solução a partir daí, livre das suposições e analogias do passado.<br><br>Exemplo Clássico (Elon Musk):<br>• Pensamento por Analogia: ""Baterias são caras e sempre serão, pois é assim que o mercado funciona.""<br>• Pensamento de Primeiros Princípios: ""Do que uma bateria é feita? Quais são os custos das matérias-primas no mercado (lítio, níquel, etc.)? Se comprarmos esses materiais e os montarmos de forma eficiente, qual seria o custo real?""<br><br>Ao fazer isso, ele descobriu que poderia produzir baterias por uma fração do custo de mercado.<br><br>**Munição defensiva:**<br>Diante de um problema, não aceite o 'sempre foi assim'. Pergunte: ""Quais são as verdades fundamentais que eu sei com certeza sobre isso? E a partir daí, o que é possível?""",Pensamento de primeiros princípios,5,"Desmontar o problema, Voltar ao básico, Quais os fatos fundamentais, Raciocínio a partir do zero, Questionar suposições","8,Desmontar o problema, Voltar ao básico, Quais os fatos fundamentais, Raciocínio a partir do zero, Questionar suposições",
9,person,Lei de Brandolini (A Assimetria da Bobagem),A quantidade de energia necessária para refutar uma bobagem é uma ordem de magnitude maior do que para produzi-la.,"Esta lei, também conhecida como 'Princípio da Assimetria da Bobagem', é uma observação sobre a natureza do debate na era digital. Ela explica por que é tão cansativo e muitas vezes inútil discutir com certos tipos de pessoas.<br><br>**Exemplo Clássico:**<br>Alguém faz uma afirmação falsa e sensacionalista em um post de 10 segundos: ""As vacinas causam autismo!""<br><br>Para refutar essa bobagem, você precisaria de minutos ou horas, explicando a história do estudo fraudulento de Andrew Wakefield, mostrando dezenas de estudos subsequentes que provaram o contrário, explicando o que é o autismo, etc.<br><br>**Munição Defensiva:**:<br>1. Não alimente os trolls: Reconheça quando um debate é inútil. Você não tem a obrigação de refutar toda bobagem que encontra.<br>2. Foque nos observadores silenciosos: Às vezes, vale a pena refutar, não para convencer o oponente, mas para educar as pessoas que estão lendo a discussão.<br>3. Use a Navalha de Occam: Muitas vezes, a resposta mais simples para uma teoria da conspiração complexa é: ""Isso é simplesmente muito improvável.""",Lei de Brandolini,5,"É mais fácil falar mentira do que desmentir, Espalhar fake news é fácil, Custo de refutar bobagens, Guerra de desinformação","9,É mais fácil falar mentira do que desmentir, Espalhar fake news é fácil, Custo de refutar bobagens, Guerra de desinformação",
10,sword,Modelo Mental: Círculo de Competência,Conheça os limites do seu próprio conhecimento.,"Popularizado por Warren Buffett, o Círculo de Competência é um modelo mental sobre humildade intelectual. Ele afirma que todos nós temos áreas de conhecimento onde somos altamente competentes, mas que essas áreas têm um limite, uma 'cerca'. O sucesso e a sabedoria não vêm de ter um círculo enorme, mas de saber exatamente onde a cerca está e operar apenas dentro dela.<br><br>**Exemplo Clássico:**<br>Warren Buffett é um gênio em avaliar empresas de seguros e de bens de consumo. Ele admite abertamente que não entende de empresas de tecnologia. Por isso, por décadas, ele evitou investir nelas. Ele operou dentro de seu círculo.<br><br>**Munição defensiva:**<br>Antes de tomar uma decisão importante ou emitir uma opinião forte, pergunte-se: ""Eu realmente entendo profundamente deste assunto, ou estou operando fora do meu círculo de competência?"" É mais honroso dizer ""Eu não sei"" do que fingir saber.",Círculo de competência,5,"Sei o que não sei, Conhecer meus limites, Humildade intelectual, Focar na minha especialidade, Não dar palpite em tudo","10,Sei o que não sei, Conhecer meus limites, Humildade intelectual, Focar na minha especialidade, Não dar palpite em tudo",
11,shield,Falácia: Apelo à Emoção,Manipular as emoções em vez de usar um argumento válido.,"Esta falácia tenta ganhar um argumento apelando para as emoções do público (medo, pena, raiva, orgulho) em vez de usar a lógica e as evidências. É a base da propaganda e da demagogia.<br><br>**Exemplo Clássico:**<br>Em um debate sobre política de imigração, um político mostra a foto de uma criança refugiada chorando e diz: ""Como podemos ser tão cruéis a ponto de negar ajuda a esta criança?""<br><br>A imagem é emocionalmente poderosa, mas ela não aborda as questões complexas da política, como segurança, impacto econômico e o Estado de Direito. O apelo à pena é usado para curto-circuitar o debate racional.<br><br>**Munição Defensiva:**<br>Reconheça a emoção, mas traga o debate de volta à razão: ""A situação dessa criança é, de fato, comovente e precisa de uma solução humana. Agora, vamos analisar os fatos e as consequências lógicas da política que está sendo proposta para resolver este problema.""",Apelo à emoção,5,"Apelar para o sentimento, Chantagem emocional, Usar a pena para vencer, Drama em vez de lógica, Manipular com emoções","11,Apelar para o sentimento, Chantagem emocional, Usar a pena para vencer, Drama em vez de lógica, Manipular com emoções",
12,brain,Viés: Sobrevivência,Focar apenas nos vencedores e ignorar os perdedores que seguiram o mesmo caminho.,"O Viés de Sobrevivência é um erro lógico que nos leva a tirar conclusões erradas porque focamos apenas nos exemplos de sucesso (os 'sobreviventes') e esquecemos dos fracassos, que são muito mais numerosos.<br><br>**Exemplo Clássico:**<br>""Para ter sucesso, você deve largar a faculdade, como Bill Gates e Mark Zuckerberg fizeram!""<br><br>Este argumento ignora os milhões de pessoas que largaram a faculdade e não se tornaram bilionários. Focamos nos dois 'sobreviventes' e criamos uma regra falsa a partir deles.<br><br>**Munição Defensiva:**<br>Sempre pergunte: ""Quantas pessoas tentaram fazer isso e falharam? O que podemos aprender com os fracassos, e não apenas com os sucessos?"" Olhar para o 'cemitério' de tentativas fracassadas é muitas vezes mais instrutivo do que olhar para o pódio dos vencedores.",Viés de sobrevivência,5,"Focar só nos casos de sucesso, Esquecer os que fracassaram, Olhar só os vencedores, Ponto cego estatístico, Bill Gates largou a faculdade","12,Focar só nos casos de sucesso, Esquecer os que fracassaram, Olhar só os vencedores, Ponto cego estatístico, Bill Gates largou a faculdade",
13,shield,Falácia: Ladeira Escorregadia,Argumentar que um pequeno primeiro passo levará inevitavelmente a uma cadeia de eventos negativos.,"Esta falácia afirma que se permitirmos que o evento A aconteça, então o evento Z (algo terrível) inevitavelmente acontecerá. Portanto, não devemos permitir o evento A. O erro está em assumir que a cadeia de eventos é inevitável, sem provar cada elo da corrente.<br><br>**Exemplo Clássico:**<br>""Se permitirmos que o governo regule a venda de refrigerantes, logo ele estará ditando tudo o que podemos comer e beber, e nossa liberdade estará acabada!""<br><br>Pode ser que a regulação seja uma má ideia, mas o argumento da 'ladeira escorregadia' não prova isso. Ele apenas salta para a pior consequência possível sem justificar os passos intermediários.<br><br>**Munição Defensiva:**<br>Foque no argumento presente. Diga: ""Vamos debater os méritos desta política específica sobre refrigerantes. A sua previsão sobre o futuro é uma especulação. Temos alguma evidência de que os passos intermediários que você mencionou realmente acontecerão?""",Ladeira escorregadia,5,"Efeito dominó, Onde isso vai parar, Se liberar A vai levar a Z, Precedente perigoso, Rampa escorregadia","13,Efeito dominó, Onde isso vai parar, Se liberar A vai levar a Z, Precedente perigoso, Rampa escorregadia",
14,sword,Modelo Mental: Inversão,Abordar um problema de trás para frente.,"Popularizado por Carl Jacobi e Charlie Munger, a inversão é uma ferramenta poderosa para obter clareza. Em vez de perguntar 'Como posso ter sucesso?', você pergunta: 'O que eu precisaria fazer para fracassar?' e depois evita essas coisas.<br><br>**Exemplo Clássico:**<br>• Pergunta Direta: ""Como posso construir uma empresa de sucesso?"" (A resposta é complexa: inovação, marketing, etc.)<br>• Pergunta Invertida: ""Como eu posso garantir que minha empresa fracasse?"" (A resposta é mais clara: trate mal os clientes, não controle os custos, venda um produto ruim, etc.)<br><br>Ao listar tudo o que leva ao fracasso, você cria um mapa claro do que deve evitar a todo custo.<br><br>**Munição defensiva:**<br>Quando estiver planejando um projeto, pergunte: ""Vamos imaginar que este projeto foi um desastre completo. O que teria causado isso?"" Antecipar os pontos de falha é a melhor forma de evitá-los.",Inversão,5,"Pensar de trás para frente, Como evitar o fracasso, O que daria errado, Análise pré-mortem, Prevenção de desastres","14,Pensar de trás para frente, Como evitar o fracasso, O que daria errado, Análise pré-mortem, Prevenção de desastres",
15,brain,Viés: Custo Irrecuperável (Sunk Cost Fallacy),Continuar um projeto ou investimento apenas porque você já investiu muito nele.,"Este viés descreve nossa tendência irracional de continuar investindo tempo, dinheiro ou energia em algo que já se provou uma má decisão, simplesmente porque já investimos muito e não queremos 'perder' o que já foi gasto. É a lógica de 'jogar dinheiro bom atrás de dinheiro ruim'.<br><br>**Exemplo Clássico:**<br>Você pagou R$100 por um show. No dia você está doente e cansado.

Você decide ir mesmo assim pensando: ""Não posso perder os R$100 que paguei!"" Você vai e se sente miserável. Os R$100 já eram um custo irrecuperável. Sua decisão deveria se basear apenas em: 'O que me fará mais feliz agora?'<br><br>**Munição Defensiva:**<br>Ao avaliar um projeto que está indo mal, pergunte: ""Se eu não tivesse investido nada nisso até hoje, eu começaria a investir nisso agora?"" Se a resposta for não, talvez seja hora de cortar as perdas.",Falácia do custo irrecuperável,5,"Já investi muito para parar agora, Não vou desistir por causa do que gastei, Continuar um erro, Afundar com o navio, Custo afundado","15,Já investi muito para parar agora, Não vou desistir por causa do que gastei, Continuar um erro, Afundar com o navio, Custo afundado",
16,shield,"Falácia: Tu Quoque (""Você Também"")",Desviar a crítica para o acusador.,"Esta falácia é uma forma de Ad Hominem. Em vez de responder a uma crítica, o acusado a desvia apontando que o acusador também cometeu o mesmo erro. É uma tentativa de invalidar a crítica com base na hipocrisia.<br><br>**Exemplo Clássico:**<br>• Pessoa A: ""Você não deveria fumar, faz mal à sua saúde.""<br>• Pessoa B: ""Mas você também fumava quando era mais novo!""<br><br>O fato de a Pessoa A ter fumado no passado não muda a verdade de que fumar faz mal à saúde. A crítica continua válida, mesmo que o crítico seja hipócrita.<br><br>**Munição Defensiva:**<br>Separe o argumento da pessoa. Diga: ""A minha conduta passada não é o assunto aqui. A questão é se o argumento de que 'fumar faz mal' é verdadeiro ou falso. Vamos focar nisso.""",Tu quoque,5,"Você faz o mesmo, Olhe para o seu rabo, Hipocrisia, Apontar o erro do outro, Desviar a crítica","16,Você faz o mesmo, Olhe para o seu rabo, Hipocrisia, Apontar o erro do outro, Desviar a crítica",
17,person,Lei de Parkinson,O trabalho se expande para preencher o tempo disponível para sua conclusão.,"Esta lei, formulada por Cyril Northcote Parkinson, é uma observação irônica, mas profunda, sobre a burocracia e a gestão do tempo. Se você dá a si mesmo uma semana para completar uma tarefa que poderia ser feita em um dia, a tarefa se tornará psicologicamente mais complexa e preencherá a semana inteira.<br><br>**Exemplo Clássico:**<br>Um estudante tem um mês para escrever uma redação. Ele passará as três primeiras semanas 'pesquisando' e 'planejando', e fará todo o trabalho real na noite anterior ao prazo.<br><br>**Munição Defensiva:**:<br>1. Defina prazos curtos e agressivos: A melhor forma de combater a Lei de Parkinson é impor restrições de tempo artificiais a si mesmo.<br>2. Foque no resultado, não no tempo gasto: O objetivo é completar a tarefa de forma eficaz, não 'parecer ocupado' durante todo o tempo disponível.",Lei de Parkinson,5,"Deixar para a última hora, O trabalho cresce com o tempo, Procrastinação, Prazos curtos, Burocracia","17,Deixar para a última hora, O trabalho cresce com o tempo, Procrastinação, Prazos curtos, Burocracia",
18,sword,Modelo Mental: O Mapa não é o Território,A representação de algo não é a coisa em si.,"Formulado por Alfred Korzybski, este princípio nos lembra que nossos modelos, mapas, teorias e conceitos sobre a realidade não são a realidade em si. São simplificações úteis, mas sempre incompletas e potencialmente enganosas.<br><br>**Exemplo Clássico:**<br>O mapa do metrô de uma cidade é extremamente útil para navegar, mas ele não é o território. Ele distorce as distâncias e omite todas as ruas, prédios e parques. Se você confundir o mapa com o território, ficará perdido.<br><br>**Munição defensiva:**<br>Sempre mantenha uma dose de ceticismo em relação a modelos e teorias, especialmente na economia e na sociologia. Pergunte-se: ""O que este modelo está simplificando ou deixando de fora? A realidade no 'chão de fábrica' corresponde ao que a teoria no papel diz?"" Confie na realidade, não no mapa.",O mapa não é o território,5,"O modelo não é a realidade, A teoria na prática é outra, Cuidado com as planilhas, Abstração vs. Realidade","18,O modelo não é a realidade, A teoria na prática é outra, Cuidado com as planilhas, Abstração vs. Realidade",
19,brain,Viés: Efeito Dunning-Kruger,A tendência de incompetentes superestimarem sua habilidade.,"Este viés cognitivo descreve um fenômeno irônico: pessoas com baixa habilidade em uma tarefa tendem a superestimar sua própria competência, enquanto os especialistas tendem a subestimar a sua. Em suma, os ignorantes são frequentemente os mais cheios de certeza.<br><br>**Exemplo Clássico:**<br>A pessoa que leu um artigo na internet e agora acredita que sabe mais sobre uma doença do que um médico com 20 anos de experiência.<br><br>**Munição Defensiva:**<br>1. Pratique a humildade intelectual: O princípio socrático de ""sei que nada sei"" é o antídoto. Quanto mais você aprende, mais percebe a vastidão da sua ignorância.<br>2. Desconfie da certeza absoluta: Especialmente em você mesmo. Quando se sentir 100% certo de algo, esse é o momento de procurar ativamente por contra-argumentos.",Efeito Dunning-Kruger,5,"Quanto menos sei mais acho que sei, Ignorante com certeza, Arrogância da incompetência, Efeito do ultra-confiante","19,Quanto menos sei mais acho que sei, Ignorante com certeza, Arrogância da incompetência, Efeito do ultra-confiante",
20,shield,Falácia: Apelo à Natureza,"Argumentar que algo é bom porque é ""natural"" ou ruim porque é ""antinatural"".","Esta falácia assume que tudo o que é 'natural' é inerentemente bom, e tudo o que é 'antinatural' é inerentemente ruim. É um argumento fraco porque a 'natureza' está cheia de coisas que são perigosas e mortais.<br><br>**Exemplo Clássico:**<br>""Este remédio é melhor porque é feito com ingredientes 100% naturais!""<br><br>Cianeto, arsênico e veneno de cobra também são 100% naturais, mas não são bons para você. 'Natural' não é sinônimo de 'seguro' ou 'bom'.<br><br>**Munição Defensiva:**<br>Julgue as coisas por seus méritos e evidências, não por seu rótulo de 'natural'. Pergunte: ""Independentemente de ser natural ou não, qual é a evidência de que isso funciona e é seguro?""",Apelo à natureza,5,"É bom porque é natural, Remédio natural é melhor, Produtos químicos fazem mal, Medo de tecnologia, Quimiofobia","20,É bom porque é natural, Remédio natural é melhor, Produtos químicos fazem mal, Medo de tecnologia, Quimiofobia",
21,sword,Modelo Mental: Açoitar o Cavalo Morto,Saber quando parar de investir em algo que não funciona.,"Este é o corolário da Falácia do Custo Irrecuperável. É a sabedoria de reconhecer que insistir em uma estratégia ou projeto que claramente não está funcionando é um desperdício de recursos. Às vezes, a decisão mais inteligente é simplesmente parar.<br><br>**Exemplo Clássico:**<br>Uma empresa continua a investir milhões em uma linha de produtos que o mercado consistentemente rejeita, pensando que 'da próxima vez vai dar certo'.<br><br>**Munição defensiva:**<br>Cultive a disciplina de reavaliar seus projetos com honestidade. Pergunte: ""Se estivéssemos começando do zero hoje, ainda faríamos isso?"" Se a resposta for não, é preciso ter a coragem de 'atirar no cavalo' e seguir em frente.",Açoitar o cavalo morto,5,"Saber a hora de parar, Parar de insistir no erro, Cortar o prejuízo, Projeto fracassado","21,Saber a hora de parar, Parar de insistir no erro, Cortar o prejuízo, Projeto fracassado",
22,person,Janela de Overton,O espectro de ideias consideradas aceitáveis no debate público.,"A Janela de Overton é um modelo político que descreve como as ideias na sociedade evoluem do impensável ao radical, ao aceitável, ao sensato, ao popular e, finalmente, à política pública. A chave é que os políticos geralmente só podem defender políticas que já estão dentro da janela. O verdadeiro poder está em mover a janela.<br><br>**Exemplo Clássico:**<br>A ideia do casamento entre pessoas do mesmo sexo era 'impensável' há 50 anos. Através de um longo trabalho cultural (filmes, mídia, ativismo), os defensores da ideia moveram a janela até que ela se tornasse 'política pública'.<br><br>**Munição defensiva:**<br>Para mudar o mundo, não basta focar nos políticos. É preciso focar na cultura e na educação. A guerra política é vencida ou perdida no campo das ideias, que é o que 'move a janela'.",Janela de Overton,5,"O que é aceitável dizer em público, Mover a opinião pública, Normalizar ideias radicais, Guerra cultural","22,O que é aceitável dizer em público, Mover a opinião pública, Normalizar ideias radicais, Guerra cultural",
23,brain,Viés: Disponibilidade,Superestimar a importância da informação que está mais facilmente disponível.,"Nossa mente tem preguiça. O Viés de Disponibilidade descreve nossa tendência de basear nossos julgamentos na informação que nos vem à mente com mais facilidade, em vez de analisar todos os dados. Damos mais peso a eventos recentes, vívidos ou emocionalmente carregados.<br><br>**Exemplo Clássico:**<br>Após ver várias notícias sobre um acidente de avião, você fica com medo de voar, mesmo que estatisticamente seja muito mais provável morrer em um acidente de carro no caminho para o aeroporto. O acidente aéreo está mais 'disponível' na sua memória.<br><br>**Munição Defensiva:**<br>Sempre que tomar uma decisão importante, desconfie da sua primeira intuição. Pergunte: ""Em que estou baseando esta decisão? Em dados e estatísticas, ou em um exemplo recente e vívido que me impressionou?""",Viés de disponibilidade,5,"Medo de avião depois de ver notícia, Lembrei mais fácil então é mais importante, Heurística da disponibilidade, Impacto da mídia","23,Medo de avião depois de ver notícia, Lembrei mais fácil então é mais importante, Heurística da disponibilidade, Impacto da mídia",
24,shield,Falácia: Nenhum Escocês de Verdade,Modificar uma afirmação para excluir um contra-exemplo.,"Esta é uma forma de proteger uma generalização de ser refutada. Quando um contra-exemplo é apresentado, a pessoa modifica a definição para excluir o caso específico, em vez de abandonar a generalização.<br><br>**Exemplo Clássico:**<br>• Pessoa A: ""Nenhum escocês coloca açúcar no mingau.""<br>• Pessoa B: ""Mas meu amigo Angus é escocês e ele coloca açúcar no mingau.""<br>• Pessoa A: ""Ah, mas nenhum escocês de verdade coloca açúcar no mingau.""<br><br>A Pessoa A, em vez de admitir que sua generalização estava errada, simplesmente mudou a definição de 'escocês'.<br><br>**Munição Defensiva:**<br>Aponte a mudança de critério. Diga: ""Primeiro você disse 'todos os X são Y'. Agora que eu mostrei um X que não é Y, você está mudando a definição de X. Isso é uma tentativa de proteger sua afirmação inicial da refutação.""",Falácia do nenhum escocês de verdade,5,"Nenhum cristão de verdade faria isso, Mudar as regras para se salvar, Exceção especial, Proteger uma generalização","24,Nenhum cristão de verdade faria isso, Mudar as regras para se salvar, Exceção especial, Proteger uma generalização",
25,person,Lei de Goodhart,"Quando uma medida se torna uma meta, ela deixa de ser uma boa medida.","Esta lei, formulada pelo economista Charles Goodhart, é crucial para entender por que tantas políticas e metas corporativas falham. Ela afirma que, assim que uma métrica é escolhida como uma meta oficial, as pessoas começam a 'jogar para a prova', otimizando a métrica em si, muitas vezes em detrimento do objetivo real que a métrica deveria representar.<br><br>**Exemplo Clássico:**<br>Uma escola decide que a meta é 'aumentar a taxa de aprovação dos alunos'. Os professores, para atingir a meta, podem começar a aplicar provas mais fáceis. A métrica (taxa de aprovação) melhora, mas o objetivo real (o aprendizado dos alunos) piora.<br><br>**Munição defensiva:**<br>Ao definir metas, desconfie de métricas únicas. Use um conjunto de indicadores de qualidade e quantidade. E sempre se pergunte: ""Como as pessoas podem manipular esta meta?"" ",Lei de Goodhart,5,"A meta virou o problema, Otimizar a métrica e não o resultado, Incentivo perverso, Manipular estatísticas","25,A meta virou o problema, Otimizar a métrica e não o resultado, Incentivo perverso, Manipular estatísticas",
26,sword,Modelo Mental: Via Negativa,"Focar no que remover, em vez do que adicionar.","Popularizado por Nassim Taleb, a Via Negativa é a ideia de que, em muitos domínios, o progresso vem mais da subtração do que da adição. Muitas vezes, a melhoria não vem de encontrar a coisa certa a fazer, mas de parar de fazer a coisa errada.<br><br>**Exemplo Clássico:**<br>• Via Positiva (Adição): ""Qual o melhor superalimento para eu adicionar à minha dieta?""<br>• Via Negativa (Subtração): ""Quais os piores venenos que eu posso remover da minha dieta (açúcar, ultraprocessados)?""<br><br>Remover o que é comprovadamente ruim é muitas vezes uma estratégia mais robusta e eficaz do que buscar a 'solução mágica' para adicionar.<br><br>**Munição defensiva:**<br>Quando estiver buscando melhorar um sistema (sua saúde, sua empresa), pergunte primeiro: ""O que podemos remover? Qual é o maior obstáculo, a maior fonte de erro, a maior estupidez que podemos parar de cometer?""",Via negativa,5,"Melhorar tirando coisas do que adicionando, O que parar de fazer, A cura pela subtração, Menos é mais","26,Melhorar tirando coisas do que adicionando, O que parar de fazer, A cura pela subtração, Menos é mais",
27,brain,Viés: Efeito Halo,Deixar que uma única característica positiva influencie sua percepção geral.,"O Efeito Halo descreve nossa tendência de deixar que nossa impressão geral de uma pessoa (ou marca) em uma área influencie nossos sentimentos e pensamentos sobre outras áreas não relacionadas. Uma única característica positiva cria um 'halo' que ilumina todo o resto.<br><br>**Exemplo Clássico:**<br>Tendemos a achar que pessoas fisicamente atraentes são também mais inteligentes, mais honestas e mais competentes, mesmo sem nenhuma evidência para isso. A beleza cria um halo.<br><br>**Munição Defensiva:**<br>Avalie cada característica de forma independente. Pergunte-se: ""Eu estou julgando esta competência específica, ou estou sendo influenciado por outra qualidade que eu admiro nesta pessoa? Quais são os fatos concretos que sustentam minha avaliação?""",Efeito halo,5,"Ele é bonito então é inteligente, Julgar o livro pela capa, Primeira impressão, Generalização indevida","27,Ele é bonito então é inteligente, Julgar o livro pela capa, Primeira impressão, Generalização indevida",
28,shield,Falácia: Genética,"Julgar algo com base em sua origem, em vez de seus méritos atuais.","Esta falácia consiste em aprovar ou desaprovar uma ideia ou argumento com base em sua origem ou história, em vez de analisar sua validade atual. É o erro de pensar que a origem de algo determina sua qualidade.<br><br>**Exemplo Clássico:**<br>""Não podemos aceitar essa proposta de casamento, afinal, a instituição do casamento já foi usada para oprimir as mulheres no passado!""<br><br>Mesmo que a premissa histórica seja verdadeira, ela não diz nada sobre o valor ou a validade do casamento hoje. O argumento precisa ser julgado por seus próprios méritos, não por seu passado.<br><br>**Munição Defensiva:**<br>Traga o debate para o presente. Diga: ""A história disso é interessante, mas não determina se a ideia é boa ou ruim agora. Vamos analisar a proposta em seus méritos atuais.""",Falácia genética,5,"Julgar pela origem, A fonte da ideia não importa, Analisar o mérito, Nazistas também defendiam isso","28,Julgar pela origem, A fonte da ideia não importa, Analisar o mérito, Nazistas também defendiam isso",
29,person,Efeito Pigmaleão (Profecia Auto-Realizável),Nossas expectativas sobre os outros influenciam o desempenho deles.,"Este poderoso efeito psicológico mostra que as expectativas que temos sobre as outras pessoas podem se tornar uma profecia auto-realizável. Se um professor acredita que um aluno é brilhante, ele o tratará de uma forma que o ajudará a se tornar brilhante. O inverso também é verdadeiro.<br><br>**Exemplo Clássico:**<br>Em um famoso estudo, professores foram informados de que um grupo aleatório de alunos tinha um QI altíssimo. Ao final do ano, esses alunos, que não eram diferentes dos outros, de fato tiveram um desempenho muito superior, simplesmente porque os professores tinham expectativas mais altas sobre eles.<br><br>**Munição defensiva:**<br>Esta é uma ferramenta de liderança. Acredite no potencial das pessoas e trate-as como se elas já fossem quem elas podem se tornar. Suas altas expectativas se tornarão um motor para o crescimento delas.",Efeito Pigmaleão,5,"A expectativa molda a realidade, Acreditar no potencial das pessoas, Profecia que se auto-realiza, Efeito Rosenthal","29,A expectativa molda a realidade, Acreditar no potencial das pessoas, Profecia que se auto-realiza, Efeito Rosenthal",
30,sword,Modelo Mental: Segunda Ordem de Pensamento,Pensar nas consequências das consequências.,"O Pensamento de Segunda Ordem é a prática de pensar para além do efeito imediato de uma ação e considerar as consequências de longo prazo e as reações em cadeia. Enquanto o pensamento de primeira ordem é rápido e superficial ('Qual o benefício agora?'), o de segunda ordem é profundo e estratégico ('E depois? E depois?').<br><br>**Exemplo Clássico:**<br>• 1ª Ordem: ""Proibir a venda de sorvete vai reduzir a obesidade."" (Consequência imediata)<br>• 2ª Ordem: ""Mas isso vai levar à criação de um mercado ilegal de sorvete, ao fechamento de sorveterias, ao desemprego, e as pessoas simplesmente comerão outros doces."" (Consequências secundárias)<br><br>**Munição defensiva:**<br>Antes de tomar qualquer decisão importante, sempre se pergunte: ""E depois?"" Repita essa pergunta várias vezes para mapear os efeitos em cascata. É uma das ferramentas mais poderosas para evitar desastres não intencionais.",Segunda ordem de pensamento,5,"E as consequências das consequências, Pensar a longo prazo, Efeitos colaterais, Efeito cascata","30,E as consequências das consequências, Pensar a longo prazo, Efeitos colaterais, Efeito cascata",
31,shield,Falácia: Apelo à Ignorância,Afirmar que algo é verdadeiro porque não foi provado falso.,"Esta falácia assume que a falta de evidência contra uma afirmação é, em si mesma, uma evidência a favor dela. O erro está em transferir o ônus da prova para o cético, em vez de mantê-lo com quem faz a afirmação.<br><br>**Exemplo Clássico:**<br>""Ninguém conseguiu provar que fantasmas não existem, portanto, eles devem existir.""<br><br>A ausência de prova não é prova da ausência, mas também não é prova da presença. A falta de evidência significa apenas que não sabemos.<br><br>**Munição Defensiva:**<br>Rejeite o ônus da prova. Diga: ""A obrigação de provar uma afirmação é de quem a faz. Você tem alguma evidência positiva para a sua tese, em vez de apenas a falta de evidência contra ela?"" ",Apelo à ignorância,5,"Ninguém provou que não existe, Provar a inexistência, Ônus da prova, Ausência de evidência","31,Ninguém provou que não existe, Provar a inexistência, Ônus da prova, Ausência de evidência",
32,brain,Viés: Reatividade (Efeito Hawthorne),A tendência das pessoas de mudarem seu comportamento quando sabem que estão sendo observadas.,"O Efeito Hawthorne descreve como o simples ato de medir ou observar algo pode mudar seu comportamento. As pessoas tendem a se esforçar mais e a ter um desempenho melhor quando sabem que estão fazendo parte de um estudo ou sendo avaliadas.<br><br>**Exemplo Clássico:**<br>Em uma fábrica, pesquisadores começaram a estudar o efeito da iluminação na produtividade. Eles descobriram que qualquer mudança (aumentar ou diminuir a luz) aumentava a produtividade, simplesmente porque os trabalhadores se sentiam especiais e observados.<br><br>**Munição defensiva:**<br>Como líder, saiba que a atenção é uma ferramenta poderosa. Dar atenção regular ao desempenho de sua equipe, mesmo sem grandes mudanças, pode por si só melhorar os resultados. O que é medido e observado, melhora.",Viés de reatividade,5,"As pessoas agem diferente quando observadas, Efeito da medição, Ser avaliado melhora o desempenho","32,As pessoas agem diferente quando observadas, Efeito da medição, Ser avaliado melhora o desempenho",
33,person,Navalha de Hanlon,Nunca atribua à malícia o que pode ser adequadamente explicado pela estupidez ou incompetência.,"Este princípio é um antídoto contra a paranoia e as teorias da conspiração. Ele sugere que, ao interpretar as ações negativas de outras pessoas, é mais provável que elas sejam resultado de descuido, ignorância ou incompetência do que de um plano malévolo.<br><br>**Exemplo Clássico:**<br>Seu pedido online chegou errado.<br>• Explicação por Malícia: ""A empresa me odeia e deliberadamente sabotou meu pedido!""<br>• Explicação pela Navalha de Hanlon: ""Alguém na logística provavelmente cometeu um erro.""<br><br>**Munição defensiva:**<br>Antes de assumir o pior sobre as intenções de alguém, dê um passo atrás e pergunte: ""Existe uma explicação menos sinistra para isso? Isso pode ter sido apenas um erro?"" Presumir a incompetência em vez da malícia torna a vida menos estressante e as interações mais produtivas.",Navalha de Hanlon,5,"Foi burrice e não maldade, Não foi por mal, Princípio da caridade, Explicado pela incompetência","33,Foi burrice e não maldade, Não foi por mal, Princípio da caridade, Explicado pela incompetência",
34,shield,Falácia: Reductio ad Hitlerum,Invalidar um argumento comparando-o com algo que Hitler ou os Nazistas fizeram.,"Esta é uma forma de 'falácia por associação' e um 'Ad Hominem' tóxico. É a tentativa de encerrar um debate de forma prematura e desonesta, associando a posição do seu oponente a Hitler, tornando-a radioativa e impossível de ser defendida.<br><br>**Exemplo Clássico:**<br>• Pessoa A: ""Eu acredito que o Estado deveria ter um programa de saúde e boa forma para os jovens.""<br>• Pessoa B: ""Sabe quem mais se preocupava com a saúde e a forma física dos jovens? Hitler!""<br><br>A comparação é usada para envenenar a proposta, independentemente de seus méritos.<br><br>**Munição Defensiva:**<br>Exponha o absurdo da comparação e recuse-se a se engajar nela. Diga: ""Essa comparação é um absurdo e uma tentativa de evitar o debate sério. Vamos voltar a discutir os méritos da proposta em si, por favor.""",Reductio ad Hitlerum,5,"Comparar com Hitler para invalidar, Nazismo como argumento final, Godwin's Law","34,Comparar com Hitler para invalidar, Nazismo como argumento final, Godwin's Law",
35,sword,Modelo Mental: Antifragilidade,Aquilo que se beneficia do caos e da desordem.,"Criado por Nassim Nicholas Taleb, o conceito de 'Antifrágil' vai além da resiliência ou da robustez. O resiliente resiste aos choques; o robusto não se abala. O antifrágil se torna mais forte com os choques, o estresse e a volatilidade.<br><br>**Exemplo Clássico:**<br>• Frágil: Um copo de cristal (cai e quebra).<br>• Robusto: Uma barra de aço (cai e não quebra).<br>• Antifrágil: O sistema imunológico humano (uma pequena exposição a um patógeno o torna mais forte e imune no futuro).<br><br>**Munição defensiva:**<br>Busque criar antifragilidade em sua vida e em seus projetos. Em vez de evitar todo o estresse e o erro, pergunte: ""Como posso me expor a pequenos estresses controlados para me tornar mais forte? Como posso construir sistemas que se beneficiem da incerteza, em vez de serem destruídos por ela?"" ",Antifragilidade,5,"O que não me mata me fortalece, Benefício do estresse, Melhorar com o caos, Volatilidade é boa","35,O que não me mata me fortalece, Benefício do estresse, Melhorar com o caos, Volatilidade é boa",
36,brain,Viés: Ator-Observador,A tendência de atribuir nossas ações a fatores externos e as ações dos outros a fatores internos.,"Este viés descreve uma assimetria fundamental em como explicamos o comportamento. Quando nós fazemos algo errado (o 'ator'), tendemos a culpar a situação ('o trânsito estava horrível'). Quando outra pessoa faz a mesma coisa (o 'observador'), tendemos a culpar o caráter dela ('ele é uma pessoa irresponsável').<br><br>**Exemplo Clássico:**<br>• Você: ""Eu fui mal na prova porque o professor não explicou direito."" (Fator externo)<br>• Seu colega: ""Ele foi mal na prova porque é preguiçoso e não estudou."" (Fator interno)<br><br>**Munição Defensiva:**<br>Pratique a caridade interpretativa. Inverta o roteiro. Ao julgar os outros, tente primeiro encontrar explicações situacionais. Ao se julgar, foque na sua responsabilidade pessoal. É o caminho para a empatia e o autoaperfeiçoamento.",Viés ator-observador,5,"Eu culpo a situação, ele eu culpo o caráter, Erro de atribuição, Perspectivas diferentes, Empatia","36,Eu culpo a situação, ele eu culpo o caráter, Erro de atribuição, Perspectivas diferentes, Empatia",
37,shield,Falácia: Apelo à Popularidade (Ad Populum),Argumentar que uma ideia é verdadeira porque muitas pessoas acreditam nela.,"Esta falácia é a base do 'Efeito Manada'. Ela assume que a popularidade de uma crença é uma prova de sua veracidade. 'Se tantos acreditam, não pode estar errado'.<br><br>**Exemplo Clássico:**<br>""Milhões de pessoas acreditam em astrologia, então deve haver alguma verdade nisso.""<br><br>A verdade não é decidida por votação. Por séculos, a maioria das pessoas acreditava que a Terra era o centro do universo.<br><br>**Munição Defensiva:**<br>Apele aos fatos, não aos números. Diga: ""A popularidade de uma ideia não a torna verdadeira. Quais são as evidências e os argumentos lógicos que a sustentam, independentemente de quantas pessoas acreditam nela?"" ",Apelo à popularidade,5,"Todo mundo acredita então é verdade, Efeito manada, Pressão do grupo, A maioria está certa","37,Todo mundo acredita então é verdade, Efeito manada, Pressão do grupo, A maioria está certa",
38,person,Lei de Hofstadter,"Uma tarefa sempre leva mais tempo do que o esperado, mesmo quando se leva em conta a Lei de Hofstadter.","Esta é uma lei recursiva e irônica sobre a dificuldade da previsão. Ela nos diz que somos cronicamente otimistas sobre o tempo que levaremos para completar tarefas complexas. O mais interessante é que, mesmo sabendo disso, ainda subestimamos o tempo.<br><br>**Exemplo Clássico:**<br>Você estima que um projeto levará um mês. Levando em conta a Lei de Hofstadter, você adiciona duas semanas de margem. No final, o projeto leva dois meses.<br><br>**Munição defensiva:**<br>1. Multiplique suas estimativas: Uma regra prática é multiplicar sua estimativa de tempo por 1.5 ou até 2.<br>2. Quebre em tarefas menores: É mais fácil estimar o tempo para tarefas pequenas e concretas do que para um projeto grande e abstrato.",Lei de Hofstadter,5,"Sempre demora mais que o previsto, Falha no planejamento, Otimismo irrealista, Prazos","38,Sempre demora mais que o previsto, Falha no planejamento, Otimismo irrealista, Prazos",
39,sword,Modelo Mental: O Homem com um Martelo,A tendência de usar a mesma solução para todos os problemas.,"A frase 'para quem só tem um martelo, todo problema parece um prego' descreve uma deformação profissional. É quando um especialista tenta aplicar sua ferramenta ou modelo mental a todos os problemas que encontra, mesmo quando não são adequados.<br><br>**Exemplo Clássico:**<br>Um cirurgião pode ver a solução para um problema de saúde como sendo sempre a cirurgia. Um psicólogo pode ver a solução como sendo sempre a terapia. Um economista pode ver tudo como um problema de incentivos.<br><br>**Munição defensiva:**<br>Construa uma caixa de ferramentas de modelos mentais. Não dependa de uma única perspectiva. Diante de um problema, pergunte: ""Como um biólogo veria isso? E um engenheiro? E um historiador?"" Olhar o problema de diferentes ângulos revela soluções novas.",O homem com um martelo,5,"Para quem tem martelo tudo é prego, Vício de especialista, Usar sempre a mesma solução, Deformação profissional","39,Para quem tem martelo tudo é prego, Vício de especialista, Usar sempre a mesma solução, Deformação profissional",
40,shield,Falácia: Apelo à Tradição,Argumentar que algo é bom ou verdadeiro simplesmente porque é antigo.,"Esta falácia assume que a tradição é, por si só, uma garantia de verdade ou de qualidade. A lógica é: 'Sempre foi feito assim, portanto, deve ser o jeito certo'.<br><br>**Exemplo Clássico:**<br>""Nossa empresa nunca precisou de marketing digital para ter sucesso. Devemos continuar focando apenas nos nossos métodos tradicionais de venda.""<br><br>O sucesso passado não garante o sucesso futuro. O fato de algo ser antigo não o torna imune à necessidade de reavaliação.<br><br>**Munição Defensiva:**<br>Separe a tradição da lógica. Diga: ""Eu respeito a tradição, mas precisamos analisar se os motivos que a tornaram válida no passado ainda se aplicam hoje. Quais são os méritos do argumento em si, independentemente de sua idade?"" ",Apelo à tradição,5,"Sempre foi feito assim, Respeito à tradição, Medo de mudar, Argumento do conservadorismo","40,Sempre foi feito assim, Respeito à tradição, Medo de mudar, Argumento do conservadorismo",
41,brain,Viés: Negatividade,A tendência de dar mais peso a experiências e informações negativas do que às positivas.,"Nosso cérebro evoluiu para prestar mais atenção a ameaças do que a oportunidades. É por isso que uma única crítica pode anular dez elogios, e por que as notícias ruins viajam muito mais rápido que as boas. O negativo simplesmente tem mais peso psicológico.<br><br>**Exemplo Clássico:**<br>Você tem um dia de trabalho excelente, com várias conquistas. No final do dia, seu chefe faz uma pequena crítica construtiva. É provável que você vá para casa remoendo apenas a crítica, esquecendo todo o resto.<br><br>**Munição Defensiva:**<br>1. Pratique a gratidão: Force-se ativamente a listar as coisas positivas.<br>2. Use a regra do 5 para 1"": Para cada interação negativa, busque cinco interações positivas para equilibrar a balança psicológica.""",Viés de negatividade,5,"Foco no negativo, Uma crítica anula dez elogios, Notícias ruins viajam mais rápido, Aversão à perda, Peso psicológico do negativo","41,Foco no negativo, Uma crítica anula dez elogios, Notícias ruins viajam mais rápido, Aversão à perda, Peso psicológico do negativo",
42,shield,Falácia: Apelo à Novidade,Argumentar que algo é melhor ou verdadeiro simplesmente porque é novo.,"Esta é a falácia oposta ao 'Apelo à Tradição'. Ela assume que o novo é inerentemente superior ao antigo. É a obsessão pela 'última moda', seja em tecnologia, gestão ou ideologia.<br><br>**Exemplo Clássico:**<br>""Esta nova metodologia de gestão ágil é a solução para todos os nossos problemas. Devemos abandonar tudo o que fazíamos antes.""<br><br>O novo pode ser melhor, mas muitas vezes é apenas diferente, ou até pior. A novidade não é, em si, um argumento.<br><br>**Munição Defensiva:**<br>Exija evidências de superioridade. Pergunte: ""Além de ser novo, quais são as evidências concretas de que este método é melhor do que o que já temos? Quais são os seus 'trade-offs'?"" ",Apelo à novidade,5,"É bom porque é novo, O mais recente é melhor, Modismo, Obsessão pela inovação, Desprezo pelo antigo","42,É bom porque é novo, O mais recente é melhor, Modismo, Obsessão pela inovação, Desprezo pelo antigo",
43,person,Efeito Streisand,A tentativa de esconder ou censurar uma informação acaba por torná-la muito mais conhecida.,"Este efeito descreve o fenômeno irônico onde a tentativa de remover algo da internet ou da vista do público acaba por atrair massivamente a atenção para isso. A censura se torna o melhor marketing.<br><br>**Exemplo Clássico:**<br>A cantora Barbra Streisand processou um fotógrafo para remover uma foto aérea de sua casa da internet. Antes do processo, a foto tinha sido vista pouquíssimas vezes. Depois, a notícia do processo viralizou e milhões de pessoas viram a foto.<br><br>**Munição defensiva:**<br>Entenda que, na era digital, a censura é contraproducente. A melhor forma de combater uma má ideia não é tentar silenciá-la, mas refutá-la com uma ideia melhor no livre mercado de ideias.",Efeito Streisand,5,"Tentar censurar algo só piora, Efeito bumerangue, Publicidade negativa, Proibir só aumenta o interesse, Censura","43,Tentar censurar algo só piora, Efeito bumerangue, Publicidade negativa, Proibir só aumenta o interesse, Censura",
44,sword,Modelo Mental: Pensamento Probabilístico,"Ver o mundo em termos de probabilidades, não de certezas.","O Pensamento Probabilístico é a tentativa de estimar, da melhor forma possível, a probabilidade de um resultado ocorrer, em vez de pensar em termos de 'sim' ou 'não'. É a principal ferramenta para tomar decisões em um mundo incerto.<br><br>**Exemplo Clássico:**<br>Um médico não diz: ""Você vai ter um ataque cardíaco."" Ele diz: ""Com base no seu colesterol e pressão, você tem uma probabilidade X% maior de ter um ataque cardíaco do que a média.""<br><br>**Munição defensiva:**<br>Sempre que se deparar com uma previsão, traduza-a para probabilidades. Em vez de 'Será que este projeto vai dar certo?', pergunte: ""Qual a probabilidade de sucesso, e o que podemos fazer para aumentá-la?"" ",Pensamento probabilístico,5,"Pensar em chances, Calcular as probabilidades, Incerteza, Não é sim ou não, Análise de risco","44,Pensar em chances, Calcular as probabilidades, Incerteza, Não é sim ou não, Análise de risco",
45,brain,Viés: Retrospectiva (Hindsight Bias),A tendência de ver os eventos passados como sendo mais previsíveis do que realmente eram.,"Este é o viés do ""Eu já sabia!"". Depois que um evento ocorre, nossa mente reconstrói o passado para que o resultado pareça inevitável. Superestimamos nossa capacidade de ter previsto o resultado.<br><br>**Exemplo Clássico:**<br>Após uma crise financeira, muitos analistas dizem: ""Os sinais estavam todos lá! Era óbvio que isso ia acontecer."" Na época, no entanto, a situação era muito mais incerta e ninguém previu com certeza.<br><br>**Munição Defensiva:**<br>Mantenha um diário de decisões. Anote o que você pensa e por que, antes de saber o resultado. Isso o forçará a confrontar a diferença entre o que era realmente sabido na época e o que 'parece óbvio' em retrospecto.",Viés de retrospectiva,5,"""Eu já sabia"", Era óbvio que ia acontecer, Previsão do passado, Excesso de confiança retrospectivo","45,""Eu já sabia"", Era óbvio que ia acontecer, Previsão do passado, Excesso de confiança retrospectivo",
48,person,Paradoxo de Abilene,A incapacidade de um grupo de gerenciar o acordo.,"O Paradoxo de Abilene descreve uma situação bizarra onde um grupo de pessoas concorda coletivamente em tomar uma decisão que nenhum dos membros individuais queria. Isso acontece porque cada pessoa acredita falsamente que sua preferência é contrária à do grupo, e não quer 'balançar o barco'. É uma falha na gestão do acordo, não do desacordo.<br><br>**Exemplo Clássico:**<br>Uma família está entediada em casa. Alguém sugere ir a Abilene, uma cidade distante e quente. Todos concordam, para agradar aos outros. A viagem é um desastre. No final, todos admitem que não queriam ir, mas foram porque achavam que os outros queriam.<br><br>**Munição Defensiva:**:<br>Promova a segurança psicológica. Crie um ambiente onde as pessoas se sintam seguras para expressar suas verdadeiras preferências, mesmo que achem que estão sozinhas. Diga: ""Só para checar, todo mundo realmente quer fazer isso, ou estamos apenas sendo educados?"" ",Paradoxo de Abilene,5,"Concordar sem querer, Medo de balançar o barco, Falso consenso, Falha na gestão de acordo, Ninguém queria mas todo mundo foi","48,Concordar sem querer, Medo de balançar o barco, Falso consenso, Falha na gestão de acordo, Ninguém queria mas todo mundo foi",
49,brain,Viés: Otimismo,A tendência de superestimar a probabilidade de resultados positivos.,"Este viés é o oposto do Viés de Negatividade. É a nossa tendência de acreditar que somos menos propensos a experimentar eventos negativos do que os outros. 'Isso nunca vai acontecer comigo.'<br><br>**Exemplo Clássico:**<br>Fumantes que acreditam que as estatísticas sobre câncer de pulmão não se aplicam a eles. Empreendedores que acreditam que a taxa de 90% de falha de startups não se aplica ao seu negócio.<br><br>**Munição Defensiva:**<br>1. Faça um 'Pré-Mortem': Imagine que seu projeto fracassou espetacularmente e liste todas as razões pelas quais isso aconteceu. Isso força o pensamento realista.<br>2. Olhe para a 'taxa base': Ignore sua situação particular por um momento e pergunte: ""O que as estatísticas dizem sobre outras pessoas/projetos em situação semelhante?""",Viés de otimismo,5,"""Isso nunca vai acontecer comigo"", Excesso de confiança no futuro, Subestimar riscos, Falácia do planejamento","49,""Isso nunca vai acontecer comigo"", Excesso de confiança no futuro, Subestimar riscos, Falácia do planejamento",
50,shield,Falácia: Causa Única,"Assumir que há apenas uma causa para um resultado que, na verdade, tem múltiplas causas.","Esta falácia, também conhecida como 'reducionismo causal', simplifica excessivamente problemas complexos. É a tendência de procurar por 'a' causa, quando a maioria dos eventos importantes (uma crise econômica, o sucesso de uma empresa, uma guerra) tem múltiplas causas interligadas.<br><br>**Exemplo Clássico:**<br>""A causa da crise de 2008 foi a ganância dos banqueiros.""<br><br>A ganância foi um fator, mas a crise também foi causada por políticas governamentais, falhas de agências reguladoras, e decisões de milhões de indivíduos.<br><br>**Munição Defensiva:**<br>Resista à tentação da simplicidade. Pergunte: ""Quais são TODAS as possíveis causas que contribuíram para este resultado? E qual o peso de cada uma?"" ",Falácia da causa única,5,"A culpa é de uma coisa só, Simplificação excessiva, Ignorar complexidade, Múltiplos fatores, Reducionismo","50,A culpa é de uma coisa só, Simplificação excessiva, Ignorar complexidade, Múltiplos fatores, Reducionismo",
51,person,Lei de Stigler,Nenhuma descoberta científica recebe o nome de seu descobridor original.,"Esta 'lei' irônica, que se aplica a si mesma (Stephen Stigler não foi o primeiro a observá-la), nos lembra que a história da ciência e das ideias é muito mais complexa e colaborativa do que as narrativas de 'grandes gênios' nos fazem crer. Muitas 'descobertas' são, na verdade, redescobertas ou o culminar do trabalho de muitos.<br><br>**Exemplo Clássico:**<br>O Teorema de Pitágoras era conhecido pelos babilônios mais de 1000 anos antes de Pitágoras.<br><br>**Munição defensiva:**<br>Seja cético em relação a histórias de 'gênios solitários'. A inovação é quase sempre um processo social e incremental. Reconheça a importância da colaboração e da construção sobre o trabalho de outros.",Lei de Stigler,5,"Descobertas científicas não têm o nome do descobridor, História da ciência, Colaboração científica, Efeito Mateus","51,Descobertas científicas não têm o nome do descobridor, História da ciência, Colaboração científica, Efeito Mateus",
52,sword,Modelo Mental: Redundância,Ter planos de backup e margens de segurança.,"Inspirado na engenharia, o modelo da redundância é a prática de ter sistemas de backup e capacidade extra para lidar com falhas e eventos inesperados. É o oposto da otimização excessiva.<br><br>**Exemplo Clássico:**<br>Um avião tem múltiplos motores e sistemas de navegação. Se um falhar, os outros assumem. O corpo humano tem dois rins.<br><br>**Munição defensiva:**<br>Aplique a redundância à sua vida e aos seus projetos. Tenha uma reserva de emergência (redundância financeira). Não dependa de uma única fonte de renda (redundância de carreira). Não preencha 100% da sua agenda (redundância de tempo). É o que te torna antifrágil.",Redundância,5,"Plano B, Margem de segurança, Sistemas de backup, Antifragilidade, Evitar otimização excessiva","52,Plano B, Margem de segurança, Sistemas de backup, Antifragilidade, Evitar otimização excessiva",
53,brain,Viés: Efeito IKEA,A tendência de valorizar mais as coisas que ajudamos a construir.,"Este viés cognitivo descreve como damos um valor desproporcionalmente alto a produtos que montamos ou criamos parcialmente. O esforço que colocamos na criação se transfere para a nossa avaliação do produto final.<br><br>**Exemplo Clássico:**<br>A pessoa que monta um móvel da IKEA, mesmo que tenha ficado um pouco torto, tende a valorizá-lo mais do que um móvel idêntico já montado.<br><br>**Munição defensiva:**<br>Como líder, envolva sua equipe na criação da solução. Se eles sentirem que a ideia é 'deles', o comprometimento e a valorização do projeto serão muito maiores. Não entregue a solução pronta; construa-a com eles.",Viés do efeito IKEA,5,"Eu que fiz então é melhor, Valorização do próprio esforço, Apego ao que construímos, ""Fui eu que montei""","53,Eu que fiz então é melhor, Valorização do próprio esforço, Apego ao que construímos, ""Fui eu que montei""",
54,shield,Falácia: Apelo à Piedade (Ad Misericordiam),Tentar ganhar apoio para um argumento explorando os sentimentos de pena ou culpa do oponente.,"Esta é uma forma específica do 'Apelo à Emoção'. Ocorre quando alguém tenta fazer com que sua posição seja aceita não por apresentar evidências, mas por fazer o oponente se sentir culpado se não concordar.<br><br>**Exemplo Clássico:**<br>Um aluno que foi mal na prova diz ao professor: ""Professor, eu preciso de uma nota melhor. Se eu for reprovado, meus pais vão ficar muito decepcionados e eu posso perder minha bolsa.""<br><br>A situação do aluno pode ser triste, mas ela não muda o fato de que seu desempenho na prova foi ruim. A nota deveria refletir o conhecimento, não a situação pessoal.<br><br>**Munição Defensiva:**<br>Separe a compaixão do julgamento objetivo. Diga: ""Eu entendo sua situação difícil e lamento por isso. No entanto, precisamos avaliar a questão [a prova, o argumento] com base em seus próprios méritos, de forma justa e objetiva.""",Apelo à piedade,5,"Chantagem emocional, Usar a pena para convencer, Vítimismo, Apelo ao coitadinho, Manipulação por culpa","54,Chantagem emocional, Usar a pena para convencer, Vítimismo, Apelo ao coitadinho, Manipulação por culpa",
55,sword,Modelo Mental: Incomensurabilidade (Kuhn),A impossibilidade de comparar paradigmas científicos rivais usando um padrão neutro.,"Thomas Kuhn, em 'A Estrutura das Revoluções Científicas', introduziu a ideia de incomensurabilidade. Ele argumenta que cientistas que operam em paradigmas diferentes (ex: física de Newton vs. física de Einstein) vivem em 'mundos diferentes'. Eles usam as mesmas palavras ('massa', 'espaço'), mas com significados radicalmente distintos, tornando a comunicação e a prova lógica entre os paradigmas quase impossível.<br><br>**Exemplo Clássico:**<br>Tentar provar a um marxista que a propriedade privada é benéfica. Você argumenta com dados sobre prosperidade. Ele responde que a 'prosperidade' em si é um conceito burguês que mascara a 'exploração'. Vocês não estão tendo um debate; vocês estão operando em paradigmas incomensuráveis.<br><br>**Munição estratégica:**<br>Reconheça quando um debate é inútil por causa da incomensurabilidade. Em vez de tentar vencer o argumento dentro do paradigma do oponente, ataque as premissas fundamentais do paradigma dele. Exponha os axiomas que ele assume como verdadeiros sem prova.",Incomensurabilidade,5,"""Falando línguas diferentes"", Paradigmas que não se conversam, Impossível comparar, Mundos diferentes, Thomas Kuhn","55,""Falando línguas diferentes"", Paradigmas que não se conversam, Impossível comparar, Mundos diferentes, Thomas Kuhn",
56,brain,Viés: Desconto Hiperbólico,A tendência de preferir recompensas menores e imediatas a recompensas maiores e futuras.,"Este viés é a matemática por trás da procrastinação e da falta de disciplina. Nosso cérebro tem uma tendência irracional de desvalorizar drasticamente uma recompensa à medida que ela se afasta no tempo. A preferência por uma gratificação menor agora é muito mais forte do que a preferência por uma recompensa muito maior depois.<br><br>**Exemplo Clássico:**<br>Você sabe que economizar R$100 hoje para a aposentadoria vai valer muito mais no futuro. No entando, o prazer imediato de gastar  R$100 num jantar hoje parece muito mais atraente. Seu cérebro está 'descontando hiperbolicamente' o valor da sua futura segurança.<br><br>**Munição estratégica:**<br>1. Torne a recompensa futura mais concreta: Visualize vividamente os benefícios de longo prazo.<br>2. Crie gratificações imediatas para o bom comportamento: Estabeleça pequenas recompensas para si mesmo por ter feito a escolha de longo prazo. É uma forma de 'hackear' seu próprio cérebro.",Desconto hiperbólico,5,"Preferir prazer agora do que recompensa maior depois, Procrastinação, Gratificação imediata, Impaciência","56,Preferir prazer agora do que recompensa maior depois, Procrastinação, Gratificação imediata, Impaciência",
57,shield,Falácia: Naturalista (Problema Ser/Dever Ser),Derivar uma conclusão moral ('dever ser') a partir de uma premissa factual ('ser').,"Apontada por David Hume, esta é uma das falácias mais profundas e comuns em debates éticos. Ela ocorre quando alguém salta de uma descrição de como as coisas são para uma prescrição de como elas deveriam ser, sem uma ponte argumentativa.<br><br>**Exemplo Clássico:**<br>""Na natureza, os fortes sobrevivem e os fracos perecem (um fato, um 'ser'). Portanto, na sociedade, nós devemos deixar os fracos se virarem sozinhos (uma moral, um 'dever ser').""<br><br>O fato de a natureza ser brutal não implica logicamente que nossa moral deva ser brutal. A civilização é, em grande parte, o esforço para sermos melhores do que a 'lei da selva'.<br><br>**Munição Defensiva:**<br>Aponte o salto lógico. Pergunte: ""Você descreveu um fato. Agora, por favor, apresente o princípio moral que justifica derivar este dever específico daquele fato."" ",Falácia naturalista,5,"O que é não significa que deve ser, Salto do fato para o valor, Guilhotina de Hume, Darwinismo social","57,O que é não significa que deve ser, Salto do fato para o valor, Guilhotina de Hume, Darwinismo social",
58,person,Teoria Mimética (René Girard),"Nosso desejo é imitado, o que leva à rivalidade e ao mecanismo do bode expiatório.","René Girard propôs uma teoria poderosa da natureza humana. Ele argumenta que nossos desejos não são originais; nós desejamos o que os outros desejam. Essa imitação (mimese) leva inevitavelmente à rivalidade, pois duas pessoas desejando o mesmo objeto se tornam rivais. Quando essa rivalidade ameaça destruir a comunidade, ela é resolvida através do mecanismo do bode expiatório: o grupo se une em uma violência unânime contra uma vítima arbitrária, cuja expulsão ou morte restaura a paz.<br><br>**Exemplo Clássico:**<br>A cultura do 'cancelamento' na internet. Uma multidão online, movida por uma rivalidade difusa, de repente foca sua indignação em uma única pessoa (o 'bode expiatório'). A 'execução' virtual dessa pessoa gera um sentimento de coesão e pureza moral no grupo.<br><br>**Munição estratégica:**<br>Use esta teoria para diagnosticar a dinâmica oculta em conflitos de grupo. Pergunte: ""Quem é o bode expiatório aqui? Qual é a rivalidade real que está sendo projetada nesta vítima?"" É uma ferramenta para desmascarar a falsa moralidade da violência coletiva.",Teoria mimética,5,"Desejamos o que os outros desejam, Inveja, Rivalidade, Bode expiatório, Violência coletiva, René Girard","58,Desejamos o que os outros desejam, Inveja, Rivalidade, Bode expiatório, Violência coletiva, René Girard",
59,sword,Modelo Mental: O Leviatã (Hobbes),"A necessidade de um poder soberano para evitar a ""guerra de todos contra todos"".","Thomas Hobbes, em 'Leviatã', argumenta que, no 'estado de natureza', sem um governo, a vida seria 'solitária, pobre, sórdida, brutal e curta'. Para escapar desse caos, os indivíduos concordam em ceder parte de sua liberdade a um poder soberano e absoluto (o Leviatã) em troca de paz e segurança.<br><br>**Exemplo Clássico:**<br>Uma situação de colapso social, como um desastre natural, onde as leis deixam de ser aplicadas. Rapidamente, a violência e o saque se espalham, mostrando o que acontece quando o 'Leviatã' está ausente.<br><br>**Munição estratégica:**<br>Use o conceito de Hobbes para refutar o anarquismo e a utopia libertária ingênua. A liberdade só pode existir sob a proteção de um Estado forte que detém o monopólio da violência legítima e garante a ordem. A questão não é se teremos um Leviatã, mas como garantir que ele seja justo e limitado.",O Leviatã,5,"Sem governo a vida é um caos, Guerra de todos contra todos, Necessidade do Estado, Contrato social, Thomas Hobbes","59,Sem governo a vida é um caos, Guerra de todos contra todos, Necessidade do Estado, Contrato social, Thomas Hobbes",
60,brain,Viés: Ilusão de Controle,A tendência de superestimar nossa capacidade de controlar eventos.,"Este viés descreve a crença irracional de que podemos influenciar resultados sobre os quais não temos, na verdade, nenhum controle. É a mentalidade do jogador que sopra os dados antes de jogá-los, como se isso pudesse mudar o resultado.<br><br>**Exemplo Clássico:**<br>Um investidor que acredita que sua 'análise' pode prever os movimentos de curto prazo do mercado de ações, que na realidade é um sistema caótico e imprevisível.<br><br>**Munição estratégica:**<br>Use o Círculo de Influência vs. Círculo de Preocupação (de Stephen Covey). Foque sua energia apenas nas coisas que você pode de fato controlar (suas ações, seus valores, seu esforço). Aceite com serenidade o que está fora do seu controle. É a base da sabedoria estoica.",Ilusão de controle,5,"Achar que controla o incontrolável, Superstição, Falsa sensação de poder, Círculo de influência","60,Achar que controla o incontrolável, Superstição, Falsa sensação de poder, Círculo de influência",
61,shield,Falácia: da Composição,Assumir que o que é verdadeiro para a parte deve ser verdadeiro para o todo.,"Esta falácia ocorre quando se infere que algo é verdadeiro para o todo a partir do fato de que é verdadeiro para alguma parte do todo. O todo pode ter propriedades que as partes não têm.<br><br>**Exemplo Clássico:**<br>""Cada jogador deste time de futebol é um craque. Portanto, o time deve ser imbatível.""<br><br>Um time de craques sem entrosamento, estratégia ou trabalho em equipe pode ser facilmente derrotado por um time mediano, mas bem organizado. As propriedades do todo (sinergia, tática) não estão nas partes.<br><br>**Munição Defensiva:**<br>Aponte que as propriedades do sistema não são a mera soma das partes. Pergunte: ""Você está ignorando as interações entre as partes? Como o sistema se comporta como um todo?"" ",Falácia da composição,5,"O que vale para a parte não vale para o todo, O time de estrelas não é o melhor time, Sinergia","61,O que vale para a parte não vale para o todo, O time de estrelas não é o melhor time, Sinergia",
62,person,Teoria dos Fundamentos Morais (Haidt),"A moralidade humana se baseia em pelo menos seis ""fundações"" intuitivas.","Jonathan Haidt argumenta que nosso raciocínio moral é mais como um advogado defendendo uma intuição do que um cientista buscando a verdade. Ele identificou seis fundamentos morais que funcionam como os 'papilas gustativas' da nossa moralidade: Cuidado/Dano, Justiça/Enganação, Lealdade/Traição, Autoridade/Subversão, Santidade/Degradação e Liberdade/Opressão.<br><br>**Exemplo Clássico:**<br>Pessoas de esquerda tendem a basear sua moralidade primariamente em Cuidado e Justiça. Pessoas conservadoras tendem a usar todos os seis fundamentos de forma mais equilibrada.<br><br>**Munição estratégica:**<br>Use esta teoria para entender e se comunicar com pessoas que pensam diferente. Em vez de argumentar apenas com base na lógica, apele aos fundamentos morais do seu interlocutor. Se estiver falando com um progressista, foque em argumentos de compaixão. Se estiver falando com um conservador, use argumentos de lealdade e respeito à autoridade.",Teoria dos fundamentos morais,5,"Intuições morais, Diferença moral entre esquerda e direita, Pilares da moralidade, Jonathan Haidt","62,Intuições morais, Diferença moral entre esquerda e direita, Pilares da moralidade, Jonathan Haidt",
63,sword,Modelo Mental: Ordem Espontânea,"A emergência de ordem a partir de ações individuais, sem um planejamento central.","Popularizado por F. A. Hayek, este conceito descreve como sistemas complexos e ordenados podem emergir de baixo para cima, a partir das interações de indivíduos que seguem regras simples, sem que ninguém tenha projetado o resultado final. É a ordem sem um ordenador.<br><br>**Exemplo Clássico:**<br>A língua portuguesa. Ninguém a 'inventou' ou a planejou. Ela evoluiu organicamente ao longo de séculos a partir das interações de milhões de falantes. O mesmo vale para uma cidade, um mercado ou um ecossistema.<br><br>**Munição estratégica:**<br>Use este conceito como a refutação definitiva do planejamento central e da engenharia social. A arrogância do planejador é acreditar que ele pode projetar de cima para baixo uma ordem que só pode emergir de forma espontânea. A melhor forma de criar ordem é garantir a liberdade e as regras simples (Estado de Direito).",Ordem espontânea,5,"Ordem sem planejador, Emergência, Mão invisível, F. A. Hayek, De baixo para cima","63,Ordem sem planejador, Emergência, Mão invisível, F. A. Hayek, De baixo para cima",
64,brain,Viés: Ponto Cego (Bias Blind Spot),A tendência de não reconhecer nossos próprios vieses cognitivos.,"Este é um 'meta-viés'. É a nossa tendência de reconhecer o impacto dos vieses nos julgamentos dos outros, enquanto falhamos em ver o impacto dos vieses nos nossos próprios julgamentos. Em suma, é fácil ver o cisco no olho do outro, mas difícil ver a trave no nosso.<br><br>**Exemplo Clássico:**<br>Um gerente que critica sua equipe por sofrer do 'Viés de Confirmação', mas que ele mesmo só consome informações que confirmam suas próprias estratégias.<br><br>**Munição estratégica:**<br>A única defesa é a humildade intelectual radical e a busca ativa por feedback de pessoas que discordam de você. Crie um 'conselho de adversários' pessoal, pessoas inteligentes e honestas cuja função é apontar seus pontos cegos.",Viés do ponto cego,5,"Eu vejo o viés dos outros mas não o meu, ""Eu sou imparcial"", Falta de autocrítica, Meta-viés","64,Eu vejo o viés dos outros mas não o meu, ""Eu sou imparcial"", Falta de autocrítica, Meta-viés",
65,shield,Falácia: da Divisão,Assumir que o que é verdadeiro para o todo deve ser verdadeiro para as partes.,"Esta é a falácia oposta à 'Falácia da Composição'. Ocorre quando se argumenta que, como o todo tem uma certa propriedade, suas partes também devem ter essa propriedade.<br><br>**Exemplo Clássico:**<br>""A seleção brasileira é a melhor do mundo. Portanto, o nosso goleiro deve ser o melhor goleiro do mundo.""<br><br>A equipe pode ser a melhor como um todo, mas isso não significa que cada um de seus jogadores seja o melhor em sua posição.<br><br>**Munição Defensiva:**<br>Exija a análise das partes individuais. Diga: ""A propriedade do todo não se transfere automaticamente para as partes. Vamos analisar esta parte específica com base em seus próprios méritos."" ",Falácia da divisão,5,"O que vale para o todo não vale para a parte, A empresa é ótima mas o funcionário é ruim, Estereótipo invertido","65,O que vale para o todo não vale para a parte, A empresa é ótima mas o funcionário é ruim, Estereótipo invertido",
66,person,Normalização do Desvio (Diane Vaughan),A tendência de aceitar gradualmente desvios de uma norma até que o desastre se torne inevitável.,"Diane Vaughan cunhou este termo ao estudar o desastre do ônibus espacial Challenger. Ela descobriu que o desastre não foi causado por um único erro, mas por um processo gradual onde pequenos desvios da norma de segurança foram aceitos como 'normais' e o risco foi redefinido para baixo, vez após vez, até que a catástrofe ocorreu.<br><br>**Exemplo Clássico:**<br>Uma empresa que começa a tolerar pequenos atrasos, depois pequenas falhas de qualidade, depois pequenos deslizes éticos. Cada passo parece pequeno, mas a cultura está gradualmente 'normalizando o desvio' em direção ao fracasso.<br><br>**Munição estratégica:**<br>Seja o guardião intolerante dos padrões. Combata os pequenos desvios com a mesma seriedade que os grandes. Pergunte constantemente: ""Estamos nos afastando de nossos padrões originais? Estamos começando a aceitar o 'bom o suficiente' em vez do 'excelente'?"" ",Normalização do desvio,5,"Aceitar pequenos erros até o desastre, ""Sempre foi assim e nunca deu problema"", Complacência, Desastre do Challenger","66,Aceitar pequenos erros até o desastre, ""Sempre foi assim e nunca deu problema"", Complacência, Desastre do Challenger",
67,sword,Modelo Mental: OODA Loop (John Boyd),"Observar, Orientar, Decidir, Agir - o ciclo da tomada de decisão sob pressão.","Desenvolvido pelo estrategista militar John Boyd, o OODA Loop é um modelo de quatro estágios para a tomada de decisão em ambientes competitivos e de alta velocidade. O objetivo é completar seu ciclo mais rápido que o oponente, para entrar no ciclo de decisão dele e desorientá-lo.<br><br>1. Observar: Coletar dados da situação.<br>2. Orientar: Analisar e sintetizar os dados com base em sua experiência e cultura (o passo mais importante).<br>3. Decidir: Escolher um curso de ação.<br>4. Agir: Executar a decisão.<br><br>**Munição defensiva:**<br>Use este modelo para treinar sua tomada de decisão. A chave para a vitória não é ter o melhor plano, mas ter a capacidade de se adaptar e decidir mais rápido que a concorrência. Acelere seu ciclo de aprendizado e ação.",OODA Loop,5,"Observar Orientar Decidir Agir, Ciclo de decisão, Agilidade estratégica, Vantagem de velocidade, John Boyd","67,Observar Orientar Decidir Agir, Ciclo de decisão, Agilidade estratégica, Vantagem de velocidade, John Boyd",
68,brain,Viés: Projeção,A tendência de assumir que os outros compartilham de nossas crenças e valores.,"Este viés é o erro de projetar nossa própria mentalidade nos outros. Assumimos inconscientemente que os outros pensam como nós, valorizam as mesmas coisas e reagirão da mesma forma. É uma falha de empatia e de imaginação.<br><br>**Exemplo Clássico:**<br>Um líder honesto que tem dificuldade em acreditar que um membro de sua equipe possa ser deliberadamente desonesto, porque ele mesmo nunca agiria assim.<br><br>**Munição estratégica:**<br>Nunca presuma que os outros são como você. Pratique o pensamento de 'chapéu de outra cor'. Tente genuinamente entender o mundo a partir da perspectiva, dos valores e dos incentivos da outra pessoa. Pergunte: ""Se eu fosse ele, com a história dele, o que eu faria?"" ",Viés de projeção,5,"Achar que todo mundo pensa como eu, Projetar meus valores nos outros, Falso consenso, Falta de empatia","68,Achar que todo mundo pensa como eu, Projetar meus valores nos outros, Falso consenso, Falta de empatia",
69,shield,Falácia: Apelo à Emoção (Subtipo: Apelo à Inveja),Incitar o ressentimento contra o sucesso alheio para validar uma posição.,"Esta é uma tática central na retórica socialista e populista. Em vez de apresentar um argumento econômico, o demagogo incita a inveja e o ressentimento da audiência contra um grupo ('os ricos', 'os banqueiros', 'a elite') para ganhar apoio para suas políticas.<br><br>**Exemplo Clássico:**<br>""Enquanto você luta para pagar suas contas, os bilionários estão comprando iates e voando em jatos particulares! É hora de fazê-los pagar sua 'parte justa'!""<br><br>O argumento não discute os méritos da política tributária; ele apenas desperta o vício da inveja.<br><br>**Munição Defensiva:**<br>Reenquadre o debate em termos de princípios, não de emoções. Diga: ""A questão não é o que os ricos têm, mas qual é o sistema mais justo e próspero para todos. Vamos discutir os princípios de uma boa política tributária, em vez de focar no ressentimento."" ",Apelo à inveja,5,"Ressentimento contra os ricos, Ódio de classe, Discurso populista, ""Taxar os bilionários""","69,Ressentimento contra os ricos, Ódio de classe, Discurso populista, ""Taxar os bilionários""",
70,person,Groupthink (Janis),A deterioração do julgamento em grupos coesos.,"Irving Janis descreveu o 'Groupthink' como um modo de pensar que ocorre quando o desejo por harmonia ou conformidade em um grupo resulta em uma tomada de decisão irracional ou disfuncional. O grupo se torna mais importante do que a verdade.<br><br>Sintomas do Groupthink:<br>• Ilusão de Invulnerabilidade: ""Nós não podemos errar.""<br>• Autocensura: As pessoas evitam expressar dúvidas para não perturbar o consenso.<br>• Pressão sobre os Dissidentes: Quem ousa discordar é visto como desleal.<br><br>**Munição estratégica:**<br>Designe oficialmente um 'advogado do diabo' em todas as reuniões importantes. A função dessa pessoa é criticar o plano e encontrar todas as suas falhas. Isso legitima a discordância e fura a bolha do consenso.",Groupthink,5,"Pensamento de grupo, Medo de discordar, Pressão para conformidade, Falso consenso, ""Advogado do diabo""","70,Pensamento de grupo, Medo de discordar, Pressão para conformidade, Falso consenso, ""Advogado do diabo""",
71,sword,Modelo Mental: Teoria dos Jogos (Dilema do Prisioneiro),A análise de decisões estratégicas onde o resultado de um depende da escolha do outro.,"O Dilema do Prisioneiro é o exemplo mais famoso da Teoria dos Jogos. Dois prisioneiros são interrogados separadamente. Se ambos ficam em silêncio, pegam uma pena pequena. Se um trai e o outro fica em silêncio, o traidor sai livre e o outro pega uma pena pesada. Se ambos se traem, ambos pegam uma pena média. A lógica individual leva ambos a trair, resultando em um resultado pior para ambos do que se tivessem cooperado.<br><br>**Munição defensiva:**<br>Use este modelo para entender por que a confiança é o ativo mais valioso em qualquer interação de longo prazo. Em 'jogos repetidos' (relacionamentos, parcerias de negócios), a melhor estratégia não é a traição, mas a cooperação e a construção de uma reputação de confiabilidade. A traição pode te dar um ganho de curto prazo, mas destrói a possibilidade de ganhos futuros.",Teoria dos jogos,5,"Cooperar ou trair, Confiança, Interação estratégica, Jogos repetidos, Dilema do prisioneiro","71,Cooperar ou trair, Confiança, Interação estratégica, Jogos repetidos, Dilema do prisioneiro",
72,brain,Viés: Foco (Focusing Illusion),A tendência de dar importância excessiva a um aspecto de um evento ao prever a felicidade futura.,"Como disse Daniel Kahneman: 'Nada na vida é tão importante quanto você pensa que é, enquanto você está pensando nisso.' Este viés descreve nossa incapacidade de ver o quadro geral ao prever nossa felicidade. Focamos em uma única mudança (ganhar na loteria, conseguir uma promoção) e superestimamos seu impacto em nosso bem-estar geral.<br><br>**Exemplo Clássico:**<br>""Se eu conseguir aquele emprego, serei feliz para sempre."" Na realidade, depois de uma euforia inicial, a pessoa se adapta e seu nível de felicidade volta ao normal, pois a vida continua com seus outros problemas e alegrias.<br><br>**Munição estratégica:**<br>Lembre-se da adaptação hedônica. A felicidade duradoura não vem de mudar suas circunstâncias, mas de cultivar suas virtudes, seus relacionamentos e sua vida espiritual. Não sacrifique sua integridade por uma meta que, no final, não o fará tão feliz quanto você imagina.",Viés de foco,5,"Superestimar a importância de uma coisa, ""Se eu ganhar na loteria serei feliz para sempre"", Adaptação hedônica","72,Superestimar a importância de uma coisa, ""Se eu ganhar na loteria serei feliz para sempre"", Adaptação hedônica",
73,shield,Falácia: da Reificação (Hipostasia),Tratar um conceito abstrato como se fosse uma coisa concreta.,"Esta falácia ocorre quando uma abstração (como 'a sociedade', 'o Estado', 'a ciência') é tratada como se fosse um ator real, com vontade e agência próprias. É uma forma de obscurecer a responsabilidade dos indivíduos.<br><br>**Exemplo Clássico:**<br>""A sociedade nos ensina a sermos consumistas."" ou ""A ciência diz que devemos fazer isso.""<br><br>A 'sociedade' não ensina nada; pessoas ensinam. A 'ciência' não diz nada; cientistas específicos, com seus dados e teorias, dizem. A reificação cria entidades míticas e impessoais.<br><br>**Munição Defensiva:**<br>Exija a identificação dos agentes reais. Pergunte: ""Quem, especificamente, está fazendo isso? Quais indivíduos estão tomando essas decisões?"" Isso força o debate a sair do mundo das abstrações e a entrar no mundo da responsabilidade concreta.",Falácia da reificação,5,"Tratar abstração como coisa real, ""A sociedade me oprimiu"", Personificar conceitos, ""A ciência diz""","73,Tratar abstração como coisa real, ""A sociedade me oprimiu"", Personificar conceitos, ""A ciência diz""",
74,person,Efeito Lindy,A expectativa de vida futura de algo não-perecível é proporcional à sua idade atual.,"O Efeito Lindy, popularizado por Taleb, sugere que, para coisas não-perecíveis (ideias, livros, tecnologias), o passado é um preditor do futuro. Uma tecnologia que existe há 100 anos (como o rádio) tem uma expectativa de vida maior do que uma que existe há 1 ano (um novo app). Uma ideia que sobreviveu por 2000 anos (a filosofia de Aristóteles) provavelmente sobreviverá por mais 2000.<br><br>**Munição defensiva:**<br>Use isso como um filtro para o conhecimento. Dê prioridade à leitura de livros que passaram no teste do tempo. Desconfie das 'novas' ideias revolucionárias que aparecem a cada ano. A sabedoria que sobreviveu por séculos tem uma robustez que a novidade raramente possui.",Efeito Lindy,5,"Quanto mais antigo, mais tempo vai durar, O teste do tempo, Sabedoria dos antigos, Ideias robustas","74,Quanto mais antigo, mais tempo vai durar, O teste do tempo, Sabedoria dos antigos, Ideias robustas",
75,sword,Modelo Mental: O Cisne Negro (Taleb),"Um evento raro, de impacto extremo e que só parece explicável em retrospecto.","Nassim Taleb define um Cisne Negro como um evento que possui três características: 1) É um outlier, fora das expectativas normais; 2) Tem um impacto extremo; 3) Nossa natureza nos faz criar explicações para sua ocorrência depois do fato, tornando-o explicável e previsível em retrospecto.<br><br>**Exemplo Clássico:**<br>A ascensão da internet, os ataques de 11 de Setembro, a crise financeira de 2008.<br><br>**Munição estratégica:**<br>Aceite a imprevisibilidade radical do mundo. Em vez de tentar prever o próximo Cisne Negro (o que é impossível), construa robustez e antifragilidade. Tenha redundâncias, evite dívidas excessivas e esteja preparado para o inesperado. A preparação é mais importante que a previsão.",Cisne negro,5,"Evento raro e de alto impacto, Imprevisível, ""Ponto fora da curva"", Incerteza radical, Nassim Nicholas Taleb","75,Evento raro e de alto impacto, Imprevisível, ""Ponto fora da curva"", Incerteza radical, Nassim Nicholas Taleb",
76,brain,Viés: Sobrecarga de Escolha,A paralisia e a insatisfação que surgem ao se ter opções demais.,"Ao contrário da crença de que 'mais é sempre melhor', este viés mostra que a abundância de opções pode levar à ansiedade, à paralisia na tomada de decisão e a uma menor satisfação com a escolha finalmente feita (pois sempre nos perguntamos sobre as opções que deixamos para trás).<br><br>**Exemplo Clássico:**<br>O corredor de um supermercado com 150 tipos de molho de salada. Muitos clientes ficam paralisados ou saem menos satisfeitos com sua escolha do que se tivessem apenas 5 opções.<br><br>**Munição estratégica:**<br>1. Simplifique: Reduza o número de opções em suas próprias decisões e nas que você oferece aos outros.<br>2. Satisfaça, não maximize: Em vez de buscar a 'escolha perfeita' (maximizar), busque uma que seja 'boa o suficiente' (satisfazer). É o caminho para a paz de espírito.",Viés da sobrecarga de escolha,5,"Muitas opções paralisam, Paradoxo da escolha, Ansiedade de decisão, ""Satisfazer"" em vez de ""maximizar""","76,Muitas opções paralisam, Paradoxo da escolha, Ansiedade de decisão, ""Satisfazer"" em vez de ""maximizar""",
77,shield,Falácia: do Meio-Termo (Argumentum ad Temperantiam),Assumir que a verdade está sempre no meio-termo entre duas posições extremas.,"Esta falácia assume que o compromisso entre duas posições é sempre a verdade. Embora muitas vezes a moderação seja uma virtude, a verdade não é, por definição, o ponto médio entre uma verdade e uma mentira.<br><br>**Exemplo Clássico:**<br>• Pessoa A: ""O céu é azul.""<br>• Pessoa B: ""O céu é amarelo.""<br>• Moderador Falacioso: ""Então, a verdade deve ser que o céu é verde.""<br><br>O meio-termo entre uma verdade factual e uma falsidade completa ainda é uma falsidade.<br><br>**Munição Defensiva:**<br>A verdade não é um leilão. Diga: ""A verdade não é uma questão de negociação. Vamos analisar as evidências para cada posição independentemente. O fato de uma posição ser 'extrema' não a torna automaticamente falsa."" ",Falácia do meio-termo,5,"A verdade está no meio, Falso compromisso, Moderação como verdade absoluta, Centrismo falacioso","77,A verdade está no meio, Falso compromisso, Moderação como verdade absoluta, Centrismo falacioso",
81,person,A Lei de Ferro da Oligarquia (Michels),"Toda organização, não importa quão democrática em seus inícios, inevitavelmente se desenvolve em uma oligarquia.","Robert Michels formulou esta lei pessimista, mas realista, da sociologia. Ele argumenta que a própria natureza de uma organização complexa exige uma burocracia e uma liderança especializada. Com o tempo, essa liderança se torna uma elite (oligarquia) com seus próprios interesses, que se perpetua no poder, independentemente das intenções democráticas originais.<br><br>**Exemplo Clássico:**<br>Partidos socialistas e sindicatos que começam com o ideal de 'poder dos trabalhadores', mas que acabam sendo controlados por décadas pela mesma pequena cúpula de líderes burocráticos.<br><br>**Munição estratégica:**<br>Use esta lei para desmascarar a hipocrisia de movimentos que prometem 'democracia radical' ou o 'fim das elites'. A questão não é se haverá uma elite, mas qual elite teremos: uma que seja competente, virtuosa e com mecanismos de accountability, ou uma que seja corrupta e entrincheirada. A busca não é pelo fim das elites, mas pela circulação e pela qualidade das elites.",A lei de ferro da oligarquia,5,"Toda organização vira uma elite, O poder corrompe, ""Revolucionários"" que viram tiranos, Robert Michels","81,Toda organização vira uma elite, O poder corrompe, ""Revolucionários"" que viram tiranos, Robert Michels",
82,brain,Viés: Efeito Cobra,Quando uma tentativa de solução para um problema acaba por piorá-lo.,"O nome vem de uma anedota da Índia colonial britânica. Preocupado com o número de cobras venenosas, o governo ofereceu uma recompensa por cada cobra morta. A política funcionou inicialmente, mas as pessoas começaram a criar cobras para obter a recompensa. Quando o governo cancelou o programa, os criadores soltaram suas cobras agora inúteis, e a população de cobras selvagens acabou maior do que antes.<br><br>**Munição estratégica:**<br>Este é um caso extremo de consequências não intencionais. Ao projetar uma solução, sempre se pergunte (usando o Pensamento de Segunda Ordem): ""Como as pessoas poderiam explorar este sistema de incentivos de uma forma que piore o problema original? Qual é a 'criação de cobras' que esta política pode gerar?"" ",Efeito cobra,5,"A solução piorou o problema, Consequências não intencionais, Incentivos perversos","82,A solução piorou o problema, Consequências não intencionais, Incentivos perversos",
83,shield,Falácia: da Relevância (Ignoratio Elenchi),"Apresentar um argumento que, embora possa ser válido em si mesmo, não aborda a questão em debate.","Também conhecida como 'conclusão irrelevante' ou 'arenque vermelho' (red herring), esta é uma falácia de distração. O argumentador muda de assunto, apresentando um ponto que desvia a atenção da questão central. É a arte de responder à pergunta que não foi feita.<br><br>**Exemplo Clássico:**<br>• Debate: ""A pena de morte é um impedimento eficaz contra o crime?""<br>• Argumento Falacioso: ""Mas e as vítimas? A dor das famílias que perderam seus entes queridos é imensa. A justiça precisa ser feita para elas!""<br><br>A dor das vítimas é real e importante, mas é um ponto irrelevante para a questão específica sobre a eficácia dissuasória da pena de morte.<br><br>**Munição Defensiva:**<br>Traga o debate de volta ao ponto central com firmeza. Diga: ""Sua preocupação é legítima, mas não responde à questão que estamos debatendo. Voltando ao ponto: quais são as evidências sobre a eficácia da pena de morte como impedimento?"" ",Falácia da relevância,5,"Mudar de assunto, Conclusão irrelevante, ""Arenque vermelho"", Desviar o foco, Ignorar a questão","83,Mudar de assunto, Conclusão irrelevante, ""Arenque vermelho"", Desviar o foco, Ignorar a questão",
84,sword,Modelo Mental: O Dilema do Inovador (Christensen),A tendência de empresas bem-sucedidas falharem por não adotarem novas tecnologias que inicialmente parecem inferiores.,"Clayton Christensen mostrou que empresas líderes de mercado muitas vezes fracassam não por incompetência, mas justamente por fazerem 'tudo certo' (ouvir os clientes, investir em melhorias). Elas são derrubadas por inovações disruptivas que, no início, parecem um 'brinquedo' de baixa qualidade para um nicho pequeno, mas que rapidamente evoluem e tomam todo o mercado.<br><br>**Exemplo Clássico:**<br>A Kodak, que dominava o mercado de filmes fotográficos, inventou a primeira câmera digital, mas a engavetou porque a qualidade era baixa e ameaçava seu negócio lucrativo de filmes. A tecnologia disruptiva (digital) a levou à falência.<br><br>**Munição estratégica:**<br>Não se apaixone pelo seu sucesso atual. Crie uma equipe ou um 'laboratório de inovação' (um skunk works) com a missão de disromper seu próprio negócio. Explore as tecnologias e os modelos de negócio 'de brinquedo' que podem parecer irrelevantes hoje, mas que podem ser o futuro.",O dilema do inovador,5,"Empresas grandes que perdem para as pequenas, Inovação disruptiva, Medo de canibalizar o próprio negócio, Clayton Christensen","84,Empresas grandes que perdem para as pequenas, Inovação disruptiva, Medo de canibalizar o próprio negócio, Clayton Christensen",
85,person,A Banalidade do Mal (Arendt),A capacidade de pessoas comuns cometerem atrocidades por conformidade e falta de pensamento.,"Ao observar o julgamento do oficial nazista Adolf Eichmann, Hannah Arendt chocou o mundo ao não descrevê-lo como um monstro sádico, mas como um burocrata medíocre e assustadoramente normal. Seu mal era 'banal', não demoníaco. Ele não odiava os judeus; ele apenas cumpria ordens eficientemente, sem pensar nas consequências de seus atos.<br><br>**Munição estratégica:**<br>O maior perigo não vem dos monstros, mas dos conformistas. Arendt nos alerta que a maior defesa contra o mal totalitário não é o heroísmo, mas a capacidade de pensar por si mesmo e de julgar o certo e o errado, independentemente das ordens do sistema ou da pressão do grupo. O mal prospera na ausência de pensamento.",A banalidade do mal,5,"Pessoas comuns cometendo atrocidades, ""Apenas cumpri ordens"", Conformidade, Ausência de pensamento crítico, Hannah Arendt","85,Pessoas comuns cometendo atrocidades, ""Apenas cumpri ordens"", Conformidade, Ausência de pensamento crítico, Hannah Arendt",
86,brain,Viés: Efeito de Arrependimento (Regret Aversion),"A tendência de tomar decisões para evitar o arrependimento futuro, mesmo que a decisão seja irracional.","Este viés mostra que a dor do arrependimento é tão poderosa que muitas vezes tomamos decisões piores para evitá-la. Tememos mais o arrependimento de uma ação que deu errado do que o de uma inação que deu errado, mesmo que as consequências da inação sejam piores.<br><br>**Exemplo Clássico:**<br>Um investidor se recusa a vender uma ação que está despencando. Ele teme a dor de vendê-la e vê-la subir no dia seguinte (arrependimento por ação). Ele prefere o 'arrependimento' mais passivo de não ter feito nada, mesmo que perca todo o seu dinheiro.<br><br>**Munição estratégica:**<br>Ao tomar uma decisão, avalie os resultados, não as emoções. Pergunte: ""Qual decisão tem a maior probabilidade de levar ao melhor resultado, independentemente de como eu me sentirei sobre ela amanhã?"" Separe o processo da decisão do sentimento de arrependimento.",Viés de arrependimento,5,"Medo de se arrepender depois, Evitar a dor do erro, Preferir não fazer nada, Aversão ao arrependimento","86,Medo de se arrepender depois, Evitar a dor do erro, Preferir não fazer nada, Aversão ao arrependimento",
87,sword,Modelo Mental: O Ouriço e a Raposa (Berlin),A diferença entre quem sabe uma grande coisa e quem sabe muitas coisas.,"Isaiah Berlin, citando o poeta grego Arquíloco, dividiu os pensadores em duas categorias: os ouriços, que veem o mundo através de uma única ideia central e definidora (Platão, Marx, Hegel); e as raposas, que se baseiam em uma vasta gama de experiências e conhecimentos, sem uma teoria unificadora (Aristóteles, Shakespeare, Montaigne).<br><br>**Munição estratégica:**<br>Aspire a ser uma raposa com a espinha dorsal de um ouriço. Tenha um conjunto de princípios fundamentais inegociáveis (a sua 'grande ideia' de ouriço, como a fé e a Lei Natural), mas cultive a flexibilidade e a curiosidade intelectual de uma raposa para entender a complexidade do mundo e aplicar esses princípios de forma prudente.",O ouriço e a raposa,5,"Sabe uma grande coisa vs. sabe muitas coisas, Especialista vs. Generalista, Visão única vs. Múltiplas perspectivas, Isaiah Berlin","87,Sabe uma grande coisa vs. sabe muitas coisas, Especialista vs. Generalista, Visão única vs. Múltiplas perspectivas, Isaiah Berlin",
88,shield,Falácia: da Janela Quebrada (Bastiat),Ignorar os custos invisíveis e focar apenas nos benefícios visíveis de uma ação.,"Frédéric Bastiat usou esta parábola para expor um erro econômico central. Um menino quebra a janela de uma loja. As pessoas dizem: 'Pelo menos isso gera emprego para o vidraceiro'. O que é visto: o vidraceiro ganha dinheiro. O que não é visto: o dono da loja gastaria esse mesmo dinheiro em outra coisa (um terno novo, por exemplo), gerando emprego para o alfaiate. A quebra da janela não criou um emprego líquido; apenas desviou a atividade econômica e destruiu a riqueza (a janela).<br><br>**Munição Defensiva:**<br>Em qualquer proposta política ou econômica, sempre pergunte: ""Isso é o que vemos. Mas o que não estamos vendo? Quais são os custos de oportunidade? Que atividades produtivas deixarão de acontecer por causa desta ação?"" É a ferramenta fundamental para desmascarar a falácia de que gastos do governo 'estimulam a economia'.",Falácia da janela quebrada,5,"O que se vê e o que não se vê, Custo de oportunidade, Gastos do governo não criam riqueza, Frédéric Bastiat","88,O que se vê e o que não se vê, Custo de oportunidade, Gastos do governo não criam riqueza, Frédéric Bastiat",
89,person,A Revolta das Massas (Ortega y Gasset),"A ascensão do ""homem-massa"" que despreza a excelência e exige ser servido pelo Estado.","José Ortega y Gasset diagnosticou o problema central do século XX: a chegada ao poder do 'homem-massa'. Não se trata de uma classe social, mas de um tipo psicológico: o indivíduo medíocre, satisfeito consigo mesmo, que não reconhece nenhuma autoridade ou padrão superior a ele, e que acredita ter o 'direito' de ter tudo sem esforço, exigindo que o Estado resolva todos os seus problemas.<br><br>**Exemplo Clássico:**<br>A cultura do 'cancelamento' e a mentalidade de vítima. O homem-massa não debate com a excelência; ele tenta destruí-la para não se sentir inferior.<br><br>**Munição estratégica:**<br>Entenda que a luta cultural não é apenas contra a 'esquerda', mas contra a barbárie do homem-massa. A solução é a reafirmação intransigente de padrões de excelência e a defesa de uma aristocracia do mérito e da virtude em todas as áreas da vida.",A revolta das massas,5,"O homem medíocre no poder, Tirania da maioria, Desprezo pela excelência, ""Direitos sem deveres"", Ortega y Gasset","89,O homem medíocre no poder, Tirania da maioria, Desprezo pela excelência, ""Direitos sem deveres"", Ortega y Gasset",
90,brain,Viés: Efeito de Enquadramento (Framing),A tendência de sermos influenciados pela forma como uma informação é apresentada.,"Este viés mostra que a mesma informação pode levar a decisões completamente diferentes dependendo de como ela é 'enquadrada' (apresentada em termos de ganho ou de perda). As pessoas são naturalmente avessas à perda.<br><br>**Exemplo Clássico:**<br>• Enquadramento de Ganho: ""Este procedimento cirúrgico tem uma taxa de sucesso de 90%."" (Muitas pessoas aceitam)<br>• Enquadramento de Perda: ""Este procedimento cirúrgico tem uma taxa de mortalidade de 10%."" (Muitas pessoas recusam)<br><br>A informação é exatamente a mesma, mas o enquadramento muda a decisão.<br><br>**Munição estratégica:**<br>Sempre que se deparar com uma estatística ou uma proposta, tente reenquadrá-la mentalmente. Pergunte: ""Qual é a forma oposta de apresentar esta mesma informação?"" Isso o libertará da manipulação retórica.",Viés de enquadramento,5,"A forma como a informação é apresentada muda a decisão, Meio cheio ou meio vazio, Marketing, Manipulação","90,A forma como a informação é apresentada muda a decisão, Meio cheio ou meio vazio, Marketing, Manipulação",
91,sword,Modelo Mental: Jogo Infinito vs. Jogo Finito (Carse),A diferença entre jogar para ganhar e jogar para continuar jogando.,"James Carse distingue dois tipos de 'jogos' na vida:<br>• Jogos Finitos: São jogados com o propósito de vencer. Têm regras fixas, um começo e um fim (ex: uma partida de xadrez, uma guerra).<br>• Jogos Infinitos: São jogados com o propósito de continuar o jogo. As regras podem mudar. O objetivo é perpetuar o jogo (ex: cultura, amizade, um negócio familiar).<br><br>**Munição estratégica:**<br>Aplique esta distinção à sua vida e aos seus projetos. Entenda quais jogos você está jogando. Tentar vencer um 'jogo infinito' (como o casamento ou a educação dos filhos) com a mentalidade de um 'jogo finito' é a receita para o desastre. O objetivo de um negócio não é 'vencer' os concorrentes e fechar, mas continuar a jogar o jogo de criar valor por gerações.",Jogo infinito,5,"Jogar para ganhar vs. jogar para continuar jogando, Longo prazo, Casamento é jogo infinito, James Carse","91,Jogar para ganhar vs. jogar para continuar jogando, Longo prazo, Casamento é jogo infinito, James Carse",
92,shield,Falácia: da Relevância (Subtipo: Apelo à Hipocrisia),Invalidar um argumento com base na hipocrisia do oponente.,"Esta é uma forma de Ad Hominem. Em vez de responder a uma crítica, o acusado a desvia apontando que o acusador também cometeu o mesmo erro. É uma tentativa de invalidar a crítica com base na hipocrisia.<br><br>**Exemplo Clássico:**<br>• Pessoa A: ""Você não deveria fumar, faz mal à sua saúde.""<br>• Pessoa B: ""Mas você também fumava quando era mais novo!""<br><br>O fato de a Pessoa A ter fumado no passado não muda a verdade de que fumar faz mal à saúde. A crítica continua válida, mesmo que o crítico seja hipócrita.<br><br>**Munição Defensiva:**<br>Separe o argumento da pessoa. Diga: ""A minha conduta passada não é o assunto aqui. A questão é se o argumento de que 'fumar faz mal' é verdadeiro ou falso. Vamos focar nisso."" ",Apelo à hipocrisia,5,"""Você também faz"", Invalidar a crítica pela hipocrisia, Tu Quoque, Falácia da relevância","92,""Você também faz"", Invalidar a crítica pela hipocrisia, Tu Quoque, Falácia da relevância",
93,person,Paradoxo da Tolerância (Popper),A tolerância ilimitada leva ao desaparecimento da tolerância.,"Karl Popper argumentou que a tolerância ilimitada deve levar à intolerância. Se estendermos a tolerância àqueles que são intolerantes, e se não estivermos preparados para defender uma sociedade tolerante contra o ataque dos intolerantes, então os tolerantes serão destruídos, e a tolerância com eles.<br><br>**Munição estratégica:**<br>A tolerância não é um valor absoluto; é uma virtude que depende da prudência. A sociedade não tem o dever de 'tolerar' as ideologias (como o comunismo, o nazismo ou o islamismo radical) que buscam ativamente destruí-la. Não devemos ser tolerantes com a intolerância. Defender a civilização, mesmo que exija o uso da força, não é um ato de intolerância, mas a condição para que a tolerância possa sobreviver.",Paradoxo da tolerância,5,"Tolerar a intolerância destrói a tolerância, Defender a sociedade tolerante, Limites da liberdade, Karl Popper","93,Tolerar a intolerância destrói a tolerância, Defender a sociedade tolerante, Limites da liberdade, Karl Popper",
94,brain,Viés: da Distinção,A tendência de ver duas opções como mais diferentes do que realmente são quando avaliadas simultaneamente.,"Este viés explica por que fazemos escolhas ruins ao comparar opções. Quando avaliamos duas coisas ao mesmo tempo, tendemos a focar excessivamente nas pequenas diferenças entre elas, e a dar um peso desproporcional a essas diferenças, ignorando o valor absoluto de cada uma.<br><br>**Exemplo Clássico:**<br>Você está escolhendo entre dois empregos.<br>•*Emprego A: Salário de R$10.000, trabalho interessante, 1h de trânsito.<br>
Emprego B: Salário de R$10.500, trabalho chato, 15 min de trânsito.<br><br>Avaliando-os juntos, a diferença de R$ 500 parece grande e pode te levar a escolher o Emprego B. Mas se você avaliasse cada um isoladamente, perceberia que a qualidade de vida do Emprego A é muito superior.<br><br>**Munição estratégica:**<br>Sempre que comparar opções, avalie cada uma delas em seus próprios méritos primeiro, como se as outras não existissem. Só depois compare as diferenças. Isso evita que pequenas vantagens quantitativas se sobreponham a grandes vantagens qualitativas.",Viés da distinção,5,"Focar demais nas pequenas diferenças, Comparar opções, Avaliação simultânea vs. isolada","94,Focar demais nas pequenas diferenças, Comparar opções, Avaliação simultânea vs. isolada",
95,sword,Modelo Mental: O Realismo Metódico (Gilson),"A filosofia que parte da certeza do ser, não da dúvida do pensamento.","Etienne Gilson, um dos maiores filósofos do século XX, diagnosticou a crise da filosofia moderna como o abandono do realismo. Para os antigos e medievais (Aristóteles, Tomás de Aquino), o ponto de partida era a certeza de que o ser existe e que nossa mente pode conhecê-lo. Para os modernos, a partir de Descartes, o ponto de partida é o pensamento ('Penso, logo existo'), o que aprisiona a filosofia no idealismo.<br><br>**Munição estratégica:**<br>O Realismo Metódico é a cura para o subjetivismo. A primeira pergunta não é ""Como posso ter certeza de que penso?"", mas ""O que é aquilo que existe?"". Ele restaura a primazia da realidade sobre a consciência. Use este princípio para refutar qualquer argumento que comece com ""minha percepção"" ou ""minha verdade"", reconectando o debate à realidade objetiva.",Realismo metódico,5,"A realidade existe antes do pensamento, Primazia do ser, Contra o subjetivismo, ""Penso logo existo"" é o erro, Etienne Gilson","95,A realidade existe antes do pensamento, Primazia do ser, Contra o subjetivismo, ""Penso logo existo"" é o erro, Etienne Gilson",
96,person,A Cidade de Deus vs. A Cidade dos Homens (Agostinho),A história humana como o drama da luta entre dois amores.,"Em 'A Cidade de Deus', Santo Agostinho apresenta a chave para a interpretação da história. Não se trata de uma luta de classes ou de nações, mas de uma luta espiritual entre duas cidades místicas, definidas por dois amores: A Cidade dos Homens, fundada no amor de si mesmo até o desprezo de Deus; e a Cidade de Deus, fundada no amor de Deus até o desprezo de si mesmo.<br><br>**Munição estratégica:**<br>Use este modelo para analisar qualquer conflito político ou cultural. Pergunte: ""Qual amor está impulsionando esta ação?"" É o amor egocêntrico pelo poder, pela glória terrena e pelo controle (a Cidade dos Homens)? Ou é o amor ordenado a Deus, que busca a justiça, a paz e a salvação (a Cidade de Deus)? Esta é a análise política no nível mais profundo.",A cidade de Deus,5,"Luta entre dois amores, Amor a si vs. Amor a Deus, Teologia da história, Santo Agostinho","96,Luta entre dois amores, Amor a si vs. Amor a Deus, Teologia da história, Santo Agostinho",
97,brain,Viés: A Tese de Duhem-Quine,É impossível testar uma hipótese científica isoladamente.,"Esta tese epistemológica destrói a ideia ingênua de 'refutação científica'. Ela argumenta que, quando uma previsão falha, não é a hipótese isolada que é refutada, mas todo o conjunto de teorias e suposições auxiliares que foram usadas para fazer a previsão. Isso significa que sempre podemos 'salvar' nossa hipótese preferida culpando uma das suposições auxiliares.<br><br>**Exemplo Clássico:**<br>Se uma observação astronômica contradiz a teoria da gravidade de Newton, um cientista pode dizer: ""A teoria está errada"" ou pode dizer ""A teoria está certa, mas nosso telescópio está com defeito"" ou ""Existe um planeta invisível que está perturbando a órbita"".<br><br>**Munição estratégica:**<br>Use isso para desmascarar a falsa certeza de quem diz ""A ciência provou..."" ou ""A ciência refutou..."". Pergunte: ""Quais são todas as suposições auxiliares que estão por trás dessa conclusão? E se uma delas estiver errada?"" Isso expõe a complexidade e a incerteza do conhecimento científico.",Tese de Duhem-Quine,5,"Impossível testar uma hipótese isoladamente, ""Salvar a teoria"", Complexidade da ciência, Epistemologia","97,Impossível testar uma hipótese isoladamente, ""Salvar a teoria"", Complexidade da ciência, Epistemologia",
98,shield,Falácia: da Relevância (Subtipo: Apelo à Tesoura),Ignorar deliberadamente as evidências que contradizem sua posição.,"O 'Apelo à Tesoura' (ou slothful induction) é a falácia de ignorar uma quantidade esmagadora de evidências que refutam uma teoria, simplesmente porque elas são inconvenientes. É a recusa em abandonar uma hipótese, mesmo diante de provas contrárias.<br><br>**Exemplo Clássico:**<br>O marxista que, diante do fracasso econômico e do assassinato em massa em todos os países onde o socialismo foi tentado, continua a afirmar que ""aquilo não era o verdadeiro socialismo"". Ele está usando uma 'tesoura' para cortar 100 anos de evidências históricas da realidade.<br><br>**Munição Defensiva:**<br>Confronte o oponente com o peso da evidência ignorada. Diga: ""Estamos ignorando um grande conjunto de dados aqui. Como sua teoria explica [apresente a evidência inconveniente]?"" Isso força a desonestidade intelectual a se revelar.",Apelo à tesoura,5,"Ignorar evidências inconvenientes, Negacionismo, ""Isso não era o verdadeiro socialismo"", Falácia da relevância","98,Ignorar evidências inconvenientes, Negacionismo, ""Isso não era o verdadeiro socialismo"", Falácia da relevância",
99,sword,Modelo Mental: A Trindade da Alma (Platão),"A alma humana dividida em três partes: Apetitosa, Irascível e Racional.","Em 'A República', Platão descreve a alma como uma carruagem: o cocheiro (a Razão) deve guiar dois cavalos. Um é o cavalo branco (a parte Irascível), fonte da honra, da coragem e da indignação justa. O outro é o cavalo preto (a parte Apetitosa), fonte dos desejos e apetites (fome, sexo, riqueza). A justiça na alma é a harmonia, onde a razão, ajudada pela coragem, governa os apetites.<br><br>**Munição estratégica:**<br>Este é o mapa para o autogoverno e o diagnóstico para a desordem social. Use-o para analisar a si mesmo e aos outros. Uma pessoa governada pelo cavalo preto é um escravo de seus vícios. Uma sociedade que celebra o cavalo preto (a cultura do consumismo e da luxúria) é uma sociedade decadente. O objetivo da educação é fortalecer o cocheiro.",A trindade da alma,5,"Razão, Coragem e Apetites, A carruagem da alma, Autogoverno, Harmonia interior, Platão","99,Razão, Coragem e Apetites, A carruagem da alma, Autogoverno, Harmonia interior, Platão",
100,person,O Panopticon (Foucault),O poder que opera através da vigilância internalizada.,"Michel Foucault usou a metáfora do Panopticon (uma prisão onde os prisioneiros nunca sabem se estão sendo observados) para descrever o poder na sociedade moderna. Ele argumenta que o poder não funciona mais apenas pela força bruta, mas pela criação de uma sensação de vigilância constante, que leva os indivíduos a autopoliciar seu próprio comportamento.<br><br>**Exemplo Clássico:**<br>A cultura do politicamente correto nas redes sociais. As pessoas medem cada palavra, com medo de serem 'canceladas'. Elas não precisam de um censor do Estado; elas se tornaram seus próprios censores, pois se sentem constantemente vigiadas pela multidão online.<br><br>**Munição estratégica:**<br>Use este conceito para diagnosticar as novas formas de controle social. A verdadeira tirania moderna não usa gulags, mas a vergonha pública e a vigilância digital. A libertação é a coragem de falar a verdade, mesmo sabendo que o 'Panopticon' está observando.",O Panopticon,5,"Vigilância constante, Autocensura, Politicamente correto, ""Big Brother"", Controle social, Michel Foucault","100,Vigilância constante, Autocensura, Politicamente correto, ""Big Brother"", Controle social, Michel Foucault",
101,brain,Viés: Efeito Plataforma,A tendência de adaptar nosso pensamento às ferramentas que usamos.,"Este viés, também conhecido como 'Lei do Instrumento' ou 'Martelo de Maslow', descreve como as ferramentas que usamos moldam a nossa percepção da realidade. Não apenas usamos ferramentas, mas as ferramentas também nos 'usam', limitando nosso pensamento às operações que elas permitem.<br><br>**Exemplo Clássico:**<br>A ascensão das apresentações de PowerPoint. A ferramenta, com seus bullet points e slides, incentiva um tipo de pensamento linear, simplificado e fragmentado, tornando mais difícil a apresentação de narrativas complexas e argumentos nuançados.<br><br>**Munição estratégica:**<br>Esteja ciente de como suas ferramentas (o feed do TikTok, o Google, a planilha do Excel) estão moldando seu cérebro. Escolha deliberadamente suas ferramentas de pensamento. Para problemas complexos, abandone a tela e use ferramentas antigas e poderosas: um pedaço de papel em branco, um diálogo socrático com um amigo inteligente.","Viés do efeito plataforma, Lei do instrumento, Martelo de Maslow, Ferramentas de pensamento, Marshall McLuhan",5,,,
102,shield,Falácia: da Relevância (Subtipo: Apelo à Emoção),Manipular as emoções em vez de usar um argumento válido.,"Esta falácia tenta ganhar um argumento apelando para as emoções do público (medo, pena, raiva, orgulho) em vez de usar a lógica e as evidências. É a base da propaganda e da demagogia.<br><br>**Exemplo Clássico:**<br>Em um debate sobre política de imigração, um político mostra a foto de uma criança refugiada chorando e diz: ""Como podemos ser tão cruéis a ponto de negar ajuda a esta criança?""<br><br>A imagem é emocionalmente poderosa, mas ela não aborda as questões complexas da política, como segurança, impacto econômico e o Estado de Direito. O apelo à pena é usado para curto-circuitar o debate racional.<br><br>**Munição Defensiva:**<br>Reconheça a emoção, mas traga o debate de volta à razão: ""A situação dessa criança é, de fato, comovente e precisa de uma solução humana. Agora, vamos analisar os fatos e as consequências lógicas da política que está sendo proposta para resolver este problema.""","Apelo à emoção, Argumentum ad passiones, Manipulação sentimental, Propaganda, Pathos, Chantagem emocional",5,,,
103,sword,Modelo Mental: A Distinção Essência/Existência (Tomás de Aquino),A distinção fundamental entre o 'o que' uma coisa é e o 'fato de que' ela é.,"Esta é uma das contribuições mais profundas de Santo Tomás de Aquino à metafísica. Ele argumentou que, em todas as criaturas, há uma distinção real entre sua essência (o que as define) e sua existência (seu ato de ser). Nenhuma criatura existe por sua própria natureza; ela 'recebe' a existência de uma fonte externa. Apenas em Deus a essência e a existência são idênticas: Ele é o próprio 'Ato de Ser Subsistente'.<br><br>**Munição estratégica:**<br>Este é o argumento metafísico mais poderoso contra o ateísmo. O universo, composto de seres contingentes (cuja essência não garante sua existência), exige uma causa primeira que seja o Ser Necessário. Use-o para mostrar que a questão de Deus não é uma questão de 'fé vs. ciência', mas a conclusão lógica de uma análise rigorosa da própria realidade.","Distinção essência/existência, Santo Tomás de Aquino, Metafísica, Ato de ser, Argumento cosmológico, Contingência",5,,,
104,person,O Imperativo Categórico (Kant),"Aja apenas de acordo com a máxima pela qual você pode, ao mesmo tempo, querer que ela se torne uma lei universal.","Immanuel Kant tentou criar uma base para a moralidade puramente na razão, sem apelar a Deus ou às consequências. Seu Imperativo Categórico é um teste de universalização: uma ação só é moralmente permitida se você puder querer que todas as pessoas, em todas as situações, ajam da mesma forma.<br><br>**Exemplo Clássico:**<br>É moralmente errado fazer uma promessa falsa? Teste: Se todos fizessem promessas falsas (lei universal), a própria instituição da promessa deixaria de existir, pois ninguém acreditaria mais nelas. Portanto, é uma ação imoral.<br><br>**Munição estratégica:**<br>Embora a ética kantiana seja falha por sua recusa em se basear na realidade da natureza humana e no Bem, o Imperativo Categórico é uma ferramenta útil para testar a consistência de um princípio moral e para refutar o relativismo.","O imperativo categórico, Immanuel Kant, Deontologia, Lei universal, Ética, Universalização",5,,,
105,brain,Viés: do Ponto de Referência (Framing Effect),A tendência de sermos influenciados pela forma como uma informação é apresentada.,"Este viés mostra que a mesma informação pode levar a decisões completamente diferentes dependendo de como ela é 'enquadrada' (apresentada em termos de ganho ou de perda). As pessoas são naturalmente avessas à perda.<br><br>**Exemplo Clássico:**<br>• Enquadramento de Ganho: ""Este procedimento cirúrgico tem uma taxa de sucesso de 90%."" (Muitas pessoas aceitam)<br>• Enquadramento de Perda: ""Este procedimento cirúrgico tem uma taxa de mortalidade de 10%."" (Muitas pessoas recusam)<br><br>A informação é exatamente a mesma, mas o enquadramento muda a decisão.<br><br>**Munição estratégica:**<br>Sempre que se deparar com uma estatística ou uma proposta, tente reenquadrá-la mentalmente. Pergunte: ""Qual é a forma oposta de apresentar esta mesma informação?"" Isso o libertará da manipulação retórica.","Viés do ponto de referência, Framing effect, Enquadramento, Apresentação da informação, Manipulação de contexto",5,,,
106,sword,Modelo Mental: O Mínimo que Você Precisa Saber para não Ser um Idiota (Olavo de Carvalho),A posse de um conjunto mínimo de conhecimentos factuais e teóricos que serve como um 'kit de primeiros socorros' contra a idiotice e a manipulação.,"Olavo de Carvalho argumenta que a cultura moderna produz 'imbecis coletivos' porque lhes nega o acesso ao conhecimento essencial que forma a base da alta cultura. O 'Mínimo' não é sobre erudição, mas sobre ter as ferramentas intelectuais básicas para distinguir a verdade da mentira, o argumento da propaganda, e a realidade da fantasia ideológica.<br><br>**Exemplo Clássico:**<br>Saber a diferença entre socialismo e liberalismo, conhecer as datas básicas da história do seu país, entender as falácias lógicas mais comuns.<br><br>**Munição estratégica:**<br>A própria 'Fortaleza Digital' é a encarnação deste modelo mental. O objetivo é fornecer ao usuário este 'kit de sobrevivência intelectual'. Use este conceito para explicar a missão do aplicativo: ""Nós lhe damos o mínimo que você precisa saber para não ser um idiota na guerra cultural de hoje.""","O mínimo que você precisa saber, Olavo de Carvalho, Kit de sobrevivência intelectual, Guerra cultural, Alta cultura",5,,,
107,person,A Traição dos Intelectuais (Julien Benda),A abdicação dos intelectuais de sua vocação universalista em favor da paixão política.,"Em 'A Traição dos Intelectuais', Julien Benda argumentou que a classe intelectual (os 'clercs') traiu sua missão histórica. Em vez de defenderem os valores eternos e universais (a verdade, a justiça, a razão), eles se tornaram servos de paixões políticas particulares (nacionalismo, marxismo, racismo), colocando sua inteligência a serviço da propaganda.<br><br>**Exemplo Clássico:**<br>O filósofo Martin Heidegger aderindo ao Nazismo. O escritor Jean-Paul Sartre defendendo o stalinismo. São exemplos de gênios intelectuais que traíram sua vocação em nome de um projeto de poder.<br><br>**Munição estratégica:**<br>Use este conceito para desmistificar a autoridade do 'intelectual'. Um diploma ou a autoria de livros não são garantia de sabedoria ou de honestidade. Sempre julgue as ideias de um intelectual por sua conformidade com a verdade e a moral, não por seu prestígio acadêmico ou seu alinhamento político.","A traição dos intelectuais, Julien Benda, Paixão política, Vocação intelectual, Verdade universal, Propaganda",5,,,
108,brain,Viés: A Ilusão da Profundidade Explicativa,A tendência de superestimar o quão bem entendemos o funcionamento das coisas.,"Este viés revela que temos a ilusão de que compreendemos o mundo com muito mais detalhe e profundidade do que realmente compreendemos. Achamos que sabemos como as coisas funcionam, até que alguém nos pede para explicar.<br><br>**Exemplo Clássico:**<br>A maioria das pessoas diria que sabe como uma bicicleta funciona. Mas se você lhes pedir para desenhar o mecanismo exato da corrente e das engrenagens a partir da memória, a maioria falhará miseravelmente.<br><br>**Munição estratégica:**<br>Esta é a melhor ferramenta contra a arrogância intelectual, especialmente em debates políticos. Quando alguém defende uma solução complexa ('Precisamos de um sistema de saúde universal estatal'), force-o a explicar os detalhes. Pergunte: ""Ok, excelente ideia. Agora, por favor, me explique, passo a passo, como exatamente isso funcionaria? Quem pagaria? Quem gerenciaria? Como seriam resolvidos os trade-offs?"" A ilusão de profundidade geralmente se desfaz diante da necessidade de explicar os mecanismos.","Ilusão da profundidade explicativa, Viés cognitivo, Arrogância intelectual, Mecanismos, Excesso de confiança",5,,,
B01,person,"Os Portugueses eram ""Colonizadores do Mal""?",Frente I: A Verdadeira História do Brasil,"A Narrativa da Desconstrução:<br>Você aprendeu na escola que os portugueses vieram ao Brasil só para roubar nossas riquezas e escravizar os índios.<br><br>**A pergunta-chave:**<br>Se eles eram só ladrões, por que construíram cidades lindas como Salvador e Ouro Preto, igrejas, fortes para nos defender e deram o nome de 'Terra de Santa Cruz' ao nosso país?<br><br>**A verdade dos fatos:**<br>Os portugueses eram um povo de fé profunda. Eles enfrentaram mares desconhecidos e monstros marinhos (em sua imaginação) não apenas por riqueza, mas por uma missão maior: levar a fé em Cristo a todos os povos e continuar a luta das Cruzadas. Eles não vieram para 'colonizar' no sentido de explorar e ir embora; eles vieram para povoar e construir uma nova civilização, um novo Portugal nos trópicos. Claro que houve erros e pecados, mas a missão principal era construtiva.","Missão civilizatória, Terra de Santa Cruz, Descobrimento do Brasil, Expansão da fé, Cruzadas",5,,,
B02,person,"O Brasil era uma ""Colônia""?",Frente I: A Verdadeira História do Brasil,"A Narrativa da Desconstrução:<br>O Brasil era uma simples colônia, um quintal de Portugal.<br><br>**A pergunta-chave:**<br>Você já viu alguma colônia que se tornou a capital do império? Foi o que aconteceu quando a Família Real Portuguesa se mudou para o Rio de Janeiro em 1808.<br><br>**A verdade dos fatos:**<br>O Brasil nunca foi tratado como uma colônia comum. Desde muito cedo, éramos parte de um Reino Unido. Um brasileiro era um cidadão português. A vinda do Rei D. João VI para o Brasil foi a prova final disso: ele trouxe universidades, bancos, jardins botânicos. Ele não estava administrando uma 'colônia', estava governando seu reino a partir de seu coração, que naquela época era o Brasil.","Reino Unido de Portugal, D. João VI, Brasil e Algarves, Império Luso-Brasileiro, Elevação a reino",5,,,
B03,person,"O Império era ""Atrasado""?",Frente I: A Verdadeira História do Brasil,"A Narrativa da Desconstrução:<br>A Monarquia no Brasil foi um período de atraso, enquanto o mundo evoluía.<br><br>**A pergunta-chave:**<br>Se éramos tão atrasados, por que o Brasil, sob D. Pedro II, foi o segundo país das Américas a ter uma linha de trem e um dos primeiros do mundo a ter telefone e selo postal? E por que nossa moeda era uma das mais fortes do mundo?<br><br>**A verdade dos fatos:**<br>O Império do Brasil foi um período de enorme progresso e estabilidade. D. Pedro II era um homem culto e apaixonado por tecnologia. Enquanto nossos vizinhos da América Hispânica se dividiam em guerras civis, o Brasil era um país unido, pacífico e respeitado no mundo todo. Tínhamos paz, moeda forte e inovação.","Segundo reinado, D. Pedro II, Progresso tecnológico, Estabilidade política, Monarquia constitucional",5,,,
B04,person,A Princesa Isabel e a Lei Áurea,Frente I: A Verdadeira História do Brasil,"A Narrativa da Desconstrução:<br>A abolição da escravatura foi um processo lento, e a Princesa Isabel apenas assinou um papel por pressão dos ingleses.<br><br>**A pergunta-chave:**<br>Se foi tão fácil, por que a Princesa Isabel e a Família Imperial pagaram com o trono por esse ato? A abolição não foi a principal causa que jogou os fazendeiros ricos contra a Monarquia, levando ao golpe da República?<br><br>**A verdade dos fatos:**<br>A Lei Áurea foi um ato de imensa coragem moral e política. A Princesa Isabel, uma mulher profundamente católica, sabia que a escravidão era um pecado mortal e agiu por convicção. Ela contrariou os homens mais ricos e poderosos do país, os barões do café, e sabia que isso poderia custar o Império. E custou. Ela sacrificou sua coroa para libertar os escravos.","Princesa Isabel, Lei Áurea, Abolicionismo, Coragem moral, Terceiro reinado, Catolicismo",5,,,
B05,person,"A República foi um ""Avanço""?",Frente I: A Verdadeira História do Brasil,"A Narrativa da Desconstrução:<br>A Proclamação da República em 1889 foi um avanço, o início da democracia no Brasil.<br><br>**A pergunta-chave:**<br>Um avanço decidido por um pequeno grupo de militares, sem nenhum voto do povo, que expulsou um imperador idoso e amado, pode ser chamado de 'democracia'?<br><br>**A verdade dos fatos:**<br>A República nasceu de um golpe militar. O povo brasileiro, que gostava do Imperador, assistiu a tudo 'bestializado', como disse um jornalista da época. O que se seguiu não foi a democracia, mas um século de instabilidade, inflação, corrupção e mais golpes militares. O 'avanço' republicano foi o início de muitos dos nossos problemas crônicos.","Proclamação da república, Golpe militar, Instabilidade política, Deodoro da Fonseca, Positivismo",5,,,
B06,shield,O que é Socialismo/Comunismo?,Frente II: As Ideologias da Destruição,"A Narrativa da Desconstrução:<br>O socialismo é um sistema que busca a igualdade e a justiça social para todos.<br><br>**A pergunta-chave:**<br>Se o socialismo é tão bom, por que em todo lugar onde ele foi aplicado (União Soviética, China, Cuba, Venezuela) o resultado foi pobreza, falta de liberdade e milhões de mortos?<br><br>**A verdade dos fatos:**<br>O socialismo é a ideia de que o governo (o Estado) deve ser o dono de tudo: das fazendas, das fábricas, das escolas. Para impor isso, ele precisa de poder total. Ele tira a sua liberdade de escolher, de empreender e de ter suas próprias coisas. A 'igualdade' que ele promete é a igualdade na miséria para todos, menos para a pequena elite do partido que governa.","Socialismo, Comunismo, Propriedade estatal, Pobreza, Tirania, Coletivismo, Marxismo",5,,,
B07,shield,Aquilo não era o Verdadeiro Socialismo!,Frente II: As Ideologias da Destruição,"A Narrativa da Desconstrução:<br>Quando um país socialista fracassa, dizem que 'aquilo não era o verdadeiro socialismo'.<br><br>**A pergunta-chave:**<br>Se depois de dezenas de tentativas em países diferentes, com culturas diferentes, o resultado é sempre o mesmo (pobreza e tirania), não seria mais honesto admitir que o problema está na própria receita do bolo, e não no cozinheiro?<br><br>**A verdade dos fatos:**<br>Essa é a desculpa número um para defender uma ideia que sempre deu errado. É como um remédio que sempre mata o paciente. A verdade é que a pobreza e a tirania não são 'desvios' do socialismo; são o seu resultado inevitável. Ao concentrar todo o poder no Estado, você cria um monstro que esmaga a liberdade e a prosperidade.","Falácia do verdadeiro socialismo, Nenhum escocês de verdade, Fracasso do socialismo, Revisionismo, Exceção especial",5,,,
B08,shield,Por que o Comunismo odeia a Família?,Frente II: As Ideologias da Destruição,"A Narrativa da Desconstrução:<br>O comunismo quer 'libertar' as pessoas das estruturas tradicionais, como a família.<br><br>**A pergunta-chave:**<br>Se a família é a nossa primeira fonte de amor, proteção e educação, por que um sistema político iria querer destruí-la? Não seria porque a família é a principal barreira contra o poder total do Estado?<br><br>**A verdade dos fatos:**<br>Para o comunismo, a lealdade do indivíduo não deve ser à sua família, mas ao Partido e ao Estado. A família é vista como uma instituição 'burguesa' que transmite valores (fé, propriedade, tradição) que são inimigos da revolução. Por isso, todos os regimes comunistas tentaram enfraquecer ou destruir a família, incentivando os filhos a denunciarem os pais e colocando as crianças em creches estatais desde cedo.","Comunismo, Família tradicional, Lealdade ao estado, Desconstrução da família, Engenharia social",5,,,
B09,shield,Direitos ou Destruição?,Frente II: As Ideologias da Destruição,"A Narrativa da Desconstrução:<br>O feminismo, a ideologia de gênero e outras pautas 'progressistas' são a evolução dos direitos humanos.<br><br>**A pergunta-chave:**<br>Como pode ser um 'direito' algo que exige apagar a biologia e a verdade? Se um homem pode 'se tornar' mulher, o que significa ser mulher? E se a família é uma 'estrutura opressora', o que acontece com as crianças que crescem sem um pai e uma mãe?<br><br>**A verdade dos fatos:**<br>Muitas dessas pautas não buscam 'direitos', mas a desconstrução da própria realidade. Elas atacam as bases da civilização: a diferença natural entre homem e mulher, a importância da família e a moralidade baseada na Lei Natural. O resultado não é a libertação, mas a confusão, a angústia e a destruição dos laços sociais mais básicos.","Progressismo, Ideologia de gênero, Desconstrução da realidade, Lei Natural, Feminismo radical, Pós-modernismo",5,,,
B10,shield,"Capitalismo ""Mau"" vs. Socialismo ""Bom""",Frente II: As Ideologias da Destruição,"A Narrativa da Desconstrução:<br>O capitalismo é egoísta, focado no lucro. O socialismo é solidário, focado nas pessoas.<br><br>**A pergunta-chave:**<br>Onde as pessoas fazem mais caridade e trabalho voluntário: nos países capitalistas como os EUA, ou nos países socialistas como Cuba? Onde há mais inovação para curar doenças? Onde as pessoas arriscam a vida para entrar, e não para sair?<br><br>**A verdade dos fatos:**<br>O capitalismo, baseado na liberdade, é o sistema que mais gerou prosperidade e caridade na história. Por ser mais rico, ele permite que as pessoas e as empresas doem bilhões para causas sociais. O socialismo, ao destruir a riqueza, destrói também a capacidade de ser generoso. Ninguém foge de barco da Flórida para Cuba.","Capitalismo, Liberdade econômica, Prosperidade, Caridade, Livre mercado, Destruição criativa",5,,,
B11,brain,"O que é o ""Globalismo""?",Frente III: A Batalha Geopolítica,"A Narrativa da Desconstrução:<br>O globalismo é apenas a ideia de que os países devem cooperar para resolver problemas globais.<br><br>**A pergunta-chave:**<br>Mas quem decide quais são os 'problemas globais' e quais são as 'soluções'? Um grupo de burocratas não eleitos na ONU, ou os cidadãos de cada nação através de seus governos?<br><br>**A verdade dos fatos:**<br>O globalismo é um projeto de poder. O objetivo é transferir o poder de decisão dos governos nacionais e democráticos para organismos internacionais (ONU, OMS, Fórum Econômico Mundial) controlados por uma elite não eleita. É a tentativa de criar um governo mundial, acabando com a soberania dos países.","Globalismo, Soberania nacional, Governo mundial, Elite não eleita, ONU, Fórum Econômico Mundial",5,,,
B12,brain,Quem é George Soros?,Frente III: A Batalha Geopolítica,"A Narrativa da Desconstrução:<br>George Soros é um filantropo que financia causas progressistas e de direitos humanos.<br><br>**A pergunta-chave:**<br>Se ele é um 'filantropo', por que sua fundação (Open Society) financia grupos radicais que promovem protestos violentos, a legalização de todas as drogas, fronteiras abertas e a eleição de promotores que se recusam a prender criminosos, causando o caos em cidades do mundo todo?<br><br>**A verdade dos fatos:**<br>George Soros é um megainvestidor e ativista político que usa sua fortuna bilionária para desestabilizar governos conservadores e promover uma agenda de esquerda radical em escala global. Sua 'filantropia' é, na verdade, uma arma de guerra política e cultural para destruir os valores da civilização ocidental.","George Soros, Open society foundations, Guerra cultural, Ativismo radical, Engenharia social, Desestabilização",5,,,
B13,brain,"O que é a ""Agenda 2030""?",Frente III: A Batalha Geopolítica,"A Narrativa da Desconstrução:<br>A Agenda 2030 da ONU é apenas um conjunto de metas para um mundo mais sustentável e justo.<br><br>**A pergunta-chave:**<br>Se as metas são tão boas, por que elas incluem objetivos como a 'redução da desigualdade entre os países', o que na prática significa transferir a riqueza de países produtivos para governos corruptos, e por que elas são usadas para justificar o controle sobre o que comemos, como produzimos e como vivemos?<br><br>**A verdade dos fatos:**<br>A Agenda 2030 é o plano de implementação do globalismo. Por trás de uma linguagem bonita de 'sustentabilidade', ela esconde uma agenda de planejamento central global, de ataque à propriedade privada e de transferência de poder para burocracias internacionais. É um socialismo com uma roupagem verde.","Agenda 2030, ONU, Globalismo, Planejamento central global, Desenvolvimento sustentável, Controle social",5,,,
B14,brain,"A ""Balela do Clima""",Frente III: A Batalha Geopolítica,"A Narrativa da Desconstrução:<br>O mundo enfrenta uma emergência climática causada pelo homem que ameaça a sobrevivência da humanidade.<br><br>**A pergunta-chave:**<br>Se a situação é tão apocalíptica, por que as previsões catastróficas feitas há 20 ou 30 anos (cidades submersas, gelo do ártico derretido) falharam miseravelmente? E por que a solução proposta é sempre a mesma: mais impostos, mais controle do governo e menos desenvolvimento?<br><br>**A verdade dos fatos:**<br>O alarmismo climático é a principal ferramenta de propaganda do globalismo. Ele cria um clima de pânico para justificar políticas que, na verdade, visam controlar a economia global e impedir o desenvolvimento de países como o Brasil, que é uma potência agrícola e de recursos naturais. É uma arma para nos manter subdesenvolvidos.","Alarmismo climático, Aquecimento global, Propaganda, Controle governamental, Desindustrialização, Ambientalismo",5,,,
B15,brain,"A China é nossa ""Parceira""?",Frente III: A Batalha Geopolítica,"A Narrativa da Desconstrução:<br>A China é um importante parceiro comercial do Brasil, essencial para nossa economia.<br><br>**A pergunta-chave:**<br>Um 'parceiro' que usa sua força econômica para comprar terras, controlar portos e empresas de energia, roubar tecnologia e apoiar ditaduras na nossa vizinhança é realmente um parceiro, ou um império que busca a dominação?<br><br>**A verdade dos fatos:**<br>A China é governada por uma ditadura comunista com um plano de se tornar a potência dominante do mundo. Seu relacionamento com o Brasil não é de parceria, mas de extração de recursos e expansão de influência. Eles compram nossa soja e nosso minério, mas usam o dinheiro para construir uma máquina militar e tecnológica que ameaça a liberdade no mundo todo.","China, Partido Comunista Chinês, Imperialismo chinês, Ameaça à soberania, Guerra híbrida, Neocolonialismo",5,,,
B16,person,"D. Pedro I era ""autoritário""?",Frente I: A Verdadeira História do Brasil,"A Narrativa da Desconstrução:<br>D. Pedro I, apesar de ter declarado a Independência, era autoritário e centralizador.<br><br>**A pergunta-chave:**<br>Mas não foi ele quem nos deu nossa primeira Constituição, que era extremamente liberal para a época, com separação de poderes e direitos individuais? Um verdadeiro 'autoritário' não teria se declarado um rei absoluto?<br><br>**A verdade dos fatos:**<br>D. Pedro I governou em um período de imensa turbulência, lutando contra tentativas de fragmentação do Brasil. Suas ações enérgicas não foram por 'autoritarismo', mas pela necessidade de manter a unidade nacional. A Constituição de 1824, com seu inovador Poder Moderador, foi um instrumento para equilibrar as facções políticas e impedir o caos, não para criar uma tirania.","D. Pedro I, Constituição de 1824, Unidade nacional, Poder moderador, Independência do Brasil",5,,,
B17,shield,"O que é ""Marxismo Cultural""?",Frente II: As Ideologias da Destruição,"A Narrativa da Desconstrução:<br>'Marxismo Cultural' é uma teoria da conspiração da direita para atacar os movimentos sociais.<br><br>**A pergunta-chave:**<br>Se é uma 'conspiração', por que os próprios intelectuais de esquerda, como os da Escola de Frankfurt, escreveram livros e livros defendendo exatamente isso: que a revolução não viria mais pela economia, mas pela 'guerra cultural' para desconstruir a moral, a família e a tradição ocidental?<br><br>**A verdade dos fatos:**<br>O Marxismo Cultural é a estratégia marxista adaptada para o Ocidente. Como os trabalhadores não quiseram fazer a revolução, os intelectuais marxistas decidiram que era preciso primeiro destruir a cultura e a moral cristã que os 'alienavam'. É a guerra de longo prazo para conquistar as mentes e as almas, travada nas escolas, na mídia e nas artes.","Marxismo cultural, Escola de Frankfurt, Guerra cultural, Desconstrução, Teoria crítica, Hegemonia cultural",5,,,
B18,brain,O Fórum Econômico Mundial,Frente III: A Batalha Geopolítica,"A Narrativa da Desconstrução:<br>O Fórum de Davos é apenas um encontro de líderes para discutir os problemas do mundo.<br><br>**A pergunta-chave:**<br>Se é só uma 'discussão', por que eles publicam planos detalhados como o 'Grande Reset' (The Great Reset), que propõe usar crises como a pandemia para redesenhar completamente o capitalismo global, com mais controle estatal e vigilância digital?<br><br>**A verdade dos fatos:**<br>O Fórum Econômico Mundial, liderado por Klaus Schwab, é o principal centro de planejamento da elite globalista. É onde bilionários, políticos e CEOs se encontram para coordenar sua agenda. O 'Grande Reset' é o plano deles para um mundo onde 'você não possuirá nada e será feliz', ou seja, um mundo de controle total sob o disfarce de 'sustentabilidade'.","Fórum Econômico Mundial, Klaus Schwab, Grande reset, Elite globalista, Capitalismo de stakeholders",5,,,
B19,person,A Escravidão no Império,Frente I: A Verdadeira História do Brasil,"A Narrativa da Desconstrução:<br>O Império do Brasil foi um regime cruel que sustentou a escravidão por décadas.<br><br>**A pergunta-chave:**<br>Mas não foi justamente o Imperador D. Pedro II e sua família que lideraram o movimento abolicionista, enfrentando a elite mais poderosa do país? A escravidão não foi uma herança terrível que o Império lutou para extinguir, culminando no ato heroico da Princesa Isabel?<br><br>**A verdade dos fatos:**<br>A escravidão foi uma tragédia global, e o Brasil a herdou de Portugal. O Império, longe de 'sustentá-la', foi o regime que gradualmente a destruiu. Leis como a do Ventre Livre (1871) e a dos Sexagenários (1885), promovidas pelo Imperador, foram passos cruciais que prepararam o caminho para a abolição total e incondicional da Lei Áurea (1888).","Abolicionismo no império, D. Pedro II, Princesa Isabel, Processo gradual, Lei do ventre livre",5,,,
B20,shield,O Capitalismo Opressor,Frente II: As Ideologias da Destruição,"A Narrativa da Desconstrução:<br>O capitalismo é um sistema de opressão que gera desigualdade.<br><br>**A pergunta-chave:**<br>Qual sistema na história deu mais poder e oportunidades para a pessoa comum? O sistema que permite que um jovem pobre crie um negócio do zero e se torne um bilionário (capitalismo), ou o sistema que exige que você seja um membro do partido para ter qualquer chance na vida (socialismo)?<br><br>**A verdade dos fatos:**<br>O capitalismo é o sistema da mobilidade social. Ele não garante a igualdade de resultados, mas oferece a igualdade de oportunidades sob a lei. É o único sistema que recompensa o mérito, o trabalho duro e a inovação, em vez do parentesco ou da lealdade política. É o sistema mais anti-opressão já inventado.","Capitalismo, Mobilidade social, Igualdade de oportunidades, Livre mercado, Mérito, Inovação",5,,,
B21,person,"A Natureza do ""Poder Moderador""",Frente I: A Verdadeira História do Brasil,"A Narrativa da Desconstrução:<br>O Poder Moderador, exclusivo do Imperador, era um instrumento de absolutismo que tornava a Constituição de 1824 uma farsa.<br><br>**A pergunta-chave:**<br>Se o Poder Moderador era absolutista, por que ele não foi usado para calar a imprensa, que era extremamente crítica a D. Pedro II, ou para dissolver o parlamento indefinidamente? Não seria ele, na verdade, um poder de 'árbitro' para resolver crises entre os outros poderes, em vez de um poder de tirano?<br><br>**A verdade dos fatos:**<br>O Poder Moderador, idealizado por Benjamin Constant (o filósofo liberal, não o militar brasileiro), foi a chave para a estabilidade do Império. Ele não estava acima dos outros poderes, mas entre eles. Sua função era garantir o equilíbrio e a governabilidade, resolvendo impasses que, em outros países, levavam a golpes de Estado. D. Pedro II o usou com extrema parcimônia e sempre com o objetivo de preservar a ordem constitucional.","Poder moderador, Benjamin Constant, Equilíbrio de poderes, Estabilidade imperial, Quarto poder, Monarquia constitucional",5,,,
B22,person,A Guerra do Paraguai: Imperialismo Brasileiro?,Frente I: A Verdadeira História do Brasil,"A Narrativa da Desconstrução:<br>A Guerra do Paraguai foi um ato de imperialismo do Brasil, que, com a ajuda da Inglaterra, massacrou um pequeno país que ousava se desenvolver de forma autônoma.<br><br>**A pergunta-chave:**<br>Essa narrativa não ignora o fato de que foi o Paraguai, sob o ditador Solano López, que iniciou a guerra ao invadir o Mato Grosso e a Argentina? A reação do Brasil e de seus aliados não foi uma legítima defesa contra uma agressão expansionista?<br><br>**A verdade dos fatos:**<br>Essa é uma das maiores fraudes do revisionismo histórico de esquerda. A guerra foi causada pela ambição megalomaníaca do ditador Solano López, que sonhava em criar um Grande Paraguai"" anexando territórios do Brasil, Argentina e Uruguai. A 'ajuda' da Inglaterra é um mito; os britânicos tinham interesses comerciais em ambos os lados. O Brasil lutou uma guerra de defesa nacional, com um exército de voluntários (os 'Voluntários da Pátria'), para proteger sua soberania.""","Guerra do Paraguai, Solano López, Revisionismo histórico, Legítima defesa, Voluntários da Pátria",5,,,
B23,person,A Questão Abolicionista e o Império,Frente I: A Verdadeira História do Brasil,"A Narrativa da Desconstrução:<br>O Império foi um regime escravocrata que só aboliu a escravidão tardiamente, por pressão externa e por medo de rebeliões.<br><br>**A pergunta-chave:**<br>Se o Império era 'escravocrata', por que o movimento abolicionista foi liderado por figuras do próprio regime, como José Bonifácio (o Patriarca da Independência), Joaquim Nabuco (um monarquista) e a própria Família Imperial? E por que a abolição não foi seguida de uma guerra civil, como nos EUA?<br><br>**A verdade dos fatos:**<br>A abolição no Brasil foi um processo gradual e controlado, liderado pela elite imperial, para evitar o colapso social e a guerra racial que ocorreu nos EUA. Leis como a Eusébio de Queirós (fim do tráfico), a do Ventre Livre e a dos Sexagenários foram passos calculados para minar o sistema escravista por dentro. A Lei Áurea, assinada pela Princesa Isabel, foi o ato final e corajoso de um longo processo liderado pelos abolicionistas monarquistas.","Abolicionismo no império, Joaquim Nabuco, Lei Áurea, Monarquia, José Bonifácio, Gradualismo",5,,,
B24,person,A Economia do Império: Atraso Agrário?,Frente I: A Verdadeira História do Brasil,"A Narrativa da Desconstrução:<br>A economia do Império era agrária, atrasada e dependente do café, enquanto a República trouxe a indústria.<br><br>**A pergunta-chave:**<br>Essa visão não ignora o surto de modernização da 'Era Mauá', com a criação de ferrovias, estaleiros, bancos e indústrias, tudo com capital privado e o apoio do Imperador? E o fato de que a inflação descontrolada e a instabilidade econômica só começaram depois do golpe da República?<br><br>**A verdade dos fatos:**<br>O Império teve décadas de estabilidade monetária, baixa inflação e superávits orçamentários. Foi um ambiente propício para grandes investimentos, como os do Barão de Mauá. A economia era diversificada, e o país era um credor internacional. A Primeira República, com a desastrosa política do Encilhamento, gerou hiperinflação, quebrou empresas e manchou a reputação financeira do Brasil por décadas.","Economia do império, Era Mauá, Estabilidade monetária, Encilhamento, Barão de Mauá, Industrialização",5,,,
B25,person,A Cultura no Império,Frente I: A Verdadeira História do Brasil,"A Narrativa da Desconstrução:<br>A cultura no Império era uma mera cópia da Europa, elitista e sem uma identidade nacional.<br><br>**A pergunta-chave:**<br>Mas e o Romantismo e o Indianismo de Gonçalves Dias e José de Alencar? E a música de Carlos Gomes, um compositor de ópera aclamado na Europa? O Império não foi justamente o período em que se forjou uma alta cultura com uma identidade genuinamente brasileira?<br><br>**A verdade dos fatos:**<br>O Segundo Reinado foi o apogeu da cultura erudita no Brasil. D. Pedro II era um patrono das artes e das ciências. Foi nesse período que surgiram o Instituto Histórico e Geográfico Brasileiro, a Academia Imperial de Belas Artes e grandes nomes da literatura e da música. A cultura brasileira não era 'cópia', mas um diálogo criativo com a tradição ocidental, que gerou obras com um caráter inconfundivelmente nacional.","Cultura no império, Segundo reinado, Romantismo, Identidade nacional, Indianismo, Carlos Gomes",5,,,
B26,shield,Socialismo Democrático,Frente II: As Ideologias da Destruição,"A Narrativa da Desconstrução:<br>'Socialismo Democrático' é uma via pacífica e moderada para a justiça social, como nos países nórdicos.<br><br>**A pergunta-chave:**<br>Mas os países nórdicos não são, na verdade, economias de livre mercado com um alto grau de bem-estar social, em vez de serem socialistas? Eles não estão entre os países com maior facilidade para fazer negócios e com forte proteção à propriedade privada?<br><br>**A verdade dos fatos:**<br>Chamar os países nórdicos de 'socialistas' é uma fraude intelectual. Eles são social-democracias, o que é muito diferente. Eles primeiro ficaram ricos através do capitalismo e da liberdade econômica. Só depois, já ricos, criaram um extenso Estado de bem-estar social. A riqueza veio antes da redistribuição. O 'socialismo democrático' que a esquerda latino-americana prega é o inverso: primeiro redistribuir a pobreza, o que nunca funciona.","Socialismo democrático, Social-democracia, Países nórdicos, Livre mercado, Estado de bem-estar social, Terceira via",5,,,
B27,shield,A Ditadura do Proletariado,Frente II: As Ideologias da Destruição,"A Narrativa da Desconstrução:<br>A 'ditadura do proletariado' de Marx seria uma fase temporária de transição, onde a maioria (os trabalhadores) governaria para criar uma sociedade sem classes.<br><br>**A pergunta-chave:**<br>Em algum lugar do mundo essa 'ditadura da maioria' já aconteceu? Ou, na prática, ela não se tornou sempre a ditadura de uma pequena elite do Partido Comunista sobre o proletariado e todo o resto da população?<br><br>**A verdade dos fatos:**<br>A 'ditadura do proletariado' é um dos eufemismos mais cruéis da história. Na prática, como Lênin deixou claro, o 'proletariado' é incapaz de governar por si mesmo e precisa ser liderado por uma vanguarda de revolucionários profissionais (o Partido). O partido se torna o novo soberano absoluto. A ditadura nunca é 'do proletariado', mas sobre o proletariado.","Ditadura do proletariado, Vanguarda revolucionária, Lênin, Partido Comunista, Totalitarismo, Centralismo democrático",5,,,
B28,shield,"O ""Homem Novo"" Socialista",Frente II: As Ideologias da Destruição,"A Narrativa da Desconstrução:<br>O socialismo busca criar um 'Homem Novo', solidário e livre do egoísmo do individualismo burguês.<br><br>**A pergunta-chave:**<br>Mas a tentativa de forçar a criação de um 'Homem Novo', que age contra sua própria natureza, não é a definição de totalitarismo? E essa engenharia social não exigiria um controle total sobre a educação, a cultura e a família, eliminando toda a liberdade?<br><br>**A verdade dos fatos:**<br>A busca pelo Homem Novo"" é uma gnose política. É a crença arrogante de que se pode apagar a natureza humana (com seu Pecado Original, sua inclinação ao egoísmo, mas também sua capacidade para o bem) e substituí-la por uma versão idealizada. Para fazer isso, é preciso destruir a família, que transmite a tradição, e controlar a mente das crianças desde o berço. O resultado não é o 'Homem Novo', mas o homem-massa aterrorizado e conformista dos regimes totalitários.""","Homem novo socialista, Engenharia social, Totalitarismo, Natureza humana, Gnose política, Reeducação",5,,,
B29,shield,"O Imperialismo, ""Fase Superior do Capitalismo""",Frente II: As Ideologias da Destruição,"A Narrativa da Desconstrução:<br>Lênin ensinou que o imperialismo é a fase final e inevitável do capitalismo, onde os monopólios capitalistas precisam explorar outras nações para sobreviver.<br><br>**A pergunta-chave:**<br>Se o imperialismo é uma característica do capitalismo, como explicar o império Mongol, Romano, Otomano ou Asteca? E como explicar o maior e mais sanguinário império do século XX, a União Soviética? O imperialismo não seria um fenômeno de poder, presente em todos os sistemas, em vez de ser exclusivo do capitalismo?<br><br>**A verdade dos fatos:**<br>A teoria de Lênin é uma justificativa para a revolução, não uma análise histórica. O imperialismo (a busca pela dominação de outros povos) é uma constante na história humana, muito anterior ao capitalismo. O que o capitalismo realmente promove é o livre comércio, que é o oposto da dominação imperial, pois se baseia em trocas voluntárias e pacíficas.","Imperialismo, Lênin, Capitalismo, Livre comércio, Dominação, União Soviética, Colonialismo",5,,,
B30,shield,A Narrativa da Desconstrução:,Frente II: As Ideologias da Destruição,"A Narrativa da Desconstrução:<br>A Escola de Frankfurt (Adorno, Horkheimer, Marcuse) desenvolveu a 'Teoria Crítica' para analisar e criticar as formas de dominação na sociedade moderna.<br><br>**A pergunta-chave:**<br>Essa 'Teoria Crítica' não é, na verdade, a 'Teoria da Destruição'? Ao criticar todos os pilares da civilização ocidental (família, religião, autoridade, tradição) como 'estruturas de opressão', o objetivo final não é a crítica pela crítica, mas a demolição completa da sociedade para abrir caminho para a utopia marxista?<br><br>**A verdade dos fatos:**<br>A Escola de Frankfurt é a origem do Marxismo Cultural. Seus intelectuais perceberam que a revolução econômica havia falhado no Ocidente. A nova estratégia seria uma 'longa marcha pelas instituições': infiltrar-se na cultura, na educação e na mídia para destruir a moralidade e os valores que sustentavam a sociedade capitalista. A 'Teoria Crítica' é a sua principal arma nessa guerra.","Escola de Frankfurt, Teoria crítica, Marxismo cultural, Guerra cultural, Herbert Marcuse, Adorno, Indústria cultural",5,,,
B31,brain,A Soberania Nacional e o Globalismo,Frente III: A Batalha Geopolítica,"A Narrativa da Desconstrução:<br>Em um mundo globalizado, a ideia de soberania nacional é ultrapassada. Precisamos de governança global para problemas globais.<br><br>**A pergunta-chave:**<br>Se abrirmos mão da nossa soberania, quem tomará as decisões por nós? Burocratas não eleitos em Genebra ou Nova York? E quem fiscalizará esses burocratas? A soberania não é a única garantia de que um povo pode governar a si mesmo através da democracia?<br><br>**A verdade dos fatos:**<br>A soberania nacional é o princípio de que a autoridade final sobre um território e seu povo pertence à nação, não a um poder externo. É a base da independência e da democracia. O globalismo busca destruir a soberania para criar um governo mundial tecnocrático, onde as decisões são tomadas por 'especialistas' não eleitos, longe do controle dos cidadãos.","Soberania nacional, Globalismo, Democracia, Governo mundial, Autodeterminação, Estado-nação",5,,,
B32,brain,A Guerra Híbrida,Frente III: A Batalha Geopolítica,"A Narrativa da Desconstrução:<br>As tensões entre países hoje se resolvem pela diplomacia e pelo comércio.<br><br>**A pergunta-chave:**<br>Mas e a guerra de desinformação nas redes sociais, o financiamento de protestos, os ataques cibernéticos e a instrumentalização da lei (lawfare)? Não estamos vivendo uma 'Guerra Híbrida', onde potências como China e Rússia usam todos os meios, exceto o confronto militar direto, para desestabilizar o Ocidente?<br><br>**A verdade dos fatos:**<br>A Guerra Híbrida é a forma de conflito do século XXI. Potências autoritárias como a China, a Rússia e o Irã usam uma combinação de propaganda, espionagem, pressão econômica e subversão cultural para enfraquecer seus adversários por dentro. O Brasil, por sua importância estratégica, é um dos principais campos de batalha dessa guerra.","Guerra híbrida, Desinformação, Lawfare, Subversão cultural, Guerra de 5ª geração, Zona cinzenta",5,,,
B33,brain,A Estratégia Chinesa (Belt and Road Initiative),Frente III: A Batalha Geopolítica,"A Narrativa da Desconstrução:<br>A China está apenas ajudando os países em desenvolvimento, construindo portos, ferrovias e infraestrutura.<br><br>**A pergunta-chave:**<br>Mas quando um país não consegue pagar pelos empréstimos chineses, o que acontece? A China não acaba tomando o controle desses portos e ativos estratégicos, como aconteceu no Sri Lanka? Isso não é uma nova forma de colonialismo, a 'diplomacia da armadilha da dívida'?<br><br>**A verdade dos fatos:**<br>A Iniciativa 'Belt and Road' é o principal projeto de expansão imperialista da China. Usando o pretexto de 'investimento', o Partido Comunista Chinês cria uma dependência econômica e política, ganhando o controle de infraestruturas críticas em todo o mundo. Para o Brasil, a parceria com a China representa um risco enorme à nossa soberania e segurança nacional.","Belt and road initiative, China, Colonialismo por dívida, Soberania, Diplomacia da armadilha da dívida, Geopolítica",5,,,
B34,brain,O Foro de São Paulo,Frente III: A Batalha Geopolítica,"A Narrativa da Desconstrução:<br>O Foro de São Paulo é apenas um 'encontro de partidos de esquerda' para debater ideias.<br><br>**A pergunta-chave:**<br>Se é só um 'debate', por que suas reuniões são fechadas? E por que dele participam não apenas partidos políticos, mas também grupos narcotraficantes como as FARC? Não seria, na verdade, uma organização estratégica para coordenar a tomada do poder pela esquerda em toda a América Latina?<br><br>**A verdade dos fatos:**<br>O Foro de São Paulo, criado por Lula e Fidel Castro em 1990, é a organização revolucionária mais bem-sucedida da história recente. Seu objetivo é coordenar as estratégias dos partidos e movimentos de esquerda para chegar ao poder e implementar o socialismo na América Latina. É o cérebro por trás da ascensão da 'maré rosa' dos anos 2000 e de sua nova encarnação hoje.","Foro de São Paulo, Lula, Fidel Castro, Revolução latino-americana, Socialismo do século XXI, Eixo do mal latino-americano",5,,,
B35,brain,"A USAID e a ""Promoção da Democracia""",Frente III: A Batalha Geopolítica,"A Narrativa da Desconstrução:<br>A USAID e outras agências americanas promovem a democracia e os direitos humanos no mundo.<br><br>**A pergunta-chave:**<br>Mas sob governos de esquerda nos EUA, essas mesmas agências não financiam ONGs que promovem o aborto, a ideologia de gênero e o alarmismo climático em países conservadores como o Brasil, interferindo em nossa cultura e soberania sob o pretexto de 'ajuda humanitária'?<br><br>**A verdade dos fatos:**<br>A política externa americana muitas vezes opera como um instrumento de imperialismo cultural progressista. Agências como a USAID e fundações como a Ford e a Rockefeller usam seu imenso poder financeiro para exportar as pautas da esquerda americana (aborto, feminismo radical, ideologia de gênero) para o resto do mundo, desrespeitando as tradições e os valores locais.","USAID, Imperialismo cultural, Progressismo, ONGs, Engenharia social, Soft power, Exportação de valores",5,,,
B41,shield,Falácia: Apelo à Popularidade,Argumentar que algo é verdadeiro porque muitas pessoas acreditam nisso.,"Esta falácia assume que a popularidade de uma ideia é uma prova de sua veracidade. 'Se tantos acreditam, não pode estar errado'.<br><br>Exemplo:<br>""Todo mundo está comprando esse novo celular, então ele deve ser o melhor.""<br><br>A verdade não é decidida por votação. Por séculos, a maioria das pessoas acreditava que a Terra era plana.<br><br>**Munição Defensiva:**<br>Apele aos fatos, não aos números: ""A popularidade de uma ideia não a torna verdadeira. Quais são as evidências que a sustentam?"" ","Argumentum ad numerum, Prova social, Conformidade, Tirania da maioria",5,,,
B45,shield,Falácia: Ladeira Escorregadia,Argumentar que um pequeno passo levará inevitavelmente a um desastre.,"Esta falácia afirma que se permitirmos que o evento A aconteça, então o evento Z (algo terrível) inevitavelmente acontecerá. O erro está em assumir que a cadeia de eventos é inevitável.<br><br>Exemplo:<br>""Se você deixar seu filho comer um doce hoje, logo ele só vai querer comer doces e ficará obeso.""<br><br>**Munição Defensiva:**<br>Foque no argumento presente: ""Vamos discutir os méritos deste primeiro passo. A sua previsão sobre o futuro é uma especulação, não um fato.""","Declive escorregadio, Efeito cascata, Precedente perigoso, Reação em cadeia",5,,,
B49,brain,Viés: Sobrevivência,Focar apenas nos vencedores e ignorar os perdedores.,"Este viés é o erro de tirar conclusões focando apenas nos exemplos de sucesso (os 'sobreviventes') e esquecendo dos fracassos, que são muito mais numerosos.<br><br>Exemplo:<br>""Para ser um músico de sucesso, largue a escola!"" (Focando em alguns rockstars e ignorando os milhões que largaram a escola e fracassaram).<br><br>**Munição Defensiva:**<br>Sempre pergunte: ""Quantas pessoas tentaram fazer isso e falharam? O que podemos aprender com os fracassos?"" ","Amostra enviesada, Ponto cego estatístico, Análise de dados, Abraham Wald",5,,,
B50,person,Efeito Manada (Bandwagon Effect),A tendência de fazer ou acreditar em coisas porque muitas outras pessoas o fazem.,"O Efeito Manada descreve nossa tendência de adotar certos comportamentos ou crenças para nos conformarmos com o grupo. A popularidade de uma ideia se torna, em si mesma, uma prova de sua validade.<br><br>Exemplo:<br>Comprar um ativo financeiro não porque você o analisou, mas porque 'todo mundo está comprando'.<br><br>**Munição Defensiva:**<br>Use o pensamento independente como seu escudo. Pergunte: ""Eu acredito nisso porque analisei as evidências, ou simplesmente porque é a visão popular?"" ","Bandwagon effect, Comportamento de manada, Contágio social, Psicologia de massas",5,,,
B52,sword,Modelo Mental: Causa Raiz (Os 5 Porquês),"Perguntar ""por quê?"" repetidamente para encontrar a causa fundamental de um problema.","Desenvolvido pela Toyota, o método dos '5 Porquês' é uma técnica para ir além dos sintomas de um problema e encontrar sua causa raiz. Você pergunta 'Por quê?' sucessivamente até chegar à origem.<br><br>**Exemplo clássico:**<br>• Problema: Uma poça de óleo no chão da fábrica.<br>1. Por quê? A máquina está vazando.<br>2. Por quê? A junta está gasta.<br>3. Por quê? Compramos juntas de baixa qualidade.<br>4. Por quê? Para economizar dinheiro.<br>5. Por quê? O gerente de compras é bonificado por economias de curto prazo. (Causa Raiz)<br><br>**Munição defensiva:**<br>Não se contente com a primeira resposta. Sempre pergunte 'Por quê?'.","Análise de causa raiz, 5 porquês, Diagrama de Ishikawa, Solução de problemas",5,,,
B57,brain,Viés: Custo Irrecuperável (Sunk Cost Fallacy),Continuar um projeto apenas porque você já investiu muito nele.,"Este viés descreve nossa tendência irracional de continuar investindo em algo que já se provou uma má decisão, simplesmente porque não queremos 'perder' o que já foi gasto. É a lógica de 'jogar dinheiro bom atrás de dinheiro ruim'.<br><br>Exemplo:<br>Continuar em um relacionamento ruim porque 'já estamos juntos há tanto tempo'.<br><br>**Munição Defensiva:**<br>Ao avaliar um projeto, pergunte: ""Se eu não tivesse investido nada nisso até hoje, eu começaria a investir agora?"" Se a resposta for não, é hora de cortar as perdas.","Viés do compromisso, Aprisionamento psicológico, Aversão ao desperdício, Tomada de decisão sequencial",5,,,
B66,shield,Falácia: Reductio ad Hitlerum,Invalidar um argumento comparando-o com algo que Hitler fez.,"Esta é uma forma de 'falácia por associação'. É a tentativa de encerrar um debate associando a posição do seu oponente a Hitler.<br><br>Exemplo:<br>• A: ""Acho importante incentivar a prática de esportes.""<br>• B: ""Sabe quem mais incentivava esportes? Os Nazistas!""<br><br>**Munição Defensiva:**<br>Exponha o absurdo: ""Essa comparação é uma tentativa de evitar o debate sério. Vamos voltar a discutir os méritos da proposta.""","Falácia da culpa por associação, Transferência de culpa, Nazismo, Lei de Godwin",5,,,
B67,person,Navalha de Hanlon,Nunca atribua à malícia o que pode ser adequadamente explicado pela incompetência.,"Este princípio é um antídoto contra a paranoia. Ele sugere que, ao interpretar as ações negativas de outros, é mais provável que sejam resultado de descuido ou ignorância do que de um plano malévolo.<br><br>Exemplo:<br>Um colega não te entregou um relatório no prazo.<br>• Malícia: ""Ele está me sabotando!""<br>• Navalha de Hanlon: ""Ele provavelmente está sobrecarregado ou se esqueceu.""<br><br>**Munição defensiva:**<br>Presuma a incompetência em vez da malícia. Isso torna as interações mais produtivas.","Princípio da benevolência, Interpretação caridosa, Prevenção de mal-entendidos, Robert J. Hanlon",5,,,
B70,shield,Falácia: Post Hoc Ergo Propter Hoc,"Assumir que, porque B veio depois de A, A deve ter causado B.","Esta falácia confunde correlação com causalidade. O fato de dois eventos ocorrerem em sequência não significa que o primeiro causou o segundo.<br><br>Exemplo:<br>""Eu usei minha camisa da sorte e meu time venceu. Portanto, a camisa causou a vitória.""<br><br>**Munição Defensiva:**<br>Exija a prova do mecanismo causal. Pergunte: ""Qual é o mecanismo exato pelo qual o primeiro evento poderia ter causado o segundo?"" ","Falácia da falsa causa, Cum hoc ergo propter hoc, Correlação espúria, Causalidade",5,,,
B75,person,Efeito Streisand,A tentativa de esconder uma informação acaba por torná-la muito mais conhecida.,"Este efeito descreve o fenômeno onde a tentativa de remover algo da internet acaba por atrair massivamente a atenção para isso. A censura se torna o melhor marketing.<br><br>Exemplo:<br>Uma celebridade tenta apagar uma foto embaraçosa da internet. A notícia da tentativa de censura viraliza, e a foto é vista por milhões.<br><br>**Munição defensiva:**<br>Entenda que, na era digital, a censura é contraproducente. A melhor forma de combater uma má ideia é refutá-la com uma ideia melhor.","Barbra Streisand, Tentativa de supressão, Viralização, Liberdade de informação, Efeito bumerangue",5,,,
B86,sword,Modelo Mental: Emergência,A forma como sistemas complexos surgem de interações simples.,"Emergência descreve o fenômeno onde um sistema complexo e sofisticado emerge a partir da interação de componentes simples, sem que haja um planejador central. O todo se torna muito maior e mais complexo do que a soma de suas partes.<br><br>**Exemplo Clássico:**<br>Uma colônia de formigas. Cada formiga segue regras muito simples, mas a colônia como um todo exibe um comportamento inteligente e coordenado, construindo ninhos complexos e encontrando comida de forma eficiente. Não há uma 'formiga-arquiteta'. A inteligência é emergente.<br><br>**Munição estratégica:**<br>Use este conceito para refutar a arrogância do planejamento central. Muitas das melhores coisas da vida (uma cidade vibrante, uma cultura rica, uma economia próspera) são ordens emergentes, não planejadas. A função de um líder sábio não é controlar o sistema, mas cultivar as condições e as regras simples para que a ordem possa emergir.","Inteligência de enxame, Auto-organização, Comportamento coletivo, Formigas",5,,,
B87,shield,Falácia: do Historiador,Julgar as decisões do passado com o conhecimento do presente.,"Esta é uma forma sutil do Viés da Retrospectiva. Ocorre quando assumimos que os tomadores de decisão do passado viam o mundo com o mesmo conhecimento e perspectiva que temos hoje. Nós julgamos suas escolhas ignorando a 'névoa de guerra' e a incerteza em que eles operavam.<br><br>**Exemplo Clássico:**<br>""Como os líderes de 1913 não viram que a Primeira Guerra Mundial era inevitável?""<br><br>Para nós, em retrospecto, a guerra parece óbvia. Para eles, na época, era apenas uma de muitas possibilidades futuras. A falácia está em assumir que eles sabiam o que nós sabemos.<br><br>**Munição Defensiva:**<br>Exija uma análise contextual. Pergunte: ""Com base apenas na informação que eles tinham naquele momento, a decisão deles era razoável? Quais eram as outras opções que eles consideravam?"" ","Anacronismo, Presentismo, Contextualização histórica, Julgamento do passado",5,,,
B88,person,A Sombra (Carl Jung),A parte de nossa personalidade que reprimimos e negamos.,"Carl Jung descreveu a Sombra como o 'lado escuro' de nossa personalidade: o conjunto de instintos, fraquezas, desejos e emoções que reprimimos por serem inaceitáveis para nossa autoimagem consciente. Quanto mais a negamos, mais poderosa e perigosa ela se torna.<br><br>**Exemplo Clássico:**<br>A pessoa que se vê como extremamente 'boa' e 'pacífica' muitas vezes projeta sua própria agressividade reprimida nos outros, vendo inimigos e maldade em todos os lugares. A Sombra não integrada se manifesta como projeção.<br><br>**Munição estratégica:**<br>O autoconhecimento exige a integração da Sombra. Reconheça e aceite suas próprias capacidades para o mal, a inveja e o ressentimento. Não para agir sobre elas, mas para entendê-las e controlá-las. Um homem que não conhece sua própria escuridão é perigosamente ingênuo.","Arquétipo da sombra, Carl Jung, Inconsciente coletivo, Individuação, Psicologia analítica",5,,,
B89,person,Lei de Gall,Um sistema complexo que funciona evoluiu invariavelmente de um sistema simples que funcionou.,"Esta lei da teoria dos sistemas, formulada por John Gall, afirma que sistemas complexos projetados do zero nunca funcionam. Sistemas complexos bem-sucedidos são sempre o resultado de um processo de evolução a partir de um núcleo simples e funcional.<br><br>**Exemplo Clássico:**<br>A internet não foi projetada em sua forma atual. Ela começou como um sistema simples de comunicação entre algumas universidades (a ARPANET) e evoluiu incrementalmente ao longo de décadas.<br><br>**Munição estratégica:**<br>Use isso contra propostas de 'revolução' e de 'recomeçar do zero'. Se você quer criar algo complexo (uma empresa, uma reforma social), comece com o sistema mais simples possível que funcione e permita que ele evolua e se adapte com o tempo. É a sabedoria do incrementalismo contra a arrogância do planejamento radical.","Design de sistemas, Evolução de software, Começar pequeno, John Gall, Incrementalismo",5,,,
B90,sword,Modelo Mental: A Tragédia dos Comuns,O esgotamento de recursos compartilhados quando os indivíduos agem em seu próprio interesse.,"Garrett Hardin descreveu como um recurso compartilhado, sem dono e de livre acesso (um 'comum', como um pasto público) será inevitavelmente esgotado. Cada pastor, agindo racionalmente, colocará mais uma ovelha para pastar, pois o benefício é individual, mas o custo (a degradação do pasto) é socializado entre todos. O resultado é a ruína para a comunidade.<br><br>**Munição estratégica:**<br>Esta é a refutação mais poderosa da propriedade coletiva e do socialismo. Onde não há propriedade privada, não há incentivo para a conservação de longo prazo. A solução para a 'tragédia' não é mais coletivismo, mas a privatização ou a criação de regras claras de propriedade e uso.","Propriedade privada, Garrett Hardin, Coletivismo, Incentivos, Recurso comum",5,,,
B91,brain,Viés: Efeito Padrão (Default),A tendência de escolher a opção padrão ou pré-selecionada.,"Este é um viés extremamente poderoso. A maioria das pessoas, quando confrontada com uma escolha, tende a manter a opção padrão (o 'default') que lhes é apresentada, pois isso exige menos esforço cognitivo.<br><br>**Exemplo Clássico:**<br>Em países onde a doação de órgãos é o padrão (você é doador a menos que opte por sair), as taxas de doação são superiores a 90%. Em países onde você precisa optar por entrar no programa, as taxas são baixíssimas.<br><br>**Munição estratégica:**<br>Entenda que quem define o padrão, define o resultado. Em qualquer negociação ou projeto, tente ser aquele que propõe a opção padrão. E, como consumidor, esteja ciente de que os padrões são projetados para influenciar sua escolha. Sempre se pergunte: ""Qual é a alternativa ao padrão?"" ","Arquitetura de escolha, Nudge, Richard Thaler, Economia comportamental, Paternalismo libertário",5,,,
B93,person,O Paradoxa de Tocqueville,A insatisfação social aumenta à medida que as condições melhoram.,"Alexis de Tocqueville observou que a Revolução Francesa não aconteceu quando a opressão era máxima, mas quando as condições já estavam melhorando. O paradoxo é que a melhora parcial das condições aumenta a consciência das desigualdades restantes e gera uma expectativa de melhora ainda mais rápida, o que pode levar à revolução.<br><br>**Exemplo Clássico:**<br>Movimentos de protesto radicais que surgem em sociedades prósperas e livres, e não em tiranias brutais.<br><br>**Munição estratégica:**<br>Entenda que o progresso não gera gratidão, mas mais demandas. O sucesso em resolver um problema muitas vezes apenas revela o próximo. Isso explica por que as sociedades mais ricas e igualitárias do mundo são frequentemente as que têm os ativistas mais raivosos e insatisfeitos.","Revolução das expectativas crescentes, Alexis de Tocqueville, Estabilidade social, Frustração relativa",5,,,
B94,sword,Modelo Mental: Entropia (2ª Lei da Termodinâmica),A tendência natural dos sistemas de se moverem da ordem para a desordem.,"Aplicada metaforicamente, a Entropia nos diz que a desordem é o estado padrão do universo. A ordem, a estrutura e a civilização não são naturais; são conquistas frágeis e que exigem um aporte constante de energia e esforço para serem mantidas. Se você parar de cuidar do seu jardim, ele não permanece um jardim; ele volta a ser mato.<br><br>**Munição estratégica:**<br>Este é o princípio fundamental do conservadorismo. A civilização não é um dado, é uma conquista. As instituições (família, lei, tradição) são as barreiras que construímos contra a entropia social. A mentalidade revolucionária, que busca destruir essas barreiras, é uma aliada da entropia e do retorno à barbárie.","Decadência, Ordem social, Conservadorismo, Civilização, Segunda lei da termodinâmica",5,,,
B95,brain,Viés: do Ponto Cego (Bias Blind Spot),A tendência de não reconhecer nossos próprios vieses cognitivos.,"Este é um 'meta-viés'. É a nossa tendência de reconhecer o impacto dos vieses nos julgamentos dos outros, enquanto falhamos em ver o impacto dos vieses nos nossos próprios julgamentos. Em suma, é fácil ver o cisco no olho do outro, mas difícil ver a trave no nosso.<br><br>**Exemplo Clássico:**<br>Um gerente que critica sua equipe por sofrer do 'Viés de Confirmação', mas que ele mesmo só consome informações que confirmam suas próprias estratégias.<br><br>**Munição estratégica:**<br>A única defesa é a humildade intelectual radical e a busca ativa por feedback de pessoas que discordam de você. Crie um 'conselho de adversários' pessoal, pessoas inteligentes e honestas cuja função é apontar seus pontos cegos.","Metaviés, Introspecção, Autoavaliação, Viés cognitivo, Emily Pronin",5,,,
B100,shield,Falácia: da Relevância (Subtipo: Apelo à Inveja),Incitar o ressentimento contra o sucesso alheio para validar uma posição.,"Esta é uma tática central na retórica socialista e populista. Em vez de apresentar um argumento econômico, o demagogo incita a inveja e o ressentimento da audiência contra um grupo ('os ricos', 'os banqueiros', 'a elite') para ganhar apoio para suas políticas.<br><br>**Exemplo Clássico:**<br>""Enquanto você luta para pagar suas contas, os bilionários estão comprando iates e voando em jatos particulares! É hora de fazê-los pagar sua 'parte justa'!""<br><br>O argumento não discute os méritos da política tributária; ele apenas desperta o vício da inveja.<br><br>**Munição Defensiva:**<br>Reenquadre o debate em termos de princípios, não de emoções. Diga: ""A questão não é o que os ricos têm, mas qual é o sistema mais justo e próspero para todos. Vamos discutir os princípios de uma boa política tributária, em vez de focar no ressentimento."" ","Luta de classes, Ressentimento, Igualitarismo, Retórica populista",5,,,
B116,sword,Modelo Mental: Gnose (Voegelin),A crença de que a salvação do mal do mundo pode ser alcançada através de um conhecimento secreto (gnose) e da ação humana revolucionária.,"Eric Voegelin diagnosticou a gnose como a essência das ideologias políticas modernas (comunismo, nazismo, progressismo). O gnóstico acredita que: 1) O mundo é intrinsecamente mau; 2) A salvação é possível dentro da história; 3) Requer um conhecimento especial detido por uma elite; 4) Exige a 'transformação' radical do mundo, eliminando os obstáculos à utopia.<br><br>**Exemplo Clássico:**<br>O marxismo, que oferece uma gnose (o materialismo histórico) que 'explica' todo o mal (a luta de classes) e promete a salvação na Terra (a sociedade comunista), a ser alcançada por uma elite esclarecida (o Partido Comunista).<br><br>**Munição estratégica:**<br>Identifique a estrutura gnóstica em qualquer discurso que prometa o paraíso na Terra através da política. Pergunte: ""Qual é o conhecimento secreto que você alega ter? Quem são os 'eleitos' que irão liderar essa transformação? E quem precisará ser eliminado para que sua utopia seja alcançada?"" ","Gnose, Eric Voegelin, Gnosticismo político, Salvação intramundana, Utopia terrena, Imanentização do escaton",5,,,
B119,shield,Falácia: da Relevância (Ignoratio Elenchi),"Apresentar um argumento que, embora válido, não aborda a questão em debate.","Também conhecida como 'conclusão irrelevante' ou 'arenque vermelho' (red herring), esta é uma falácia de distração. O argumentador muda de assunto para desviar a atenção da questão central. É a arte de responder à pergunta que não foi feita.<br><br>**Exemplo Clássico:**<br>• Debate: ""A pena de morte é um impedimento eficaz?""<br>• Argumento Falacioso: ""Mas e a dor das famílias das vítimas?""<br><br>A dor das famílias é real, mas irrelevante para a questão específica sobre a eficácia dissuasória da pena de morte.<br><br>**Munição Defensiva:**<br>Traga o debate de volta ao ponto central: ""Sua preocupação é legítima, mas não responde à questão. Voltando ao ponto: quais são as evidências sobre a eficácia?"" ","Falácia da relevância, Ignoratio elenchi, Arenque vermelho, Distração, Conclusão irrelevante",5,,,
B127,sword,Modelo Mental: Incomensurabilidade (Kuhn),A impossibilidade de comparar paradigmas rivais usando um padrão neutro.,"Thomas Kuhn argumenta que cientistas em paradigmas diferentes (física de Newton vs. Einstein) vivem em 'mundos diferentes'. Eles usam as mesmas palavras ('massa') com significados distintos, tornando a prova lógica entre os paradigmas quase impossível.<br><br>**Exemplo Clássico:**<br>Tentar provar a um marxista que a propriedade privada é benéfica. Você argumenta com dados sobre prosperidade. Ele responde que a 'prosperidade' é um conceito burguês que mascara a 'exploração'. Vocês operam em paradigmas incomensuráveis.<br><br>**Munição estratégica:**<br>Reconheça quando um debate é inútil. Em vez de argumentar dentro do paradigma do oponente, ataque as premissas fundamentais do paradigma dele.","Incomensurabilidade, Thomas Kuhn, Paradigma científico, A Estrutura das Revoluções Científicas, Relativismo conceitual",5,,,
B136,sword,Modelo Mental: A Cidade de Deus vs. A Cidade dos Homens (Agostinho),A história humana como o drama da luta entre dois amores.,"Em 'A Cidade de Deus', Santo Agostinho apresenta a chave para a interpretação da história. Não se trata de uma luta de classes, mas de uma luta espiritual entre duas cidades místicas, definidas por dois amores: A Cidade dos Homens, fundada no amor de si mesmo até o desprezo de Deus; e a Cidade de Deus, fundada no amor de Deus até o desprezo de si mesmo.<br><br>**Munição estratégica:**<br>Use este modelo para analisar qualquer conflito político ou cultural. Pergunte: ""Qual amor está impulsionando esta ação?"" É o amor egocêntrico pelo poder e pela glória terrena (a Cidade dos Homens)? Ou é o amor ordenado a Deus, que busca a justiça e a paz (a Cidade de Deus)?","A cidade de Deus, A cidade dos homens, Santo Agostinho, Teologia da história, Dois amores, Libido dominandi",5,,,
B137,brain,A Tese de Duhem-Quine,É impossível testar uma hipótese científica isoladamente.,"Esta tese epistemológica destrói a ideia ingênua de 'refutação científica'. Ela argumenta que, quando uma previsão falha, não é a hipótese isolada que é refutada, mas todo o conjunto de teorias e suposições auxiliares que foram usadas. Isso significa que sempre podemos 'salvar' nossa hipótese preferida culpando uma das suposições auxiliares.<br><br>**Munição estratégica:**<br>Use isso para desmascarar a falsa certeza de quem diz ""A ciência provou..."". Pergunte: ""Quais são todas as suposições auxiliares que estão por trás dessa conclusão? E se uma delas estiver errada?"" ","Tese de Duhem-Quine, Epistemologia, Refutação científica, Suposições auxiliares, Holismo confirmacional",5,,,
B145,person,A Hermenêutica da Suspeita (Ricoeur),A prática de interpretar textos e tradições como máscaras para o poder.,"Paul Ricoeur identificou a 'escola da suspeita', composta por Marx, Nietzsche e Freud. A abordagem deles não é a de tentar entender o que um texto diz, mas de 'desmascarar' o que ele esconde (interesses de classe, vontade de poder, desejos reprimidos). É uma hermenêutica que parte da premissa da desonestidade.<br><br>**Munição estratégica:**<br>Reconheça quando seu interlocutor está operando sob a hermenêutica da suspeita. Ele não está interessado no seu argumento, mas em 'diagnosticar' suas motivações ocultas. A única saída é recusar o diagnóstico e insistir em voltar para a análise lógica e factual do argumento em si.","Hermenêutica da suspeita, Paul Ricoeur, Escola da suspeita, Marx, Nietzsche, Freud, Desmascaramento",5,,,
B146,sword,Modelo Mental: Katechon,A força que retém a desordem e o fim dos tempos.,"Este é um conceito teológico-político misterioso, vindo da Segunda Epístola de São Paulo aos Tessalonicenses. O Katechon é aquilo que 'detém' ou 'restringe' a manifestação plena do mal (o 'homem da iniquidade') no mundo. Historicamente, foi associado ao Império Romano, à Igreja ou ao Estado de Direito.<br><br>**Munição estratégica:**<br>Use este conceito para entender a função civilizacional das grandes instituições. A família, a Igreja, o Estado de Direito e a tradição não são estruturas de 'opressão', mas as barreiras (o Katechon) que nos protegem do caos, da anarquia e da manifestação plena da maldade humana. A missão do revolucionário é destruir o Katechon.","Katechon, São Paulo, Teologia política, Fim dos tempos, Homem da iniquidade, Restrição do mal",5,,,
B147,brain,O Problema da Indução (Hume),A impossibilidade de provar logicamente que o futuro será como o passado.,"David Hume apontou um problema fundamental na ciência e no conhecimento empírico. Todas as nossas leis científicas (ex: 'a água ferve a 100°C') são baseadas na indução: generalizamos a partir de observações passadas. Mas como podemos ter certeza lógica de que a milésima primeira observação não será diferente? Não podemos provar que as leis da natureza não mudarão amanhã.<br><br>**Munição estratégica:**<br>Use isso para instilar humildade epistemológica. A ciência não nos dá certezas absolutas, mas crenças racionais altamente prováveis. Isso abre um espaço legítimo para o conhecimento que vem de outras fontes, como a revelação e a fé, que tratam de certezas de outra ordem.","Problema da indução, David Hume, Conhecimento empírico, Ceticismo filosófico, Leis da natureza, Epistemologia",5,,,
B149,person,A Mentalidade Revolucionária vs. Conservadora (Oakeshott),"A política como ""fé e ceticismo"" versus a política como ""arte de governar"".","Michael Oakeshott distinguiu duas disposições políticas:<br>• O Racionalista (o Revolucionário): Acredita que a política é a aplicação de um 'conhecimento técnico' para alcançar um ideal abstrato. Ele despreza a tradição e a experiência prática.<br>• O Cético (o Conservador): Vê a política como a arte prudente de navegar em um mundo complexo e imperfeito. Ele confia na tradição e na experiência acumulada, e desconfia de grandes esquemas de 'salvação'.<br><br>**Munição estratégica:**<br>Use esta distinção para diagnosticar a mentalidade do seu interlocutor. Ele está propondo uma solução baseada em uma teoria abstrata e utópica, ou uma melhoria prudente baseada na experiência do que funciona?","Racionalismo na política, Michael Oakeshott, Mentalidade revolucionária, Mentalidade conservadora, Tradição vs. teoria",5,,,
B150,sword,Modelo Mental: O Drama da Consciência (Solzhenitsyn),A linha que divide o bem e o mal passa pelo coração de cada ser humano.,"Após sua experiência no Gulag, Aleksandr Solzhenitsyn chegou à conclusão mais profunda sobre a natureza do mal: ""A linha que divide o bem e o mal não passa através dos Estados, nem entre as classes, nem entre os partidos políticos – mas através do coração de cada ser humano.""<br><br>**Munição estratégica:**<br>Esta é a refutação definitiva de todas as ideologias que buscam localizar o mal em uma fonte externa (uma classe, uma raça, um sistema). O mal não é um problema sociológico a ser resolvido com uma revolução. É um problema espiritual a ser combatido dentro de cada alma, através da conversão, da graça e da luta pela virtude.","Natureza do mal, Aleksandr Solzhenitsyn, Linha do bem e do mal, Gulag, Consciência humana, Arquipélago Gulag",5,,,
F55,sword,Modelo Mental: O Princípio da Subsidiariedade,Problemas devem ser resolvidos na menor esfera competente.,"Este é um princípio fundamental da Doutrina Social da Igreja (Papa Pio XI, Quadragesimo Anno). Ele afirma que uma estrutura maior (como o Estado) não deve interferir em uma estrutura menor (uma família, uma comunidade local, uma empresa), a menos que seja absolutamente necessário e para ajudá-la a cumprir sua função, não para absorvê-la.<br><br>**Exemplo Clássico:**<br>A educação dos filhos é primariamente responsabilidade dos pais. O Estado pode ajudar (construindo escolas), mas não pode substituir os pais, ditando os valores morais que serão ensinados.<br><br>**Munição estratégica:**<br>Use este princípio para combater o estatismo e a centralização de poder. A solução para os problemas é quase sempre local e de baixo para cima. Pergunte: ""Este problema não poderia ser resolvido de forma mais eficaz pela família, pela igreja local ou por uma associação de bairro, em vez de criar mais uma agência governamental?"" ","Princípio da subsidiariedade, Doutrina Social da Igreja, Papa Pio XI, Quadragesimo Anno, Estatismo, Poder local",5,,,
F57,brain,Viés: Efeito Contraste,Nossa percepção de algo é alterada pela exposição a algo de menor ou maior qualidade logo antes.,"O Viés de Contraste descreve como julgamos as coisas de forma relativa, não absoluta. O valor que atribuímos a algo é fortemente influenciado pelo que vimos logo antes.<br><br>**Exemplo Clássico:**<br>Um corretor de imóveis te mostra primeiro uma casa horrível e superfaturada. Em seguida, ele te mostra uma casa mediana por um preço apenas razoável. Por contraste com a primeira, a segunda casa parecerá uma oportunidade incrível.<br><br>**Munição estratégica:**<br>Avalie cada opção em seus próprios méritos, não em comparação com a que foi apresentada anteriormente. Ao fazer uma escolha importante, limpe sua mente e analise a opção atual como se fosse a primeira que você viu.","Efeito contraste, Viés cognitivo, Julgamento relativo, Ancoragem, Técnica de vendas",5,,,
F58,person,A Lei da Trivialidade de Parkinson,O tempo gasto em qualquer item da agenda será inversamente proporcional à sua importância.,"Esta é a segunda lei de Parkinson. Ela observa que as organizações tendem a gastar tempo e energia desproporcionais em questões triviais e fáceis de entender, enquanto negligenciam as questões complexas e verdadeiramente importantes.<br><br>**Exemplo Clássico:**  (de Parkinson)<br>Um comitê aprova um reator nuclear de 10 milhões de dólares em 5 minutos, porque o assunto é muito complexo para a maioria. Em seguida, eles passam 45 minutos debatendo a compra de um bicicletário de 350 dólares, porque todos têm uma opinião sobre bicicletas.<br><br>**Munição estratégica:**<br>Em qualquer reunião, comece sempre pelos itens mais importantes e difíceis. Não deixe que a discussão de trivialidades consuma o tempo e a energia mental do grupo.","Lei da trivialidade de Parkinson, Bikeshedding, Cyril Northcote Parkinson, Gestão de reuniões, Priorização",5,,,
F59,sword,Modelo Mental: O Dilema do Prisioneiro,"Por que a cooperação é difícil, mesmo quando é a melhor opção.","Na Teoria dos Jogos, o Dilema do Prisioneiro descreve uma situação onde dois indivíduos, agindo em seu próprio autointeresse racional, acabam em um resultado pior do que se tivessem cooperado.<br><br>**Exemplo Clássico:**<br>Dois criminosos presos. Se ambos ficarem em silêncio, pegam 1 ano cada. Se um delata e o outro fica em silêncio, o delator sai livre e o outro pega 10 anos. Se ambos se delatam, pegam 5 anos cada. A lógica individual leva ambos a delatar, resultando em 5 anos para cada, quando poderiam ter pego apenas 1.<br><br>**Munição estratégica:**<br>Este modelo mostra a importância da confiança e dos jogos repetidos. Em uma única interação, a traição pode compensar. Em um relacionamento de longo prazo (negócios, amizade), construir uma reputação de cooperação é a estratégia mais racional e vencedora.","Dilema do prisioneiro, Teoria dos jogos, Cooperação vs. traição, Equilíbrio de Nash, Confiança",5,,,
F60,shield,Falácia: da Bola de Neve (Ladeira Escorregadia),Argumentar que um pequeno primeiro passo levará inevitavelmente a uma cadeia de eventos negativos.,"Esta falácia afirma que se permitirmos que o evento A aconteça, então o evento Z (algo terrível) inevitavelmente acontecerá. O erro está em assumir que a cadeia de eventos é inevitável, sem provar cada elo da corrente.<br><br>**Exemplo Clássico:**<br>""Se permitirmos o casamento gay, logo as pessoas vão querer se casar com animais!""<br><br>O argumento salta para a pior consequência possível sem justificar os passos intermediários.<br><br>**Munição Defensiva:**<br>Foque no argumento presente. Diga: ""Vamos debater os méritos desta política específica. Sua previsão sobre o futuro é uma especulação. Temos alguma evidência de que os passos intermediários que você mencionou realmente acontecerão?"" ","Ladeira escorregadia, Falácia da bola de neve, Slippery slope, Cadeia causal, Consequencialismo exagerado",5,,,
F66,person,A Lei de Ferro da Oligarquia (Michels),"Toda organização, não importa quão democrática, inevitavelmente se desenvolve em uma oligarquia.","Robert Michels formulou esta lei pessimista, mas realista. Ele argumenta que a própria natureza de uma organização complexa exige uma liderança especializada. Com o tempo, essa liderança se torna uma elite (oligarquia) com seus próprios interesses, que se perpetua no poder.<br><br>**Munição estratégica:**<br>Use esta lei para desmascarar a hipocrisia de movimentos que prometem o 'fim das elites'. A questão não é se haverá uma elite, mas qual elite teremos: uma que seja competente e virtuosa, ou uma que seja corrupta e entrincheirada.","Lei de ferro da oligarquia, Robert Michels, Elitismo, Burocracia, Organização política",5,,,
F78,person,Paradoxo de Sorites,A dificuldade de definir limites precisos para conceitos vagos.,"Este paradoxo grego antigo usa o exemplo de um monte de areia. Se você remover um grão, ele continua sendo um monte. Se remover outro, também. Em que ponto exato ele deixa de ser um 'monte'? O paradoxo mostra que conceitos vagos não têm fronteiras nítidas.<br><br>Exemplo Moderno:<br>A discussão sobre quando a vida começa. Um zigoto é vida? E um embrião? E um feto? Ativistas usam a vagueza para justificar o aborto. A biologia, no entanto, mostra que a vida humana começa na concepção.<br><br>**Munição estratégica:**<br>Quando um debate se baseia em um conceito vago, exija uma definição operacional clara. ""Ok, estamos discutindo 'riqueza'. Para o propósito deste debate, como exatamente estamos definindo uma pessoa 'rica'?"" Isso força a clareza e expõe a manipulação.","Paradoxo de sorites, Conceitos vagos, Lógica fuzzy, Definição operacional",5,,,